{
  "type": "FeatureCollection",
  "features": [
    {
      "type": "Feature",
      "geometry": {
        "type": "Point",
        "coordinates": [
          142.77354844,
          -37.05925865
        ]
      },
      "properties": {
        "average_wait_time": 335.91363525390625,
        "color": "#e74c3c",
        "connectivity_score": 21.77142906188965,
        "coverage_score": 40.0,
        "frequency_score": 10.5,
        "id": "5-17803",
        "mode_id": 5,
        "mode_name": "Regional Coach",
        "name": "Stawell Station/Napier St ",
        "nearby_stops": [],
        "reliability_score": 14.285715103149414,
        "route_ids": [
          "aus:vic:vic-05-V37:",
          "aus:vic:vic-05-V38:",
          "aus:vic:vic-05-V02:",
          "aus:vic:vic-05-V24:"
        ]
      }
    },
    {
      "type": "Feature",
      "geometry": {
        "type": "Point",
        "coordinates": [
          143.56168776,
          -37.68786073
        ]
      },
      "properties": {
        "average_wait_time": 345.98333740234375,
        "color": "#e74c3c",
        "connectivity_score": 18.371429443359375,
        "coverage_score": 20.0,
        "frequency_score": 19.5,
        "id": "5-17769",
        "mode_id": 5,
        "mode_name": "Regional Coach",
        "name": "General Store/Glenelg Hwy",
        "nearby_stops": [
          {
            "distance": 33.90997782154735,
            "id": "5-17770",
            "mode_name": "Regional Coach",
            "name": "General Store/Glenelg Hwy"
          }
        ],
        "reliability_score": 14.285715103149414,
        "route_ids": [
          "aus:vic:vic-05-V29:",
          "aus:vic:vic-05-V06:"
        ]
      }
    },
    {
      "type": "Feature",
      "geometry": {
        "type": "Point",
        "coordinates": [
          146.3940618,
          -36.01027622
        ]
      },
      "properties": {
        "average_wait_time": 364.75,
        "color": "#e74c3c",
        "connectivity_score": 14.771429061889648,
        "coverage_score": 20.0,
        "frequency_score": 10.5,
        "id": "5-17247",
        "mode_id": 5,
        "mode_name": "Regional Coach",
        "name": "Blanche St/Foord St",
        "nearby_stops": [
          {
            "distance": 20.964798233799147,
            "id": "5-17248",
            "mode_name": "Regional Coach",
            "name": "Blanche St/Foord St"
          }
        ],
        "reliability_score": 14.285715103149414,
        "route_ids": [
          "aus:vic:vic-05-V17:",
          "aus:vic:vic-05-V31:"
        ]
      }
    },
    {
      "type": "Feature",
      "geometry": {
        "type": "Point",
        "coordinates": [
          145.00541976,
          -37.4163481
        ]
      },
      "properties": {
        "average_wait_time": 999.0000610351562,
        "color": "#e74c3c",
        "connectivity_score": 7.0714287757873535,
        "coverage_score": 10.0,
        "frequency_score": 0.0,
        "id": "5-48838",
        "mode_id": 5,
        "mode_name": "Regional Coach",
        "name": "Wallan Station/Station St ",
        "nearby_stops": [],
        "reliability_score": 14.285715103149414,
        "route_ids": [
          "aus:vic:vic-05-SER:"
        ]
      }
    },
    {
      "type": "Feature",
      "geometry": {
        "type": "Point",
        "coordinates": [
          143.66934359,
          -36.00917213
        ]
      },
      "properties": {
        "average_wait_time": 999.0000610351562,
        "color": "#e74c3c",
        "connectivity_score": 7.0714287757873535,
        "coverage_score": 10.0,
        "frequency_score": 0.0,
        "id": "5-16935",
        "mode_id": 5,
        "mode_name": "Regional Coach",
        "name": "Barraport East Rd/Boort - Quambatook Rd",
        "nearby_stops": [
          {
            "distance": 24.02487366872674,
            "id": "5-16934",
            "mode_name": "Regional Coach",
            "name": "Barraport East Rd/Boort - Quambatook Rd"
          }
        ],
        "reliability_score": 14.285715103149414,
        "route_ids": [
          "aus:vic:vic-05-SWL:"
        ]
      }
    },
    {
      "type": "Feature",
      "geometry": {
        "type": "Point",
        "coordinates": [
          147.62739519,
          -37.82840614
        ]
      },
      "properties": {
        "average_wait_time": 328.44000244140625,
        "color": "#e74c3c",
        "connectivity_score": 24.171428680419922,
        "coverage_score": 40.0,
        "frequency_score": 16.5,
        "id": "5-37915",
        "mode_id": 5,
        "mode_name": "Regional Coach",
        "name": "Bairnsdale Railway Station/MacLeod St",
        "nearby_stops": [
          {
            "distance": 6.136997669818639,
            "id": "5-16309",
            "mode_name": "Regional Coach",
            "name": "Bairnsdale Railway Station/Macleod St "
          },
          {
            "distance": 12.598632466896607,
            "id": "5-46442",
            "mode_name": "Regional Coach",
            "name": "Bairnsdale Railway Station/MacLeod St"
          }
        ],
        "reliability_score": 14.285715103149414,
        "route_ids": [
          "aus:vic:vic-05-pay:"
        ]
      }
    },
    {
      "type": "Feature",
      "geometry": {
        "type": "Point",
        "coordinates": [
          145.28902368,
          -37.34419469
        ]
      },
      "properties": {
        "average_wait_time": 725.4000244140625,
        "color": "#e74c3c",
        "connectivity_score": 9.471428871154785,
        "coverage_score": 10.0,
        "frequency_score": 6.0,
        "id": "5-17588",
        "mode_id": 5,
        "mode_name": "Regional Coach",
        "name": "Hazeldene Bridge/Whittlesea-Yea Rd",
        "nearby_stops": [
          {
            "distance": 23.96739929977968,
            "id": "5-17587",
            "mode_name": "Regional Coach",
            "name": "Hazeldene Bridge/Whittlesea-Yea Rd"
          }
        ],
        "reliability_score": 14.285715103149414,
        "route_ids": [
          "aus:vic:vic-05-V28:"
        ]
      }
    },
    {
      "type": "Feature",
      "geometry": {
        "type": "Point",
        "coordinates": [
          142.46998138,
          -36.62033157
        ]
      },
      "properties": {
        "average_wait_time": 648.0999755859375,
        "color": "#e74c3c",
        "connectivity_score": 16.47142791748047,
        "coverage_score": 30.0,
        "frequency_score": 6.0,
        "id": "5-48039",
        "mode_id": 5,
        "mode_name": "Regional Coach",
        "name": "McDonald St/Marma St",
        "nearby_stops": [
          {
            "distance": 36.42769152334587,
            "id": "5-17809",
            "mode_name": "Regional Coach",
            "name": "McDonald St/Marma St"
          }
        ],
        "reliability_score": 14.285715103149414,
        "route_ids": [
          "aus:vic:vic-05-V03:",
          "aus:vic:vic-05-V37:"
        ]
      }
    },
    {
      "type": "Feature",
      "geometry": {
        "type": "Point",
        "coordinates": [
          145.89447576,
          -36.33106879
        ]
      },
      "properties": {
        "average_wait_time": 632.4000244140625,
        "color": "#e74c3c",
        "connectivity_score": 9.471428871154785,
        "coverage_score": 10.0,
        "frequency_score": 6.0,
        "id": "5-17238",
        "mode_id": 5,
        "mode_name": "Regional Coach",
        "name": "Town Hall/Devenish Rd",
        "nearby_stops": [
          {
            "distance": 20.276799029140825,
            "id": "5-17239",
            "mode_name": "Regional Coach",
            "name": "Town Hall/Devenish Rd"
          }
        ],
        "reliability_score": 14.285715103149414,
        "route_ids": [
          "aus:vic:vic-05-V36:"
        ]
      }
    },
    {
      "type": "Feature",
      "geometry": {
        "type": "Point",
        "coordinates": [
          142.85482246,
          -37.15193944
        ]
      },
      "properties": {
        "average_wait_time": 360.0,
        "color": "#e74c3c",
        "connectivity_score": 18.27142906188965,
        "coverage_score": 30.0,
        "frequency_score": 10.5,
        "id": "5-17802",
        "mode_id": 5,
        "mode_name": "Regional Coach",
        "name": "Cubitt St/Western Hwy",
        "nearby_stops": [
          {
            "distance": 159.98807166212953,
            "id": "5-17801",
            "mode_name": "Regional Coach",
            "name": "Cuibitt St/Western Hwy"
          }
        ],
        "reliability_score": 14.285715103149414,
        "route_ids": [
          "aus:vic:vic-05-V38:",
          "aus:vic:vic-05-V37:"
        ]
      }
    },
    {
      "type": "Feature",
      "geometry": {
        "type": "Point",
        "coordinates": [
          142.18757333,
          -34.30723305
        ]
      },
      "properties": {
        "average_wait_time": 999.0000610351562,
        "color": "#e74c3c",
        "connectivity_score": 7.0714287757873535,
        "coverage_score": 10.0,
        "frequency_score": 0.0,
        "id": "5-17973",
        "mode_id": 5,
        "mode_name": "Regional Coach",
        "name": "Red Cliffs Post Office/Indi Ave ",
        "nearby_stops": [],
        "reliability_score": 14.285715103149414,
        "route_ids": [
          "aus:vic:vic-05-V34:"
        ]
      }
    },
    {
      "type": "Feature",
      "geometry": {
        "type": "Point",
        "coordinates": [
          144.98258788,
          -36.44571461
        ]
      },
      "properties": {
        "average_wait_time": 652.0,
        "color": "#e74c3c",
        "connectivity_score": 12.971427917480469,
        "coverage_score": 20.0,
        "frequency_score": 6.0,
        "id": "5-15139",
        "mode_id": 5,
        "mode_name": "Regional Coach",
        "name": "Birdwood Ave/Brundenell St",
        "nearby_stops": [
          {
            "distance": 31.566196510290446,
            "id": "5-15140",
            "mode_name": "Regional Coach",
            "name": "Birdwood Ave/Brundenell St"
          }
        ],
        "reliability_score": 14.285715103149414,
        "route_ids": [
          "aus:vic:vic-05-V07:",
          "aus:vic:vic-05-V11:"
        ]
      }
    },
    {
      "type": "Feature",
      "geometry": {
        "type": "Point",
        "coordinates": [
          146.31717251,
          -36.3550656
        ]
      },
      "properties": {
        "average_wait_time": 318.07843017578125,
        "color": "#e74c3c",
        "connectivity_score": 27.671428680419922,
        "coverage_score": 50.0,
        "frequency_score": 16.5,
        "id": "5-17253",
        "mode_id": 5,
        "mode_name": "Regional Coach",
        "name": "Wangaratta Station/Norton St ",
        "nearby_stops": [],
        "reliability_score": 14.285715103149414,
        "route_ids": [
          "aus:vic:vic-05-V17:",
          "aus:vic:vic-05-ABY:",
          "aus:vic:vic-05-mtb:",
          "aus:vic:vic-05-V11:",
          "aus:vic:vic-05-V47:"
        ]
      }
    },
    {
      "type": "Feature",
      "geometry": {
        "type": "Point",
        "coordinates": [
          143.8017744,
          -35.60801676
        ]
      },
      "properties": {
        "average_wait_time": 625.300048828125,
        "color": "#e74c3c",
        "connectivity_score": 12.971427917480469,
        "coverage_score": 20.0,
        "frequency_score": 6.0,
        "id": "5-16956",
        "mode_id": 5,
        "mode_name": "Regional Coach",
        "name": "Service Station/Murray Valley Hwy",
        "nearby_stops": [],
        "reliability_score": 14.285715103149414,
        "route_ids": [
          "aus:vic:vic-05-V47:",
          "aus:vic:vic-05-V35:"
        ]
      }
    },
    {
      "type": "Feature",
      "geometry": {
        "type": "Point",
        "coordinates": [
          145.43172689,
          -36.15389425
        ]
      },
      "properties": {
        "average_wait_time": 623.0,
        "color": "#e74c3c",
        "connectivity_score": 12.971427917480469,
        "coverage_score": 20.0,
        "frequency_score": 6.0,
        "id": "5-17578",
        "mode_id": 5,
        "mode_name": "Regional Coach",
        "name": "Walter St/Goulburn Valley Hwy",
        "nearby_stops": [
          {
            "distance": 19.076653923407516,
            "id": "5-17577",
            "mode_name": "Regional Coach",
            "name": "Walter St/Goulburn Valley Hwy"
          }
        ],
        "reliability_score": 14.285715103149414,
        "route_ids": [
          "aus:vic:vic-05-V31:",
          "aus:vic:vic-05-V41:"
        ]
      }
    },
    {
      "type": "Feature",
      "geometry": {
        "type": "Point",
        "coordinates": [
          143.61881993,
          -35.96958605
        ]
      },
      "properties": {
        "average_wait_time": 999.0000610351562,
        "color": "#e74c3c",
        "connectivity_score": 7.0714287757873535,
        "coverage_score": 10.0,
        "frequency_score": 0.0,
        "id": "5-20891",
        "mode_id": 5,
        "mode_name": "Regional Coach",
        "name": "Township/Boort - Quambatook Rd",
        "nearby_stops": [
          {
            "distance": 7.452551324431426,
            "id": "5-16939",
            "mode_name": "Regional Coach",
            "name": "Township/Boort - Quambatook Rd"
          }
        ],
        "reliability_score": 14.285715103149414,
        "route_ids": [
          "aus:vic:vic-05-SWL:"
        ]
      }
    },
    {
      "type": "Feature",
      "geometry": {
        "type": "Point",
        "coordinates": [
          146.32475507,
          -36.35334171
        ]
      },
      "properties": {
        "average_wait_time": 324.7961120605469,
        "color": "#e74c3c",
        "connectivity_score": 20.671428680419922,
        "coverage_score": 30.0,
        "frequency_score": 16.5,
        "id": "5-37583",
        "mode_id": 5,
        "mode_name": "Regional Coach",
        "name": "Wangaratta Coach Stop/Rowan St ",
        "nearby_stops": [
          {
            "distance": 25.0241765834611,
            "id": "5-37621",
            "mode_name": "Regional Coach",
            "name": "Ovens St/Rowan St"
          }
        ],
        "reliability_score": 14.285715103149414,
        "route_ids": [
          "aus:vic:vic-05-mtb:",
          "aus:vic:vic-05-V17:"
        ]
      }
    },
    {
      "type": "Feature",
      "geometry": {
        "type": "Point",
        "coordinates": [
          143.67538986,
          -38.74171599
        ]
      },
      "properties": {
        "average_wait_time": 339.6000061035156,
        "color": "#e74c3c",
        "connectivity_score": 13.071428298950195,
        "coverage_score": 10.0,
        "frequency_score": 15.0,
        "id": "5-17718",
        "mode_id": 5,
        "mode_name": "Regional Coach",
        "name": "Pisces Holiday Park/Great Ocean Rd",
        "nearby_stops": [
          {
            "distance": 7.467221134959257,
            "id": "5-17719",
            "mode_name": "Regional Coach",
            "name": "Pisces Holiday Park/Great Ocean Rd"
          }
        ],
        "reliability_score": 14.285715103149414,
        "route_ids": [
          "aus:vic:vic-05-V50:"
        ]
      }
    },
    {
      "type": "Feature",
      "geometry": {
        "type": "Point",
        "coordinates": [
          146.43679393,
          -38.66545237
        ]
      },
      "properties": {
        "average_wait_time": 635.4000244140625,
        "color": "#e74c3c",
        "connectivity_score": 9.471428871154785,
        "coverage_score": 10.0,
        "frequency_score": 6.0,
        "id": "5-17361",
        "mode_id": 5,
        "mode_name": "Regional Coach",
        "name": "Post Office/South Gippsland Hwy",
        "nearby_stops": [
          {
            "distance": 25.562561236284328,
            "id": "5-17362",
            "mode_name": "Regional Coach",
            "name": "Post Office/South Gippsland Hwy"
          }
        ],
        "reliability_score": 14.285715103149414,
        "route_ids": [
          "aus:vic:vic-05-V52:"
        ]
      }
    },
    {
      "type": "Feature",
      "geometry": {
        "type": "Point",
        "coordinates": [
          143.84793685,
          -37.55903378
        ]
      },
      "properties": {
        "average_wait_time": 414.0000305175781,
        "color": "#e74c3c",
        "connectivity_score": 14.771429061889648,
        "coverage_score": 20.0,
        "frequency_score": 10.5,
        "id": "5-49915",
        "mode_id": 5,
        "mode_name": "Regional Coach",
        "name": "Ballarat Base Hospital/Sturt St",
        "nearby_stops": [
          {
            "distance": 93.43678547961791,
            "id": "5-49917",
            "mode_name": "Regional Coach",
            "name": "Ballarat Base Hospital/Sturt St"
          },
          {
            "distance": 180.1664400633209,
            "id": "5-35029",
            "mode_name": "Regional Coach",
            "name": "Ballarat Base Hospital/Sturt St"
          },
          {
            "distance": 224.65954698058272,
            "id": "5-35120",
            "mode_name": "Regional Coach",
            "name": "Ballarat Base Hospital/Sturt St"
          }
        ],
        "reliability_score": 14.285715103149414,
        "route_ids": [
          "aus:vic:vic-05-V06:"
        ]
      }
    },
    {
      "type": "Feature",
      "geometry": {
        "type": "Point",
        "coordinates": [
          146.72508035,
          -36.56164337
        ]
      },
      "properties": {
        "average_wait_time": 633.1500244140625,
        "color": "#e74c3c",
        "connectivity_score": 9.471428871154785,
        "coverage_score": 10.0,
        "frequency_score": 6.0,
        "id": "5-18687",
        "mode_id": 5,
        "mode_name": "Regional Coach",
        "name": "Post Office/Myrtle St",
        "nearby_stops": [
          {
            "distance": 40.935356147337124,
            "id": "5-18686",
            "mode_name": "Regional Coach",
            "name": "Post Office/Myrtle St"
          }
        ],
        "reliability_score": 14.285715103149414,
        "route_ids": [
          "aus:vic:vic-05-mtb:"
        ]
      }
    },
    {
      "type": "Feature",
      "geometry": {
        "type": "Point",
        "coordinates": [
          142.88196766,
          -35.05466979
        ]
      },
      "properties": {
        "average_wait_time": 406.9000244140625,
        "color": "#e74c3c",
        "connectivity_score": 14.771429061889648,
        "coverage_score": 20.0,
        "frequency_score": 10.5,
        "id": "5-17127",
        "mode_id": 5,
        "mode_name": "Regional Coach",
        "name": "Robinvale - Sea Lake Rd/Mallee Hwy",
        "nearby_stops": [
          {
            "distance": 59.965258946162564,
            "id": "5-17126",
            "mode_name": "Regional Coach",
            "name": "Robinvale - Sea Lake Rd/Mallee Hwy"
          }
        ],
        "reliability_score": 14.285715103149414,
        "route_ids": [
          "aus:vic:vic-05-V35:",
          "aus:vic:vic-05-V47:"
        ]
      }
    },
    {
      "type": "Feature",
      "geometry": {
        "type": "Point",
        "coordinates": [
          145.58839603,
          -38.60485287
        ]
      },
      "properties": {
        "average_wait_time": 410.86669921875,
        "color": "#e74c3c",
        "connectivity_score": 11.271429061889648,
        "coverage_score": 10.0,
        "frequency_score": 10.5,
        "id": "5-37964",
        "mode_id": 5,
        "mode_name": "Regional Coach",
        "name": "Wonthaggi Bus Interchange/Biggs Dr",
        "nearby_stops": [],
        "reliability_score": 14.285715103149414,
        "route_ids": [
          "aus:vic:vic-05-V15:"
        ]
      }
    },
    {
      "type": "Feature",
      "geometry": {
        "type": "Point",
        "coordinates": [
          146.20016949,
          -38.65221425
        ]
      },
      "properties": {
        "average_wait_time": 623.47998046875,
        "color": "#e74c3c",
        "connectivity_score": 9.471428871154785,
        "coverage_score": 10.0,
        "frequency_score": 6.0,
        "id": "5-17358",
        "mode_id": 5,
        "mode_name": "Regional Coach",
        "name": "Pulhams Store/Main St",
        "nearby_stops": [],
        "reliability_score": 14.285715103149414,
        "route_ids": [
          "aus:vic:vic-05-V52:"
        ]
      }
    },
    {
      "type": "Feature",
      "geometry": {
        "type": "Point",
        "coordinates": [
          142.36467082,
          -35.72697013
        ]
      },
      "properties": {
        "average_wait_time": 999.0000610351562,
        "color": "#e74c3c",
        "connectivity_score": 7.0714287757873535,
        "coverage_score": 10.0,
        "frequency_score": 0.0,
        "id": "5-17826",
        "mode_id": 5,
        "mode_name": "Regional Coach",
        "name": "Austin St/Henty Hwy",
        "nearby_stops": [
          {
            "distance": 54.487102428332655,
            "id": "5-17825",
            "mode_name": "Regional Coach",
            "name": "Austin St/Henty Hwy"
          }
        ],
        "reliability_score": 14.285715103149414,
        "route_ids": [
          "aus:vic:vic-05-V38:"
        ]
      }
    },
    {
      "type": "Feature",
      "geometry": {
        "type": "Point",
        "coordinates": [
          144.30589535,
          -38.33880864
        ]
      },
      "properties": {
        "average_wait_time": 351.52001953125,
        "color": "#e74c3c",
        "connectivity_score": 31.457143783569336,
        "coverage_score": 20.0,
        "frequency_score": 16.5,
        "id": "5-17689",
        "mode_id": 5,
        "mode_name": "Regional Coach",
        "name": "Ocean View Cres/Great Ocean Rd",
        "nearby_stops": [
          {
            "distance": 66.88393765490746,
            "id": "5-30952",
            "mode_name": "Regional Coach",
            "name": "Ocean View Cres/Great Ocean Rd"
          }
        ],
        "reliability_score": 71.42857360839844,
        "route_ids": [
          "aus:vic:vic-05-GVL:",
          "aus:vic:vic-05-V50:"
        ]
      }
    },
    {
      "type": "Feature",
      "geometry": {
        "type": "Point",
        "coordinates": [
          143.97344784,
          -37.69431215
        ]
      },
      "properties": {
        "average_wait_time": 637.4666748046875,
        "color": "#e74c3c",
        "connectivity_score": 12.971427917480469,
        "coverage_score": 20.0,
        "frequency_score": 6.0,
        "id": "5-6577",
        "mode_id": 5,
        "mode_name": "Regional Coach",
        "name": "Clarendon-Lal Lal Rd/Midland Hwy",
        "nearby_stops": [
          {
            "distance": 16.66734060493812,
            "id": "5-6552",
            "mode_name": "Regional Coach",
            "name": "Clarendon-Lal Lal Rd/Midland Hwy"
          }
        ],
        "reliability_score": 14.285715103149414,
        "route_ids": [
          "aus:vic:vic-05-V22:",
          "aus:vic:vic-05-V02:"
        ]
      }
    },
    {
      "type": "Feature",
      "geometry": {
        "type": "Point",
        "coordinates": [
          142.76344778,
          -37.06363568
        ]
      },
      "properties": {
        "average_wait_time": 999.0000610351562,
        "color": "#e74c3c",
        "connectivity_score": 7.0714287757873535,
        "coverage_score": 10.0,
        "frequency_score": 0.0,
        "id": "5-17804",
        "mode_id": 5,
        "mode_name": "Regional Coach",
        "name": "Former Pleasant Creek Courthouse/Western Hwy",
        "nearby_stops": [],
        "reliability_score": 14.285715103149414,
        "route_ids": [
          "aus:vic:vic-05-V24:"
        ]
      }
    },
    {
      "type": "Feature",
      "geometry": {
        "type": "Point",
        "coordinates": [
          143.63653004,
          -35.46381552
        ]
      },
      "properties": {
        "average_wait_time": 625.2000122070312,
        "color": "#e74c3c",
        "connectivity_score": 12.971427917480469,
        "coverage_score": 20.0,
        "frequency_score": 6.0,
        "id": "5-16957",
        "mode_id": 5,
        "mode_name": "Regional Coach",
        "name": "Murray Valley Hwy",
        "nearby_stops": [
          {
            "distance": 28.878645072547567,
            "id": "5-16958",
            "mode_name": "Regional Coach",
            "name": "Murray Valley Hwy"
          }
        ],
        "reliability_score": 14.285715103149414,
        "route_ids": [
          "aus:vic:vic-05-V35:",
          "aus:vic:vic-05-V47:"
        ]
      }
    },
    {
      "type": "Feature",
      "geometry": {
        "type": "Point",
        "coordinates": [
          143.75226955,
          -37.04860235
        ]
      },
      "properties": {
        "average_wait_time": 632.2000122070312,
        "color": "#e74c3c",
        "connectivity_score": 9.471428871154785,
        "coverage_score": 10.0,
        "frequency_score": 6.0,
        "id": "5-46076",
        "mode_id": 5,
        "mode_name": "Regional Coach",
        "name": "Sutton Rd",
        "nearby_stops": [
          {
            "distance": 60.76495940869289,
            "id": "5-42320",
            "mode_name": "Regional Coach",
            "name": "Sutton Rd"
          }
        ],
        "reliability_score": 14.285715103149414,
        "route_ids": [
          "aus:vic:vic-05-V27:"
        ]
      }
    },
    {
      "type": "Feature",
      "geometry": {
        "type": "Point",
        "coordinates": [
          144.23420836,
          -38.07692713
        ]
      },
      "properties": {
        "average_wait_time": 388.85003662109375,
        "color": "#e74c3c",
        "connectivity_score": 14.771429061889648,
        "coverage_score": 20.0,
        "frequency_score": 10.5,
        "id": "5-3288",
        "mode_id": 5,
        "mode_name": "Regional Coach",
        "name": "Ryan Rd/Midland Hwy",
        "nearby_stops": [
          {
            "distance": 7.639326203359269,
            "id": "5-3753",
            "mode_name": "Regional Coach",
            "name": "Ryan Rd/Midland Hwy"
          }
        ],
        "reliability_score": 14.285715103149414,
        "route_ids": [
          "aus:vic:vic-05-V02:",
          "aus:vic:vic-05-V22:"
        ]
      }
    },
    {
      "type": "Feature",
      "geometry": {
        "type": "Point",
        "coordinates": [
          142.06725382,
          -38.31634446
        ]
      },
      "properties": {
        "average_wait_time": 402.9000244140625,
        "color": "#e74c3c",
        "connectivity_score": 11.271429061889648,
        "coverage_score": 10.0,
        "frequency_score": 10.5,
        "id": "5-17740",
        "mode_id": 5,
        "mode_name": "Regional Coach",
        "name": "Annesley St",
        "nearby_stops": [
          {
            "distance": 69.05243865288296,
            "id": "5-44823",
            "mode_name": "Regional Coach",
            "name": "Annesley St"
          }
        ],
        "reliability_score": 14.285715103149414,
        "route_ids": [
          "aus:vic:vic-05-V30:"
        ]
      }
    },
    {
      "type": "Feature",
      "geometry": {
        "type": "Point",
        "coordinates": [
          142.20051873,
          -36.71419125
        ]
      },
      "properties": {
        "average_wait_time": 612.1636962890625,
        "color": "#e74c3c",
        "connectivity_score": 16.47142791748047,
        "coverage_score": 30.0,
        "frequency_score": 6.0,
        "id": "5-17827",
        "mode_id": 5,
        "mode_name": "Regional Coach",
        "name": "Coach Terminal/24 Roberts Ave",
        "nearby_stops": [],
        "reliability_score": 14.285715103149414,
        "route_ids": [
          "aus:vic:vic-05-V02:",
          "aus:vic:vic-05-V37:",
          "aus:vic:vic-05-V03:"
        ]
      }
    },
    {
      "type": "Feature",
      "geometry": {
        "type": "Point",
        "coordinates": [
          143.34373396,
          -37.95385157
        ]
      },
      "properties": {
        "average_wait_time": 999.0000610351562,
        "color": "#e74c3c",
        "connectivity_score": 7.0714287757873535,
        "coverage_score": 10.0,
        "frequency_score": 0.0,
        "id": "5-612",
        "mode_id": 5,
        "mode_name": "Regional Coach",
        "name": "Newsagency/Hamilton Hwy",
        "nearby_stops": [],
        "reliability_score": 14.285715103149414,
        "route_ids": [
          "aus:vic:vic-05-V06:"
        ]
      }
    },
    {
      "type": "Feature",
      "geometry": {
        "type": "Point",
        "coordinates": [
          145.52211299,
          -38.41736256
        ]
      },
      "properties": {
        "average_wait_time": 336.5875244140625,
        "color": "#e74c3c",
        "connectivity_score": 11.271429061889648,
        "coverage_score": 10.0,
        "frequency_score": 10.5,
        "id": "5-44130",
        "mode_id": 5,
        "mode_name": "Regional Coach",
        "name": "Stanley Rd/Bass Hwy",
        "nearby_stops": [
          {
            "distance": 125.37627679342305,
            "id": "5-44135",
            "mode_name": "Regional Coach",
            "name": "Stanley Rd/Bass Hwy"
          }
        ],
        "reliability_score": 14.285715103149414,
        "route_ids": [
          "aus:vic:vic-05-V15:"
        ]
      }
    },
    {
      "type": "Feature",
      "geometry": {
        "type": "Point",
        "coordinates": [
          139.27535503,
          -35.12035289
        ]
      },
      "properties": {
        "average_wait_time": 477.95001220703125,
        "color": "#e74c3c",
        "connectivity_score": 14.771429061889648,
        "coverage_score": 20.0,
        "frequency_score": 10.5,
        "id": "5-20812",
        "mode_id": 5,
        "mode_name": "Regional Coach",
        "name": "Information Centre/South Tce",
        "nearby_stops": [],
        "reliability_score": 14.285715103149414,
        "route_ids": [
          "aus:vic:vic-05-V03:",
          "aus:vic:vic-05-V47:"
        ]
      }
    },
    {
      "type": "Feature",
      "geometry": {
        "type": "Point",
        "coordinates": [
          144.05500896,
          -37.11243384
        ]
      },
      "properties": {
        "average_wait_time": 626.4000244140625,
        "color": "#e74c3c",
        "connectivity_score": 9.471428871154785,
        "coverage_score": 10.0,
        "frequency_score": 6.0,
        "id": "5-46417",
        "mode_id": 5,
        "mode_name": "Regional Coach",
        "name": "Railway Hotel/Creswick - Newstead Rd",
        "nearby_stops": [
          {
            "distance": 10.629020885662975,
            "id": "5-40745",
            "mode_name": "Regional Coach",
            "name": "Railway Hotel/Creswick - Newstead Rd"
          }
        ],
        "reliability_score": 14.285715103149414,
        "route_ids": [
          "aus:vic:vic-05-V32:"
        ]
      }
    },
    {
      "type": "Feature",
      "geometry": {
        "type": "Point",
        "coordinates": [
          147.95722253,
          -37.868854
        ]
      },
      "properties": {
        "average_wait_time": 344.260009765625,
        "color": "#e74c3c",
        "connectivity_score": 11.271429061889648,
        "coverage_score": 10.0,
        "frequency_score": 10.5,
        "id": "5-16390",
        "mode_id": 5,
        "mode_name": "Regional Coach",
        "name": "Hunters Lane/Princes Hwy",
        "nearby_stops": [
          {
            "distance": 141.91762202061534,
            "id": "5-16516",
            "mode_name": "Regional Coach",
            "name": "Hunters Lane/Princes Hwy"
          }
        ],
        "reliability_score": 14.285715103149414,
        "route_ids": [
          "aus:vic:vic-05-V25:"
        ]
      }
    },
    {
      "type": "Feature",
      "geometry": {
        "type": "Point",
        "coordinates": [
          141.40284567,
          -37.58590352
        ]
      },
      "properties": {
        "average_wait_time": 639.3333740234375,
        "color": "#e74c3c",
        "connectivity_score": 12.971427917480469,
        "coverage_score": 20.0,
        "frequency_score": 6.0,
        "id": "5-17751",
        "mode_id": 5,
        "mode_name": "Regional Coach",
        "name": "Wathen St/Henty St",
        "nearby_stops": [
          {
            "distance": 35.757110351960584,
            "id": "5-17750",
            "mode_name": "Regional Coach",
            "name": "Wathen St/Henty St"
          }
        ],
        "reliability_score": 14.285715103149414,
        "route_ids": [
          "aus:vic:vic-05-V16:",
          "aus:vic:vic-05-V29:"
        ]
      }
    },
    {
      "type": "Feature",
      "geometry": {
        "type": "Point",
        "coordinates": [
          141.59440721,
          -38.31247575
        ]
      },
      "properties": {
        "average_wait_time": 999.0000610351562,
        "color": "#e74c3c",
        "connectivity_score": 7.0714287757873535,
        "coverage_score": 10.0,
        "frequency_score": 0.0,
        "id": "5-36340",
        "mode_id": 5,
        "mode_name": "Regional Coach",
        "name": "Whalers Rest Motel/Henty Hwy",
        "nearby_stops": [],
        "reliability_score": 14.285715103149414,
        "route_ids": [
          "aus:vic:vic-05-V16:"
        ]
      }
    },
    {
      "type": "Feature",
      "geometry": {
        "type": "Point",
        "coordinates": [
          143.55089342,
          -36.78820953
        ]
      },
      "properties": {
        "average_wait_time": 765.1500244140625,
        "color": "#e74c3c",
        "connectivity_score": 8.871429443359375,
        "coverage_score": 10.0,
        "frequency_score": 4.5,
        "id": "5-17128",
        "mode_id": 5,
        "mode_name": "Regional Coach",
        "name": "Corner Store/Main St",
        "nearby_stops": [
          {
            "distance": 18.173525635854435,
            "id": "5-17129",
            "mode_name": "Regional Coach",
            "name": "Corner Store/Main St"
          }
        ],
        "reliability_score": 14.285715103149414,
        "route_ids": [
          "aus:vic:vic-05-V19:"
        ]
      }
    },
    {
      "type": "Feature",
      "geometry": {
        "type": "Point",
        "coordinates": [
          138.70156027,
          -34.9986318
        ]
      },
      "properties": {
        "average_wait_time": 746.550048828125,
        "color": "#e74c3c",
        "connectivity_score": 12.371429443359375,
        "coverage_score": 20.0,
        "frequency_score": 4.5,
        "id": "5-20814",
        "mode_id": 5,
        "mode_name": "Regional Coach",
        "name": "South Eastern Fwy",
        "nearby_stops": [
          {
            "distance": 298.05035308542733,
            "id": "5-48744",
            "mode_name": "Regional Coach",
            "name": "BP Service Station/Main St"
          }
        ],
        "reliability_score": 14.285715103149414,
        "route_ids": [
          "aus:vic:vic-05-V03:",
          "aus:vic:vic-05-V47:"
        ]
      }
    },
    {
      "type": "Feature",
      "geometry": {
        "type": "Point",
        "coordinates": [
          144.17385708,
          -38.42087715
        ]
      },
      "properties": {
        "average_wait_time": 351.5150146484375,
        "color": "#e74c3c",
        "connectivity_score": 31.457143783569336,
        "coverage_score": 20.0,
        "frequency_score": 16.5,
        "id": "5-17700",
        "mode_id": 5,
        "mode_name": "Regional Coach",
        "name": "Point Roadknight/Great Ocean Rd",
        "nearby_stops": [
          {
            "distance": 128.50779404513915,
            "id": "5-17699",
            "mode_name": "Regional Coach",
            "name": "Point Roadknight/Great Ocean Rd"
          }
        ],
        "reliability_score": 71.42857360839844,
        "route_ids": [
          "aus:vic:vic-05-V50:",
          "aus:vic:vic-05-GVL:"
        ]
      }
    },
    {
      "type": "Feature",
      "geometry": {
        "type": "Point",
        "coordinates": [
          145.55299859,
          -38.3815033
        ]
      },
      "properties": {
        "average_wait_time": 336.70001220703125,
        "color": "#e74c3c",
        "connectivity_score": 11.271429061889648,
        "coverage_score": 10.0,
        "frequency_score": 10.5,
        "id": "5-38018",
        "mode_id": 5,
        "mode_name": "Regional Coach",
        "name": "Pioneer Bay/Bass Hwy",
        "nearby_stops": [
          {
            "distance": 354.55961416729326,
            "id": "5-38019",
            "mode_name": "Regional Coach",
            "name": "Pioneer Bay/Bass Hwy"
          }
        ],
        "reliability_score": 14.285715103149414,
        "route_ids": [
          "aus:vic:vic-05-V15:"
        ]
      }
    },
    {
      "type": "Feature",
      "geometry": {
        "type": "Point",
        "coordinates": [
          144.34364905,
          -38.17408057
        ]
      },
      "properties": {
        "average_wait_time": 356.0450134277344,
        "color": "#e74c3c",
        "connectivity_score": 31.457143783569336,
        "coverage_score": 20.0,
        "frequency_score": 16.5,
        "id": "5-30819",
        "mode_id": 5,
        "mode_name": "Regional Coach",
        "name": "Roslyn Rd/High St",
        "nearby_stops": [
          {
            "distance": 159.5985267878234,
            "id": "5-30750",
            "mode_name": "Regional Coach",
            "name": "Roslyn Rd/High St"
          }
        ],
        "reliability_score": 71.42857360839844,
        "route_ids": [
          "aus:vic:vic-05-V50:",
          "aus:vic:vic-05-GVL:"
        ]
      }
    },
    {
      "type": "Feature",
      "geometry": {
        "type": "Point",
        "coordinates": [
          145.2689015,
          -38.49776293
        ]
      },
      "properties": {
        "average_wait_time": 409.4000244140625,
        "color": "#e74c3c",
        "connectivity_score": 11.271429061889648,
        "coverage_score": 10.0,
        "frequency_score": 10.5,
        "id": "5-37994",
        "mode_id": 5,
        "mode_name": "Regional Coach",
        "name": "Sunset Strip/Back Beach Rd",
        "nearby_stops": [
          {
            "distance": 16.24222678315699,
            "id": "5-37989",
            "mode_name": "Regional Coach",
            "name": "Panorama Ave/Back Beach Rd"
          }
        ],
        "reliability_score": 14.285715103149414,
        "route_ids": [
          "aus:vic:vic-05-V15:"
        ]
      }
    },
    {
      "type": "Feature",
      "geometry": {
        "type": "Point",
        "coordinates": [
          144.06169655,
          -37.10679681
        ]
      },
      "properties": {
        "average_wait_time": 327.70001220703125,
        "color": "#e74c3c",
        "connectivity_score": 16.571428298950195,
        "coverage_score": 20.0,
        "frequency_score": 15.0,
        "id": "5-17143",
        "mode_id": 5,
        "mode_name": "Regional Coach",
        "name": "Panmure St/Pyrenees Hwy",
        "nearby_stops": [
          {
            "distance": 26.42672157457807,
            "id": "5-17142",
            "mode_name": "Regional Coach",
            "name": "Panmure St/Pyrenees Hwy"
          }
        ],
        "reliability_score": 14.285715103149414,
        "route_ids": [
          "aus:vic:vic-05-V27:",
          "aus:vic:vic-05-V32:"
        ]
      }
    },
    {
      "type": "Feature",
      "geometry": {
        "type": "Point",
        "coordinates": [
          150.12782667,
          -36.21665269
        ]
      },
      "properties": {
        "average_wait_time": 999.0000610351562,
        "color": "#e74c3c",
        "connectivity_score": 7.0714287757873535,
        "coverage_score": 10.0,
        "frequency_score": 0.0,
        "id": "5-20871",
        "mode_id": 5,
        "mode_name": "Regional Coach",
        "name": "Narooma Visitor Information Centre/Princes Hwy",
        "nearby_stops": [],
        "reliability_score": 14.285715103149414,
        "route_ids": [
          "aus:vic:vic-05-V09:"
        ]
      }
    },
    {
      "type": "Feature",
      "geometry": {
        "type": "Point",
        "coordinates": [
          142.36436158,
          -35.72658891
        ]
      },
      "properties": {
        "average_wait_time": 999.0000610351562,
        "color": "#e74c3c",
        "connectivity_score": 7.0714287757873535,
        "coverage_score": 10.0,
        "frequency_score": 0.0,
        "id": "5-17825",
        "mode_id": 5,
        "mode_name": "Regional Coach",
        "name": "Austin St/Henty Hwy",
        "nearby_stops": [
          {
            "distance": 54.487102428332655,
            "id": "5-17826",
            "mode_name": "Regional Coach",
            "name": "Austin St/Henty Hwy"
          }
        ],
        "reliability_score": 14.285715103149414,
        "route_ids": [
          "aus:vic:vic-05-V38:"
        ]
      }
    },
    {
      "type": "Feature",
      "geometry": {
        "type": "Point",
        "coordinates": [
          143.67268068,
          -37.49036825
        ]
      },
      "properties": {
        "average_wait_time": 779.8500366210938,
        "color": "#e74c3c",
        "connectivity_score": 8.871429443359375,
        "coverage_score": 10.0,
        "frequency_score": 4.5,
        "id": "5-49362",
        "mode_id": 5,
        "mode_name": "Regional Coach",
        "name": "Lake Burrumbeet Caravan Pk/Rememberance Dr ",
        "nearby_stops": [
          {
            "distance": 52.550063840557726,
            "id": "5-36255",
            "mode_name": "Regional Coach",
            "name": "Lake Burrumbeet Caravan Park/Remembrance Dr"
          }
        ],
        "reliability_score": 14.285715103149414,
        "route_ids": [
          "aus:vic:vic-05-V37:"
        ]
      }
    },
    {
      "type": "Feature",
      "geometry": {
        "type": "Point",
        "coordinates": [
          147.05469117,
          -38.10322895
        ]
      },
      "properties": {
        "average_wait_time": 341.125,
        "color": "#e74c3c",
        "connectivity_score": 18.27142906188965,
        "coverage_score": 30.0,
        "frequency_score": 10.5,
        "id": "5-16302",
        "mode_id": 5,
        "mode_name": "Regional Coach",
        "name": "Sale Station/Pettit Dr ",
        "nearby_stops": [],
        "reliability_score": 14.285715103149414,
        "route_ids": [
          "aus:vic:vic-05-V43:",
          "aus:vic:vic-05-BDE:",
          "aus:vic:vic-05-V25:"
        ]
      }
    },
    {
      "type": "Feature",
      "geometry": {
        "type": "Point",
        "coordinates": [
          143.04636946,
          -37.99669974
        ]
      },
      "properties": {
        "average_wait_time": 999.0000610351562,
        "color": "#e74c3c",
        "connectivity_score": 7.0714287757873535,
        "coverage_score": 10.0,
        "frequency_score": 0.0,
        "id": "5-48862",
        "mode_id": 5,
        "mode_name": "Regional Coach",
        "name": "Hall St/Ware St",
        "nearby_stops": [
          {
            "distance": 54.71284924486049,
            "id": "5-48863",
            "mode_name": "Regional Coach",
            "name": "Hall St/Ware St"
          }
        ],
        "reliability_score": 14.285715103149414,
        "route_ids": [
          "aus:vic:vic-05-V06:"
        ]
      }
    },
    {
      "type": "Feature",
      "geometry": {
        "type": "Point",
        "coordinates": [
          144.97920816,
          -37.41416342
        ]
      },
      "properties": {
        "average_wait_time": 599.6000366210938,
        "color": "#e74c3c",
        "connectivity_score": 26.571428298950195,
        "coverage_score": 20.0,
        "frequency_score": 40.0,
        "id": "5-17153",
        "mode_id": 5,
        "mode_name": "Regional Coach",
        "name": "Hadfield Park/High St",
        "nearby_stops": [
          {
            "distance": 35.970698463932536,
            "id": "5-17154",
            "mode_name": "Regional Coach",
            "name": "Hadfield Park/High St"
          }
        ],
        "reliability_score": 14.285715103149414,
        "route_ids": [
          "aus:vic:vic-05-V07:"
        ]
      }
    },
    {
      "type": "Feature",
      "geometry": {
        "type": "Point",
        "coordinates": [
          144.31807444,
          -38.32279776
        ]
      },
      "properties": {
        "average_wait_time": 352.07000732421875,
        "color": "#e74c3c",
        "connectivity_score": 31.457143783569336,
        "coverage_score": 20.0,
        "frequency_score": 16.5,
        "id": "5-30960",
        "mode_id": 5,
        "mode_name": "Regional Coach",
        "name": "Grossmans Rd/Surf Coast Hwy",
        "nearby_stops": [
          {
            "distance": 46.93547670556645,
            "id": "5-17686",
            "mode_name": "Regional Coach",
            "name": "Grossmans Rd/Surf Coast Hwy"
          }
        ],
        "reliability_score": 71.42857360839844,
        "route_ids": [
          "aus:vic:vic-05-GVL:",
          "aus:vic:vic-05-V50:"
        ]
      }
    },
    {
      "type": "Feature",
      "geometry": {
        "type": "Point",
        "coordinates": [
          145.82992546,
          -38.44157669
        ]
      },
      "properties": {
        "average_wait_time": 336.9875183105469,
        "color": "#e74c3c",
        "connectivity_score": 11.271429061889648,
        "coverage_score": 10.0,
        "frequency_score": 10.5,
        "id": "5-17349",
        "mode_id": 5,
        "mode_name": "Regional Coach",
        "name": "Coal Creek Museum/South Gippsland Hwy",
        "nearby_stops": [
          {
            "distance": 186.25659323097275,
            "id": "5-17350",
            "mode_name": "Regional Coach",
            "name": "Coal Creek Museum/South Gippsland Hwy"
          }
        ],
        "reliability_score": 14.285715103149414,
        "route_ids": [
          "aus:vic:vic-05-V52:"
        ]
      }
    },
    {
      "type": "Feature",
      "geometry": {
        "type": "Point",
        "coordinates": [
          142.31903814,
          -35.0695965
        ]
      },
      "properties": {
        "average_wait_time": 643.9000244140625,
        "color": "#e74c3c",
        "connectivity_score": 16.47142791748047,
        "coverage_score": 30.0,
        "frequency_score": 6.0,
        "id": "5-17841",
        "mode_id": 5,
        "mode_name": "Regional Coach",
        "name": "Caltex Station/Calder Hwy",
        "nearby_stops": [
          {
            "distance": 39.1335731654585,
            "id": "5-17840",
            "mode_name": "Regional Coach",
            "name": "Caltex Station/Calder Hwy"
          },
          {
            "distance": 436.97188086906505,
            "id": "5-41477",
            "mode_name": "Regional Coach",
            "name": "Ouyen Community Park/Oke St"
          }
        ],
        "reliability_score": 14.285715103149414,
        "route_ids": [
          "aus:vic:vic-05-V34:"
        ]
      }
    },
    {
      "type": "Feature",
      "geometry": {
        "type": "Point",
        "coordinates": [
          143.88431076,
          -37.64887563
        ]
      },
      "properties": {
        "average_wait_time": 658.1000366210938,
        "color": "#e74c3c",
        "connectivity_score": 12.971427917480469,
        "coverage_score": 20.0,
        "frequency_score": 6.0,
        "id": "5-14929",
        "mode_id": 5,
        "mode_name": "Regional Coach",
        "name": "Forest St/Warrenheip St",
        "nearby_stops": [
          {
            "distance": 39.855477730016936,
            "id": "5-15666",
            "mode_name": "Regional Coach",
            "name": "Forest St/Warrenheip St"
          }
        ],
        "reliability_score": 14.285715103149414,
        "route_ids": [
          "aus:vic:vic-05-V02:",
          "aus:vic:vic-05-V22:"
        ]
      }
    },
    {
      "type": "Feature",
      "geometry": {
        "type": "Point",
        "coordinates": [
          145.02837921,
          -37.3715271
        ]
      },
      "properties": {
        "average_wait_time": 999.0000610351562,
        "color": "#e74c3c",
        "connectivity_score": 7.0714287757873535,
        "coverage_score": 10.0,
        "frequency_score": 0.0,
        "id": "5-22485",
        "mode_id": 5,
        "mode_name": "Regional Coach",
        "name": "Heathcote Junction Station/Rail St ",
        "nearby_stops": [],
        "reliability_score": 14.285715103149414,
        "route_ids": [
          "aus:vic:vic-05-SER:"
        ]
      }
    },
    {
      "type": "Feature",
      "geometry": {
        "type": "Point",
        "coordinates": [
          145.25947285,
          -38.4969383
        ]
      },
      "properties": {
        "average_wait_time": 353.94000244140625,
        "color": "#e74c3c",
        "connectivity_score": 11.271429061889648,
        "coverage_score": 10.0,
        "frequency_score": 10.5,
        "id": "5-37990",
        "mode_id": 5,
        "mode_name": "Regional Coach",
        "name": "Dolphin Dr/Back Beach Rd",
        "nearby_stops": [
          {
            "distance": 15.828339893674043,
            "id": "5-37993",
            "mode_name": "Regional Coach",
            "name": "Dolphin Dr/Back Beach Rd"
          }
        ],
        "reliability_score": 14.285715103149414,
        "route_ids": [
          "aus:vic:vic-05-V15:"
        ]
      }
    },
    {
      "type": "Feature",
      "geometry": {
        "type": "Point",
        "coordinates": [
          145.06921622,
          -37.68298996
        ]
      },
      "properties": {
        "average_wait_time": 704.4000244140625,
        "color": "#e74c3c",
        "connectivity_score": 9.471428871154785,
        "coverage_score": 10.0,
        "frequency_score": 6.0,
        "id": "5-2690",
        "mode_id": 5,
        "mode_name": "Regional Coach",
        "name": "Bundoora RMIT/Plenty Rd",
        "nearby_stops": [
          {
            "distance": 254.7133245918525,
            "id": "5-169",
            "mode_name": "Regional Coach",
            "name": "RMIT Bundoora Campus West/Plenty Rd"
          }
        ],
        "reliability_score": 14.285715103149414,
        "route_ids": [
          "aus:vic:vic-05-V28:"
        ]
      }
    },
    {
      "type": "Feature",
      "geometry": {
        "type": "Point",
        "coordinates": [
          145.70631632,
          -38.36881384
        ]
      },
      "properties": {
        "average_wait_time": 336.6625061035156,
        "color": "#e74c3c",
        "connectivity_score": 11.271429061889648,
        "coverage_score": 10.0,
        "frequency_score": 10.5,
        "id": "5-17346",
        "mode_id": 5,
        "mode_name": "Regional Coach",
        "name": "Clarence St/Victoria Rd",
        "nearby_stops": [
          {
            "distance": 19.85003394494596,
            "id": "5-17345",
            "mode_name": "Regional Coach",
            "name": "Clarence St/Victoria Rd"
          }
        ],
        "reliability_score": 14.285715103149414,
        "route_ids": [
          "aus:vic:vic-05-V52:"
        ]
      }
    },
    {
      "type": "Feature",
      "geometry": {
        "type": "Point",
        "coordinates": [
          145.55989157,
          -35.9253876
        ]
      },
      "properties": {
        "average_wait_time": 625.4000244140625,
        "color": "#e74c3c",
        "connectivity_score": 12.971427917480469,
        "coverage_score": 20.0,
        "frequency_score": 6.0,
        "id": "5-17571",
        "mode_id": 5,
        "mode_name": "Regional Coach",
        "name": "Kokoda Rd/Murray Valley Hwy",
        "nearby_stops": [
          {
            "distance": 36.056350818830225,
            "id": "5-17570",
            "mode_name": "Regional Coach",
            "name": "Kokoda Rd/Murray Valley Hwy"
          }
        ],
        "reliability_score": 14.285715103149414,
        "route_ids": [
          "aus:vic:vic-05-V41:",
          "aus:vic:vic-05-V31:"
        ]
      }
    },
    {
      "type": "Feature",
      "geometry": {
        "type": "Point",
        "coordinates": [
          150.13257597,
          -36.21945708
        ]
      },
      "properties": {
        "average_wait_time": 999.0000610351562,
        "color": "#e74c3c",
        "connectivity_score": 7.0714287757873535,
        "coverage_score": 10.0,
        "frequency_score": 0.0,
        "id": "5-20870",
        "mode_id": 5,
        "mode_name": "Regional Coach",
        "name": "ANZ Bank/Wagonga St",
        "nearby_stops": [],
        "reliability_score": 14.285715103149414,
        "route_ids": [
          "aus:vic:vic-05-V09:"
        ]
      }
    },
    {
      "type": "Feature",
      "geometry": {
        "type": "Point",
        "coordinates": [
          147.85676681,
          -37.82199481
        ]
      },
      "properties": {
        "average_wait_time": 332.5375061035156,
        "color": "#e74c3c",
        "connectivity_score": 13.671428680419922,
        "coverage_score": 10.0,
        "frequency_score": 16.5,
        "id": "5-16388",
        "mode_id": 5,
        "mode_name": "Regional Coach",
        "name": "General Store/Princes Hwy",
        "nearby_stops": [],
        "reliability_score": 14.285715103149414,
        "route_ids": [
          "aus:vic:vic-05-V25:"
        ]
      }
    },
    {
      "type": "Feature",
      "geometry": {
        "type": "Point",
        "coordinates": [
          144.17490683,
          -38.42038893
        ]
      },
      "properties": {
        "average_wait_time": 351.5150146484375,
        "color": "#e74c3c",
        "connectivity_score": 31.457143783569336,
        "coverage_score": 20.0,
        "frequency_score": 16.5,
        "id": "5-17699",
        "mode_id": 5,
        "mode_name": "Regional Coach",
        "name": "Point Roadknight/Great Ocean Rd",
        "nearby_stops": [
          {
            "distance": 128.50779404513915,
            "id": "5-17700",
            "mode_name": "Regional Coach",
            "name": "Point Roadknight/Great Ocean Rd"
          }
        ],
        "reliability_score": 71.42857360839844,
        "route_ids": [
          "aus:vic:vic-05-GVL:",
          "aus:vic:vic-05-V50:"
        ]
      }
    },
    {
      "type": "Feature",
      "geometry": {
        "type": "Point",
        "coordinates": [
          144.95209325,
          -37.29570688
        ]
      },
      "properties": {
        "average_wait_time": 599.6000366210938,
        "color": "#e74c3c",
        "connectivity_score": 26.571428298950195,
        "coverage_score": 20.0,
        "frequency_score": 40.0,
        "id": "5-13762",
        "mode_id": 5,
        "mode_name": "Regional Coach",
        "name": "Hudson Park/Sydney St",
        "nearby_stops": [
          {
            "distance": 94.07571820401263,
            "id": "5-13761",
            "mode_name": "Regional Coach",
            "name": "Hudson Park/Sydney St"
          }
        ],
        "reliability_score": 14.285715103149414,
        "route_ids": [
          "aus:vic:vic-05-V20:",
          "aus:vic:vic-05-V07:"
        ]
      }
    },
    {
      "type": "Feature",
      "geometry": {
        "type": "Point",
        "coordinates": [
          143.81309161,
          -37.04897398
        ]
      },
      "properties": {
        "average_wait_time": 345.70001220703125,
        "color": "#e74c3c",
        "connectivity_score": 11.271429061889648,
        "coverage_score": 10.0,
        "frequency_score": 10.5,
        "id": "5-17139",
        "mode_id": 5,
        "mode_name": "Regional Coach",
        "name": "Carisbrook General Store/Green St",
        "nearby_stops": [
          {
            "distance": 8.998870771729806,
            "id": "5-17138",
            "mode_name": "Regional Coach",
            "name": "Carisbrook General Store/Green St"
          }
        ],
        "reliability_score": 14.285715103149414,
        "route_ids": [
          "aus:vic:vic-05-V27:"
        ]
      }
    },
    {
      "type": "Feature",
      "geometry": {
        "type": "Point",
        "coordinates": [
          143.98415783,
          -38.24010865
        ]
      },
      "properties": {
        "average_wait_time": 999.0000610351562,
        "color": "#e74c3c",
        "connectivity_score": 7.0714287757873535,
        "coverage_score": 10.0,
        "frequency_score": 0.0,
        "id": "5-41668",
        "mode_id": 5,
        "mode_name": "Regional Coach",
        "name": "Winchelsea Station ",
        "nearby_stops": [],
        "reliability_score": 14.285715103149414,
        "route_ids": [
          "aus:vic:vic-05-WBL:"
        ]
      }
    },
    {
      "type": "Feature",
      "geometry": {
        "type": "Point",
        "coordinates": [
          142.42127679,
          -36.07649913
        ]
      },
      "properties": {
        "average_wait_time": 999.0000610351562,
        "color": "#e74c3c",
        "connectivity_score": 7.0714287757873535,
        "coverage_score": 10.0,
        "frequency_score": 0.0,
        "id": "5-17818",
        "mode_id": 5,
        "mode_name": "Regional Coach",
        "name": "Swann St/Henty Hwy",
        "nearby_stops": [
          {
            "distance": 37.61523651108684,
            "id": "5-17817",
            "mode_name": "Regional Coach",
            "name": "Swann St/Henty Hwy"
          }
        ],
        "reliability_score": 14.285715103149414,
        "route_ids": [
          "aus:vic:vic-05-V38:"
        ]
      }
    },
    {
      "type": "Feature",
      "geometry": {
        "type": "Point",
        "coordinates": [
          146.08269166,
          -38.69407602
        ]
      },
      "properties": {
        "average_wait_time": 407.9000244140625,
        "color": "#e74c3c",
        "connectivity_score": 11.271429061889648,
        "coverage_score": 10.0,
        "frequency_score": 10.5,
        "id": "5-17356",
        "mode_id": 5,
        "mode_name": "Regional Coach",
        "name": "Roo Fuel/Meeniyan - Promontory Rd",
        "nearby_stops": [
          {
            "distance": 16.193070259806966,
            "id": "5-17357",
            "mode_name": "Regional Coach",
            "name": "Roo Fuel/Meeniyan - Promontory Rd"
          }
        ],
        "reliability_score": 14.285715103149414,
        "route_ids": [
          "aus:vic:vic-05-V52:"
        ]
      }
    },
    {
      "type": "Feature",
      "geometry": {
        "type": "Point",
        "coordinates": [
          144.2223364,
          -37.39431727
        ]
      },
      "properties": {
        "average_wait_time": 373.4000244140625,
        "color": "#e74c3c",
        "connectivity_score": 11.271429061889648,
        "coverage_score": 10.0,
        "frequency_score": 10.5,
        "id": "5-46420",
        "mode_id": 5,
        "mode_name": "Regional Coach",
        "name": "Service Station/Daylesford-Trentham Rd",
        "nearby_stops": [
          {
            "distance": 83.29918458397482,
            "id": "5-20914",
            "mode_name": "Regional Coach",
            "name": "Service Station/Daylesford-Trentham Rd"
          }
        ],
        "reliability_score": 14.285715103149414,
        "route_ids": [
          "aus:vic:vic-05-V18:"
        ]
      }
    },
    {
      "type": "Feature",
      "geometry": {
        "type": "Point",
        "coordinates": [
          144.2861038,
          -38.33852316
        ]
      },
      "properties": {
        "average_wait_time": 351.33502197265625,
        "color": "#e74c3c",
        "connectivity_score": 31.457143783569336,
        "coverage_score": 20.0,
        "frequency_score": 16.5,
        "id": "5-17691",
        "mode_id": 5,
        "mode_name": "Regional Coach",
        "name": "Bells Bvd/Great Ocean Rd",
        "nearby_stops": [
          {
            "distance": 191.17920802721233,
            "id": "5-17692",
            "mode_name": "Regional Coach",
            "name": "Bells Bvd/Great Ocean Rd"
          }
        ],
        "reliability_score": 71.42857360839844,
        "route_ids": [
          "aus:vic:vic-05-V50:",
          "aus:vic:vic-05-GVL:"
        ]
      }
    },
    {
      "type": "Feature",
      "geometry": {
        "type": "Point",
        "coordinates": [
          140.16057394,
          -35.37788167
        ]
      },
      "properties": {
        "average_wait_time": 653.0,
        "color": "#e74c3c",
        "connectivity_score": 9.471428871154785,
        "coverage_score": 10.0,
        "frequency_score": 6.0,
        "id": "5-20842",
        "mode_id": 5,
        "mode_name": "Regional Coach",
        "name": "Roadside Stop/Mallee Hwy",
        "nearby_stops": [
          {
            "distance": 121.49846928673374,
            "id": "5-48746",
            "mode_name": "Regional Coach",
            "name": "Geranium Tce/Mallee Hwy"
          }
        ],
        "reliability_score": 14.285715103149414,
        "route_ids": [
          "aus:vic:vic-05-V47:"
        ]
      }
    },
    {
      "type": "Feature",
      "geometry": {
        "type": "Point",
        "coordinates": [
          143.76890853,
          -37.59635845
        ]
      },
      "properties": {
        "average_wait_time": 644.4000244140625,
        "color": "#e74c3c",
        "connectivity_score": 9.471428871154785,
        "coverage_score": 10.0,
        "frequency_score": 6.0,
        "id": "5-296",
        "mode_id": 5,
        "mode_name": "Regional Coach",
        "name": "Bells Rd/Glenelg Hwy",
        "nearby_stops": [
          {
            "distance": 28.594183972240874,
            "id": "5-266",
            "mode_name": "Regional Coach",
            "name": "Bells Rd/Glenelg Hwy"
          }
        ],
        "reliability_score": 14.285715103149414,
        "route_ids": [
          "aus:vic:vic-05-V06:"
        ]
      }
    },
    {
      "type": "Feature",
      "geometry": {
        "type": "Point",
        "coordinates": [
          144.7302397,
          -36.14474966
        ]
      },
      "properties": {
        "average_wait_time": 634.6500244140625,
        "color": "#e74c3c",
        "connectivity_score": 12.971427917480469,
        "coverage_score": 20.0,
        "frequency_score": 6.0,
        "id": "5-21263",
        "mode_id": 5,
        "mode_name": "Regional Coach",
        "name": "Caltex Roadhouse/Northern Hwy",
        "nearby_stops": [],
        "reliability_score": 14.285715103149414,
        "route_ids": [
          "aus:vic:vic-05-V20:",
          "aus:vic:vic-05-ECH:"
        ]
      }
    },
    {
      "type": "Feature",
      "geometry": {
        "type": "Point",
        "coordinates": [
          145.01472681,
          -36.58566655
        ]
      },
      "properties": {
        "average_wait_time": 999.0000610351562,
        "color": "#e74c3c",
        "connectivity_score": 7.0714287757873535,
        "coverage_score": 10.0,
        "frequency_score": 0.0,
        "id": "5-15143",
        "mode_id": 5,
        "mode_name": "Regional Coach",
        "name": "High St/Moora Rd",
        "nearby_stops": [
          {
            "distance": 28.949219332020558,
            "id": "5-15144",
            "mode_name": "Regional Coach",
            "name": "School St/Moora Rd"
          }
        ],
        "reliability_score": 14.285715103149414,
        "route_ids": [
          "aus:vic:vic-05-V07:"
        ]
      }
    },
    {
      "type": "Feature",
      "geometry": {
        "type": "Point",
        "coordinates": [
          145.20376383,
          -36.05852761
        ]
      },
      "properties": {
        "average_wait_time": 705.4000244140625,
        "color": "#e74c3c",
        "connectivity_score": 9.471428871154785,
        "coverage_score": 10.0,
        "frequency_score": 6.0,
        "id": "5-36709",
        "mode_id": 5,
        "mode_name": "Regional Coach",
        "name": "Nathalia Hotel/Blake St",
        "nearby_stops": [
          {
            "distance": 20.94472580087374,
            "id": "5-36708",
            "mode_name": "Regional Coach",
            "name": "Nathalia Hotel/Blake St"
          }
        ],
        "reliability_score": 14.285715103149414,
        "route_ids": [
          "aus:vic:vic-05-V07:"
        ]
      }
    },
    {
      "type": "Feature",
      "geometry": {
        "type": "Point",
        "coordinates": [
          145.49651869,
          -38.43365421
        ]
      },
      "properties": {
        "average_wait_time": 336.5500183105469,
        "color": "#e74c3c",
        "connectivity_score": 11.271429061889648,
        "coverage_score": 10.0,
        "frequency_score": 10.5,
        "id": "5-17370",
        "mode_id": 5,
        "mode_name": "Regional Coach",
        "name": "Corinella Rd/Bass Hwy",
        "nearby_stops": [
          {
            "distance": 76.08234600189326,
            "id": "5-17371",
            "mode_name": "Regional Coach",
            "name": "Corinella Rd/Bass Hwy"
          }
        ],
        "reliability_score": 14.285715103149414,
        "route_ids": [
          "aus:vic:vic-05-V15:"
        ]
      }
    },
    {
      "type": "Feature",
      "geometry": {
        "type": "Point",
        "coordinates": [
          145.49649853,
          -38.43296908
        ]
      },
      "properties": {
        "average_wait_time": 336.5500183105469,
        "color": "#e74c3c",
        "connectivity_score": 11.271429061889648,
        "coverage_score": 10.0,
        "frequency_score": 10.5,
        "id": "5-17371",
        "mode_id": 5,
        "mode_name": "Regional Coach",
        "name": "Corinella Rd/Bass Hwy",
        "nearby_stops": [
          {
            "distance": 76.08234600189326,
            "id": "5-17370",
            "mode_name": "Regional Coach",
            "name": "Corinella Rd/Bass Hwy"
          }
        ],
        "reliability_score": 14.285715103149414,
        "route_ids": [
          "aus:vic:vic-05-V15:"
        ]
      }
    },
    {
      "type": "Feature",
      "geometry": {
        "type": "Point",
        "coordinates": [
          144.18850979,
          -38.40450774
        ]
      },
      "properties": {
        "average_wait_time": 351.4250183105469,
        "color": "#e74c3c",
        "connectivity_score": 31.457143783569336,
        "coverage_score": 20.0,
        "frequency_score": 16.5,
        "id": "5-17695",
        "mode_id": 5,
        "mode_name": "Regional Coach",
        "name": "Great Ocean Rd/Camp Rd",
        "nearby_stops": [],
        "reliability_score": 71.42857360839844,
        "route_ids": [
          "aus:vic:vic-05-V50:",
          "aus:vic:vic-05-GVL:"
        ]
      }
    },
    {
      "type": "Feature",
      "geometry": {
        "type": "Point",
        "coordinates": [
          144.15553172,
          -36.83892597
        ]
      },
      "properties": {
        "average_wait_time": 614.6000366210938,
        "color": "#e74c3c",
        "connectivity_score": 9.471428871154785,
        "coverage_score": 10.0,
        "frequency_score": 6.0,
        "id": "5-47914",
        "mode_id": 5,
        "mode_name": "Regional Coach",
        "name": "Roadside Store/Calder Alternative Hwy",
        "nearby_stops": [
          {
            "distance": 22.38823940421019,
            "id": "5-40741",
            "mode_name": "Regional Coach",
            "name": "Roadside Store/Calder Alternative Hwy"
          }
        ],
        "reliability_score": 14.285715103149414,
        "route_ids": [
          "aus:vic:vic-05-V32:"
        ]
      }
    },
    {
      "type": "Feature",
      "geometry": {
        "type": "Point",
        "coordinates": [
          138.70391835,
          -34.9973475
        ]
      },
      "properties": {
        "average_wait_time": 746.550048828125,
        "color": "#e74c3c",
        "connectivity_score": 12.371429443359375,
        "coverage_score": 20.0,
        "frequency_score": 4.5,
        "id": "5-48744",
        "mode_id": 5,
        "mode_name": "Regional Coach",
        "name": "BP Service Station/Main St",
        "nearby_stops": [
          {
            "distance": 298.05035308542733,
            "id": "5-20814",
            "mode_name": "Regional Coach",
            "name": "South Eastern Fwy"
          }
        ],
        "reliability_score": 14.285715103149414,
        "route_ids": [
          "aus:vic:vic-05-V47:",
          "aus:vic:vic-05-V03:"
        ]
      }
    },
    {
      "type": "Feature",
      "geometry": {
        "type": "Point",
        "coordinates": [
          144.28779643,
          -38.33884166
        ]
      },
      "properties": {
        "average_wait_time": 351.33502197265625,
        "color": "#e74c3c",
        "connectivity_score": 31.457143783569336,
        "coverage_score": 20.0,
        "frequency_score": 16.5,
        "id": "5-17692",
        "mode_id": 5,
        "mode_name": "Regional Coach",
        "name": "Bells Bvd/Great Ocean Rd",
        "nearby_stops": [
          {
            "distance": 191.17920802721233,
            "id": "5-17691",
            "mode_name": "Regional Coach",
            "name": "Bells Bvd/Great Ocean Rd"
          }
        ],
        "reliability_score": 71.42857360839844,
        "route_ids": [
          "aus:vic:vic-05-V50:",
          "aus:vic:vic-05-GVL:"
        ]
      }
    },
    {
      "type": "Feature",
      "geometry": {
        "type": "Point",
        "coordinates": [
          145.62096548,
          -38.66777096
        ]
      },
      "properties": {
        "average_wait_time": 999.0000610351562,
        "color": "#e74c3c",
        "connectivity_score": 7.0714287757873535,
        "coverage_score": 10.0,
        "frequency_score": 0.0,
        "id": "5-17968",
        "mode_id": 5,
        "mode_name": "Regional Coach",
        "name": "Seaward Dr/Cape Paterson Rd",
        "nearby_stops": [
          {
            "distance": 38.93623130004433,
            "id": "5-17967",
            "mode_name": "Regional Coach",
            "name": "Seaward Dr/Cape Paterson Rd"
          }
        ],
        "reliability_score": 14.285715103149414,
        "route_ids": [
          "aus:vic:vic-05-V15:"
        ]
      }
    },
    {
      "type": "Feature",
      "geometry": {
        "type": "Point",
        "coordinates": [
          142.34254998,
          -37.64948103
        ]
      },
      "properties": {
        "average_wait_time": 792.300048828125,
        "color": "#e74c3c",
        "connectivity_score": 8.871429443359375,
        "coverage_score": 10.0,
        "frequency_score": 4.5,
        "id": "5-17755",
        "mode_id": 5,
        "mode_name": "Regional Coach",
        "name": "Information Centre/Glenelg Hwy",
        "nearby_stops": [
          {
            "distance": 2.383805566706058,
            "id": "5-17754",
            "mode_name": "Regional Coach",
            "name": "Information Centre/Glenelg Hwy"
          }
        ],
        "reliability_score": 14.285715103149414,
        "route_ids": [
          "aus:vic:vic-05-V29:"
        ]
      }
    },
    {
      "type": "Feature",
      "geometry": {
        "type": "Point",
        "coordinates": [
          143.8693016,
          -36.57545394
        ]
      },
      "properties": {
        "average_wait_time": 658.800048828125,
        "color": "#e74c3c",
        "connectivity_score": 12.971427917480469,
        "coverage_score": 20.0,
        "frequency_score": 6.0,
        "id": "5-16249",
        "mode_id": 5,
        "mode_name": "Regional Coach",
        "name": "Inglewood/Grant St ",
        "nearby_stops": [
          {
            "distance": 53.66266999015778,
            "id": "5-16250",
            "mode_name": "Regional Coach",
            "name": "Inglewood/Grant St "
          }
        ],
        "reliability_score": 14.285715103149414,
        "route_ids": [
          "aus:vic:vic-05-V39:",
          "aus:vic:vic-05-SWL:"
        ]
      }
    },
    {
      "type": "Feature",
      "geometry": {
        "type": "Point",
        "coordinates": [
          142.84980561,
          -35.50427039
        ]
      },
      "properties": {
        "average_wait_time": 999.0000610351562,
        "color": "#e74c3c",
        "connectivity_score": 7.0714287757873535,
        "coverage_score": 10.0,
        "frequency_score": 0.0,
        "id": "5-16264",
        "mode_id": 5,
        "mode_name": "Regional Coach",
        "name": "Newsagency/Best St",
        "nearby_stops": [],
        "reliability_score": 14.285715103149414,
        "route_ids": [
          "aus:vic:vic-05-V39:"
        ]
      }
    },
    {
      "type": "Feature",
      "geometry": {
        "type": "Point",
        "coordinates": [
          143.5864051,
          -38.34256892
        ]
      },
      "properties": {
        "average_wait_time": 999.0000610351562,
        "color": "#e74c3c",
        "connectivity_score": 7.0714287757873535,
        "coverage_score": 10.0,
        "frequency_score": 0.0,
        "id": "5-2627",
        "mode_id": 5,
        "mode_name": "Regional Coach",
        "name": "Colac Station/Gellibrand St ",
        "nearby_stops": [],
        "reliability_score": 14.285715103149414,
        "route_ids": [
          "aus:vic:vic-05-WBL:"
        ]
      }
    },
    {
      "type": "Feature",
      "geometry": {
        "type": "Point",
        "coordinates": [
          142.9672626,
          -37.6892738
        ]
      },
      "properties": {
        "average_wait_time": 660.5,
        "color": "#e74c3c",
        "connectivity_score": 9.471428871154785,
        "coverage_score": 10.0,
        "frequency_score": 6.0,
        "id": "5-17765",
        "mode_id": 5,
        "mode_name": "Regional Coach",
        "name": "General Store/Glenelg Hwy",
        "nearby_stops": [
          {
            "distance": 23.72007473983046,
            "id": "5-17764",
            "mode_name": "Regional Coach",
            "name": "General Store/Glenelg Hwy"
          }
        ],
        "reliability_score": 14.285715103149414,
        "route_ids": [
          "aus:vic:vic-05-V29:"
        ]
      }
    },
    {
      "type": "Feature",
      "geometry": {
        "type": "Point",
        "coordinates": [
          145.2039525,
          -36.05853044
        ]
      },
      "properties": {
        "average_wait_time": 705.4000244140625,
        "color": "#e74c3c",
        "connectivity_score": 9.471428871154785,
        "coverage_score": 10.0,
        "frequency_score": 6.0,
        "id": "5-36708",
        "mode_id": 5,
        "mode_name": "Regional Coach",
        "name": "Nathalia Hotel/Blake St",
        "nearby_stops": [
          {
            "distance": 20.94472580087374,
            "id": "5-36709",
            "mode_name": "Regional Coach",
            "name": "Nathalia Hotel/Blake St"
          }
        ],
        "reliability_score": 14.285715103149414,
        "route_ids": [
          "aus:vic:vic-05-V07:"
        ]
      }
    },
    {
      "type": "Feature",
      "geometry": {
        "type": "Point",
        "coordinates": [
          146.39142041,
          -35.99877674
        ]
      },
      "properties": {
        "average_wait_time": 364.7500305175781,
        "color": "#e74c3c",
        "connectivity_score": 14.771429061889648,
        "coverage_score": 20.0,
        "frequency_score": 10.5,
        "id": "5-17246",
        "mode_id": 5,
        "mode_name": "Regional Coach",
        "name": "Sanger St/River St",
        "nearby_stops": [],
        "reliability_score": 14.285715103149414,
        "route_ids": [
          "aus:vic:vic-05-V17:",
          "aus:vic:vic-05-V31:"
        ]
      }
    },
    {
      "type": "Feature",
      "geometry": {
        "type": "Point",
        "coordinates": [
          147.3140044,
          -35.72343052
        ]
      },
      "properties": {
        "average_wait_time": 604.4000244140625,
        "color": "#e74c3c",
        "connectivity_score": 16.671428680419922,
        "coverage_score": 10.0,
        "frequency_score": 24.0,
        "id": "5-20822",
        "mode_id": 5,
        "mode_name": "Regional Coach",
        "name": "Westpac Bank/Albury St",
        "nearby_stops": [
          {
            "distance": 25.774376803071366,
            "id": "5-48732",
            "mode_name": "Regional Coach",
            "name": "Hume St/Albury St"
          }
        ],
        "reliability_score": 14.285715103149414,
        "route_ids": [
          "aus:vic:vic-05-V14:"
        ]
      }
    },
    {
      "type": "Feature",
      "geometry": {
        "type": "Point",
        "coordinates": [
          142.06686385,
          -38.31585977
        ]
      },
      "properties": {
        "average_wait_time": 402.9000244140625,
        "color": "#e74c3c",
        "connectivity_score": 11.271429061889648,
        "coverage_score": 10.0,
        "frequency_score": 10.5,
        "id": "5-44823",
        "mode_id": 5,
        "mode_name": "Regional Coach",
        "name": "Annesley St",
        "nearby_stops": [
          {
            "distance": 69.05243865288296,
            "id": "5-17740",
            "mode_name": "Regional Coach",
            "name": "Annesley St"
          }
        ],
        "reliability_score": 14.285715103149414,
        "route_ids": [
          "aus:vic:vic-05-V30:"
        ]
      }
    },
    {
      "type": "Feature",
      "geometry": {
        "type": "Point",
        "coordinates": [
          145.02701748,
          -37.35539913
        ]
      },
      "properties": {
        "average_wait_time": 999.0000610351562,
        "color": "#e74c3c",
        "connectivity_score": 7.0714287757873535,
        "coverage_score": 10.0,
        "frequency_score": 0.0,
        "id": "5-49347",
        "mode_id": 5,
        "mode_name": "Regional Coach",
        "name": "Wandong Station/Rail St ",
        "nearby_stops": [],
        "reliability_score": 14.285715103149414,
        "route_ids": [
          "aus:vic:vic-05-SER:"
        ]
      }
    },
    {
      "type": "Feature",
      "geometry": {
        "type": "Point",
        "coordinates": [
          145.46043097,
          -35.99937414
        ]
      },
      "properties": {
        "average_wait_time": 624.2000122070312,
        "color": "#e74c3c",
        "connectivity_score": 12.971427917480469,
        "coverage_score": 20.0,
        "frequency_score": 6.0,
        "id": "5-17574",
        "mode_id": 5,
        "mode_name": "Regional Coach",
        "name": "General Store/Numurkah Rd",
        "nearby_stops": [
          {
            "distance": 11.461798084051253,
            "id": "5-17575",
            "mode_name": "Regional Coach",
            "name": "General Store/Numurkah Rd"
          }
        ],
        "reliability_score": 14.285715103149414,
        "route_ids": [
          "aus:vic:vic-05-V31:",
          "aus:vic:vic-05-V41:"
        ]
      }
    },
    {
      "type": "Feature",
      "geometry": {
        "type": "Point",
        "coordinates": [
          145.88124357,
          -34.80520784
        ]
      },
      "properties": {
        "average_wait_time": 999.0000610351562,
        "color": "#e74c3c",
        "connectivity_score": 7.0714287757873535,
        "coverage_score": 10.0,
        "frequency_score": 0.0,
        "id": "5-17480",
        "mode_id": 5,
        "mode_name": "Regional Coach",
        "name": "Opposite Bendigo Bank/Kingfisher Ave",
        "nearby_stops": [],
        "reliability_score": 14.285715103149414,
        "route_ids": [
          "aus:vic:vic-05-V41:"
        ]
      }
    },
    {
      "type": "Feature",
      "geometry": {
        "type": "Point",
        "coordinates": [
          145.25955591,
          -38.49682239
        ]
      },
      "properties": {
        "average_wait_time": 353.94000244140625,
        "color": "#e74c3c",
        "connectivity_score": 11.271429061889648,
        "coverage_score": 10.0,
        "frequency_score": 10.5,
        "id": "5-37993",
        "mode_id": 5,
        "mode_name": "Regional Coach",
        "name": "Dolphin Dr/Back Beach Rd",
        "nearby_stops": [
          {
            "distance": 15.828339893674043,
            "id": "5-37990",
            "mode_name": "Regional Coach",
            "name": "Dolphin Dr/Back Beach Rd"
          }
        ],
        "reliability_score": 14.285715103149414,
        "route_ids": [
          "aus:vic:vic-05-V15:"
        ]
      }
    },
    {
      "type": "Feature",
      "geometry": {
        "type": "Point",
        "coordinates": [
          144.01225435,
          -37.67556118
        ]
      },
      "properties": {
        "average_wait_time": 999.0000610351562,
        "color": "#e74c3c",
        "connectivity_score": 7.0714287757873535,
        "coverage_score": 10.0,
        "frequency_score": 0.0,
        "id": "5-8441",
        "mode_id": 5,
        "mode_name": "Regional Coach",
        "name": "Eaglesons Rd/Clarendon-Lal Lal Rd",
        "nearby_stops": [
          {
            "distance": 32.68168165031535,
            "id": "5-8312",
            "mode_name": "Regional Coach",
            "name": "Eaglesons Rd/Clarendon-Lal Lal Rd"
          }
        ],
        "reliability_score": 14.285715103149414,
        "route_ids": [
          "aus:vic:vic-05-V02:"
        ]
      }
    },
    {
      "type": "Feature",
      "geometry": {
        "type": "Point",
        "coordinates": [
          143.22576548,
          -36.07693596
        ]
      },
      "properties": {
        "average_wait_time": 999.0000610351562,
        "color": "#e74c3c",
        "connectivity_score": 7.0714287757873535,
        "coverage_score": 10.0,
        "frequency_score": 0.0,
        "id": "5-16258",
        "mode_id": 5,
        "mode_name": "Regional Coach",
        "name": "Post Office/Calder Hwy",
        "nearby_stops": [],
        "reliability_score": 14.285715103149414,
        "route_ids": [
          "aus:vic:vic-05-V39:"
        ]
      }
    },
    {
      "type": "Feature",
      "geometry": {
        "type": "Point",
        "coordinates": [
          144.33427577,
          -38.12057185
        ]
      },
      "properties": {
        "average_wait_time": 386.875,
        "color": "#e74c3c",
        "connectivity_score": 14.771429061889648,
        "coverage_score": 20.0,
        "frequency_score": 10.5,
        "id": "5-30479",
        "mode_id": 5,
        "mode_name": "Regional Coach",
        "name": "Calvert St/Ballarat Rd",
        "nearby_stops": [
          {
            "distance": 86.07768149129923,
            "id": "5-30402",
            "mode_name": "Regional Coach",
            "name": "Calvert St/Ballarat Rd"
          }
        ],
        "reliability_score": 14.285715103149414,
        "route_ids": [
          "aus:vic:vic-05-V22:",
          "aus:vic:vic-05-V02:"
        ]
      }
    },
    {
      "type": "Feature",
      "geometry": {
        "type": "Point",
        "coordinates": [
          146.3938731,
          -36.01028428
        ]
      },
      "properties": {
        "average_wait_time": 364.75,
        "color": "#e74c3c",
        "connectivity_score": 14.771429061889648,
        "coverage_score": 20.0,
        "frequency_score": 10.5,
        "id": "5-17248",
        "mode_id": 5,
        "mode_name": "Regional Coach",
        "name": "Blanche St/Foord St",
        "nearby_stops": [
          {
            "distance": 20.964798233799147,
            "id": "5-17247",
            "mode_name": "Regional Coach",
            "name": "Blanche St/Foord St"
          }
        ],
        "reliability_score": 14.285715103149414,
        "route_ids": [
          "aus:vic:vic-05-V31:",
          "aus:vic:vic-05-V17:"
        ]
      }
    },
    {
      "type": "Feature",
      "geometry": {
        "type": "Point",
        "coordinates": [
          145.28121606,
          -38.50261216
        ]
      },
      "properties": {
        "average_wait_time": 408.9000244140625,
        "color": "#e74c3c",
        "connectivity_score": 11.271429061889648,
        "coverage_score": 10.0,
        "frequency_score": 10.5,
        "id": "5-37999",
        "mode_id": 5,
        "mode_name": "Regional Coach",
        "name": "Sunderland Bay/Phillip Island Rd",
        "nearby_stops": [
          {
            "distance": 14.546240670569864,
            "id": "5-37988",
            "mode_name": "Regional Coach",
            "name": "Sunderland Bay/Phillip Island Rd"
          }
        ],
        "reliability_score": 14.285715103149414,
        "route_ids": [
          "aus:vic:vic-05-V15:"
        ]
      }
    },
    {
      "type": "Feature",
      "geometry": {
        "type": "Point",
        "coordinates": [
          141.80090495,
          -37.86160479
        ]
      },
      "properties": {
        "average_wait_time": 649.6000366210938,
        "color": "#e74c3c",
        "connectivity_score": 9.471428871154785,
        "coverage_score": 10.0,
        "frequency_score": 6.0,
        "id": "5-46474",
        "mode_id": 5,
        "mode_name": "Regional Coach",
        "name": "Corner Store/Lynch St",
        "nearby_stops": [],
        "reliability_score": 14.285715103149414,
        "route_ids": [
          "aus:vic:vic-05-V16:"
        ]
      }
    },
    {
      "type": "Feature",
      "geometry": {
        "type": "Point",
        "coordinates": [
          143.88847236,
          -37.44427499
        ]
      },
      "properties": {
        "average_wait_time": 641.800048828125,
        "color": "#e74c3c",
        "connectivity_score": 9.471428871154785,
        "coverage_score": 10.0,
        "frequency_score": 6.0,
        "id": "5-35252",
        "mode_id": 5,
        "mode_name": "Regional Coach",
        "name": "Lakeside Dr/Midland Hwy",
        "nearby_stops": [
          {
            "distance": 24.284237326665814,
            "id": "5-35277",
            "mode_name": "Regional Coach",
            "name": "Lakeside Dr/Midland Hwy"
          }
        ],
        "reliability_score": 14.285715103149414,
        "route_ids": [
          "aus:vic:vic-05-V32:"
        ]
      }
    },
    {
      "type": "Feature",
      "geometry": {
        "type": "Point",
        "coordinates": [
          144.24406664,
          -38.368293
        ]
      },
      "properties": {
        "average_wait_time": 351.1050109863281,
        "color": "#e74c3c",
        "connectivity_score": 31.457143783569336,
        "coverage_score": 20.0,
        "frequency_score": 16.5,
        "id": "5-43906",
        "mode_id": 5,
        "mode_name": "Regional Coach",
        "name": "Jarosite Rd/Great Ocean Rd",
        "nearby_stops": [
          {
            "distance": 55.62626275323036,
            "id": "5-43841",
            "mode_name": "Regional Coach",
            "name": "Jarosite Rd/Great Ocean Rd"
          }
        ],
        "reliability_score": 71.42857360839844,
        "route_ids": [
          "aus:vic:vic-05-GVL:",
          "aus:vic:vic-05-V50:"
        ]
      }
    },
    {
      "type": "Feature",
      "geometry": {
        "type": "Point",
        "coordinates": [
          145.01488853,
          -36.58546194
        ]
      },
      "properties": {
        "average_wait_time": 999.0000610351562,
        "color": "#e74c3c",
        "connectivity_score": 7.0714287757873535,
        "coverage_score": 10.0,
        "frequency_score": 0.0,
        "id": "5-15144",
        "mode_id": 5,
        "mode_name": "Regional Coach",
        "name": "School St/Moora Rd",
        "nearby_stops": [
          {
            "distance": 28.949219332020558,
            "id": "5-15143",
            "mode_name": "Regional Coach",
            "name": "High St/Moora Rd"
          }
        ],
        "reliability_score": 14.285715103149414,
        "route_ids": [
          "aus:vic:vic-05-V07:"
        ]
      }
    },
    {
      "type": "Feature",
      "geometry": {
        "type": "Point",
        "coordinates": [
          143.31058197,
          -35.05422059
        ]
      },
      "properties": {
        "average_wait_time": 625.0,
        "color": "#e74c3c",
        "connectivity_score": 12.971427917480469,
        "coverage_score": 20.0,
        "frequency_score": 6.0,
        "id": "5-17124",
        "mode_id": 5,
        "mode_name": "Regional Coach",
        "name": "General Store/Murray St",
        "nearby_stops": [
          {
            "distance": 43.54965328572988,
            "id": "5-17125",
            "mode_name": "Regional Coach",
            "name": "General Store/Murray St"
          }
        ],
        "reliability_score": 14.285715103149414,
        "route_ids": [
          "aus:vic:vic-05-V47:",
          "aus:vic:vic-05-V35:"
        ]
      }
    },
    {
      "type": "Feature",
      "geometry": {
        "type": "Point",
        "coordinates": [
          145.28007011,
          -37.37443796
        ]
      },
      "properties": {
        "average_wait_time": 723.4000244140625,
        "color": "#e74c3c",
        "connectivity_score": 9.471428871154785,
        "coverage_score": 10.0,
        "frequency_score": 6.0,
        "id": "5-17586",
        "mode_id": 5,
        "mode_name": "Regional Coach",
        "name": "Silver Creek Rd/Whittlesea-Yea Rd",
        "nearby_stops": [
          {
            "distance": 54.516579201122205,
            "id": "5-17585",
            "mode_name": "Regional Coach",
            "name": "Silver Creek Rd/Whittlesea-Yea Rd"
          }
        ],
        "reliability_score": 14.285715103149414,
        "route_ids": [
          "aus:vic:vic-05-V28:"
        ]
      }
    },
    {
      "type": "Feature",
      "geometry": {
        "type": "Point",
        "coordinates": [
          141.6254206,
          -38.2560864
        ]
      },
      "properties": {
        "average_wait_time": 999.0000610351562,
        "color": "#e74c3c",
        "connectivity_score": 7.0714287757873535,
        "coverage_score": 10.0,
        "frequency_score": 0.0,
        "id": "5-36338",
        "mode_id": 5,
        "mode_name": "Regional Coach",
        "name": "Segtnan Ct/Princes Hwy",
        "nearby_stops": [],
        "reliability_score": 14.285715103149414,
        "route_ids": [
          "aus:vic:vic-05-V16:"
        ]
      }
    },
    {
      "type": "Feature",
      "geometry": {
        "type": "Point",
        "coordinates": [
          144.79709591,
          -36.45782902
        ]
      },
      "properties": {
        "average_wait_time": 629.4000244140625,
        "color": "#e74c3c",
        "connectivity_score": 9.471428871154785,
        "coverage_score": 10.0,
        "frequency_score": 6.0,
        "id": "5-20904",
        "mode_id": 5,
        "mode_name": "Regional Coach",
        "name": "BP Service Station/1929 Midland Hwy",
        "nearby_stops": [],
        "reliability_score": 14.285715103149414,
        "route_ids": [
          "aus:vic:vic-05-V11:"
        ]
      }
    },
    {
      "type": "Feature",
      "geometry": {
        "type": "Point",
        "coordinates": [
          143.97231415,
          -37.63659972
        ]
      },
      "properties": {
        "average_wait_time": 999.0000610351562,
        "color": "#e74c3c",
        "connectivity_score": 7.0714287757873535,
        "coverage_score": 10.0,
        "frequency_score": 0.0,
        "id": "5-10545",
        "mode_id": 5,
        "mode_name": "Regional Coach",
        "name": "Yendon Rd/Harbours Rd",
        "nearby_stops": [
          {
            "distance": 12.631066090989819,
            "id": "5-12451",
            "mode_name": "Regional Coach",
            "name": "Yendon Rd/Harbours Rd"
          }
        ],
        "reliability_score": 14.285715103149414,
        "route_ids": [
          "aus:vic:vic-05-V02:"
        ]
      }
    },
    {
      "type": "Feature",
      "geometry": {
        "type": "Point",
        "coordinates": [
          143.8995484,
          -36.74004955
        ]
      },
      "properties": {
        "average_wait_time": 670.800048828125,
        "color": "#e74c3c",
        "connectivity_score": 9.471428871154785,
        "coverage_score": 10.0,
        "frequency_score": 6.0,
        "id": "5-42321",
        "mode_id": 5,
        "mode_name": "Regional Coach",
        "name": "Newbridge General Store/Wimmera Hwy",
        "nearby_stops": [
          {
            "distance": 10.338500730722266,
            "id": "5-42328",
            "mode_name": "Regional Coach",
            "name": "Newbridge General Store/Wimmera Hwy"
          }
        ],
        "reliability_score": 14.285715103149414,
        "route_ids": [
          "aus:vic:vic-05-V19:"
        ]
      }
    },
    {
      "type": "Feature",
      "geometry": {
        "type": "Point",
        "coordinates": [
          141.60274384,
          -38.34603736
        ]
      },
      "properties": {
        "average_wait_time": 336.35003662109375,
        "color": "#e74c3c",
        "connectivity_score": 14.771429061889648,
        "coverage_score": 20.0,
        "frequency_score": 10.5,
        "id": "5-17745",
        "mode_id": 5,
        "mode_name": "Regional Coach",
        "name": "Henty Street Bus Interchange/Henty St",
        "nearby_stops": [
          {
            "distance": 27.17009904770057,
            "id": "5-36341",
            "mode_name": "Regional Coach",
            "name": "Henty Street Bus Interchange/Henty St"
          }
        ],
        "reliability_score": 14.285715103149414,
        "route_ids": [
          "aus:vic:vic-05-V30:"
        ]
      }
    },
    {
      "type": "Feature",
      "geometry": {
        "type": "Point",
        "coordinates": [
          143.97647113,
          -38.54329337
        ]
      },
      "properties": {
        "average_wait_time": 340.2750244140625,
        "color": "#e74c3c",
        "connectivity_score": 29.057144165039062,
        "coverage_score": 20.0,
        "frequency_score": 10.5,
        "id": "5-45478",
        "mode_id": 5,
        "mode_name": "Regional Coach",
        "name": "Lorne Hotel/Great Ocean Rd",
        "nearby_stops": [
          {
            "distance": 78.80667008519258,
            "id": "5-45477",
            "mode_name": "Regional Coach",
            "name": "Lorne Hotel/Great Ocean Rd"
          }
        ],
        "reliability_score": 71.42857360839844,
        "route_ids": [
          "aus:vic:vic-05-GVL:",
          "aus:vic:vic-05-V50:"
        ]
      }
    },
    {
      "type": "Feature",
      "geometry": {
        "type": "Point",
        "coordinates": [
          143.35087668,
          -36.26835214
        ]
      },
      "properties": {
        "average_wait_time": 999.0000610351562,
        "color": "#e74c3c",
        "connectivity_score": 7.0714287757873535,
        "coverage_score": 10.0,
        "frequency_score": 0.0,
        "id": "5-16253",
        "mode_id": 5,
        "mode_name": "Regional Coach",
        "name": "Travellers Rest/John Curtin Dr",
        "nearby_stops": [],
        "reliability_score": 14.285715103149414,
        "route_ids": [
          "aus:vic:vic-05-V39:"
        ]
      }
    },
    {
      "type": "Feature",
      "geometry": {
        "type": "Point",
        "coordinates": [
          141.61968264,
          -38.18571464
        ]
      },
      "properties": {
        "average_wait_time": 999.0000610351562,
        "color": "#e74c3c",
        "connectivity_score": 7.0714287757873535,
        "coverage_score": 10.0,
        "frequency_score": 0.0,
        "id": "5-36336",
        "mode_id": 5,
        "mode_name": "Regional Coach",
        "name": "Coffeys Lane/Princes Hwy",
        "nearby_stops": [],
        "reliability_score": 14.285715103149414,
        "route_ids": [
          "aus:vic:vic-05-V16:"
        ]
      }
    },
    {
      "type": "Feature",
      "geometry": {
        "type": "Point",
        "coordinates": [
          142.47022867,
          -36.62011582
        ]
      },
      "properties": {
        "average_wait_time": 648.0999755859375,
        "color": "#e74c3c",
        "connectivity_score": 16.47142791748047,
        "coverage_score": 30.0,
        "frequency_score": 6.0,
        "id": "5-17809",
        "mode_id": 5,
        "mode_name": "Regional Coach",
        "name": "McDonald St/Marma St",
        "nearby_stops": [
          {
            "distance": 36.42769152334587,
            "id": "5-48039",
            "mode_name": "Regional Coach",
            "name": "McDonald St/Marma St"
          }
        ],
        "reliability_score": 14.285715103149414,
        "route_ids": [
          "aus:vic:vic-05-V02:",
          "aus:vic:vic-05-V03:"
        ]
      }
    },
    {
      "type": "Feature",
      "geometry": {
        "type": "Point",
        "coordinates": [
          145.94050049,
          -37.02881804
        ]
      },
      "properties": {
        "average_wait_time": 653.9000244140625,
        "color": "#e74c3c",
        "connectivity_score": 9.471428871154785,
        "coverage_score": 10.0,
        "frequency_score": 6.0,
        "id": "5-18682",
        "mode_id": 5,
        "mode_name": "Regional Coach",
        "name": "Opposite CFA/Maroondah Hwy",
        "nearby_stops": [
          {
            "distance": 34.89294533966106,
            "id": "5-18681",
            "mode_name": "Regional Coach",
            "name": "Opposite CFA/Maroondah Hwy"
          }
        ],
        "reliability_score": 14.285715103149414,
        "route_ids": [
          "aus:vic:vic-05-V28:"
        ]
      }
    },
    {
      "type": "Feature",
      "geometry": {
        "type": "Point",
        "coordinates": [
          146.0002692,
          -34.56765206
        ]
      },
      "properties": {
        "average_wait_time": 999.0000610351562,
        "color": "#e74c3c",
        "connectivity_score": 7.0714287757873535,
        "coverage_score": 10.0,
        "frequency_score": 0.0,
        "id": "5-17453",
        "mode_id": 5,
        "mode_name": "Regional Coach",
        "name": "Rivadestra Pizza & Pasta/Bridge Rd",
        "nearby_stops": [
          {
            "distance": 19.01788137282209,
            "id": "5-48741",
            "mode_name": "Regional Coach",
            "name": "Stock St/Bridge Rd"
          }
        ],
        "reliability_score": 14.285715103149414,
        "route_ids": [
          "aus:vic:vic-05-V41:"
        ]
      }
    },
    {
      "type": "Feature",
      "geometry": {
        "type": "Point",
        "coordinates": [
          149.59200294,
          -37.47506014
        ]
      },
      "properties": {
        "average_wait_time": 999.0000610351562,
        "color": "#e74c3c",
        "connectivity_score": 7.0714287757873535,
        "coverage_score": 10.0,
        "frequency_score": 0.0,
        "id": "5-20863",
        "mode_id": 5,
        "mode_name": "Regional Coach",
        "name": "Genoa Hotel/Alexanders Rd",
        "nearby_stops": [],
        "reliability_score": 14.285715103149414,
        "route_ids": [
          "aus:vic:vic-05-V09:"
        ]
      }
    },
    {
      "type": "Feature",
      "geometry": {
        "type": "Point",
        "coordinates": [
          145.70644445,
          -38.36868909
        ]
      },
      "properties": {
        "average_wait_time": 336.6625061035156,
        "color": "#e74c3c",
        "connectivity_score": 11.271429061889648,
        "coverage_score": 10.0,
        "frequency_score": 10.5,
        "id": "5-17345",
        "mode_id": 5,
        "mode_name": "Regional Coach",
        "name": "Clarence St/Victoria Rd",
        "nearby_stops": [
          {
            "distance": 19.85003394494596,
            "id": "5-17346",
            "mode_name": "Regional Coach",
            "name": "Clarence St/Victoria Rd"
          }
        ],
        "reliability_score": 14.285715103149414,
        "route_ids": [
          "aus:vic:vic-05-V52:"
        ]
      }
    },
    {
      "type": "Feature",
      "geometry": {
        "type": "Point",
        "coordinates": [
          144.13193558,
          -37.9670012
        ]
      },
      "properties": {
        "average_wait_time": 633.6666870117188,
        "color": "#e74c3c",
        "connectivity_score": 12.971427917480469,
        "coverage_score": 20.0,
        "frequency_score": 6.0,
        "id": "5-45969",
        "mode_id": 5,
        "mode_name": "Regional Coach",
        "name": "General Store/Midland Hwy",
        "nearby_stops": [
          {
            "distance": 15.040836845505346,
            "id": "5-20909",
            "mode_name": "Regional Coach",
            "name": "General Store/Midland Hwy"
          }
        ],
        "reliability_score": 14.285715103149414,
        "route_ids": [
          "aus:vic:vic-05-V02:",
          "aus:vic:vic-05-V22:"
        ]
      }
    },
    {
      "type": "Feature",
      "geometry": {
        "type": "Point",
        "coordinates": [
          144.25778614,
          -38.34955887
        ]
      },
      "properties": {
        "average_wait_time": 351.0250244140625,
        "color": "#e74c3c",
        "connectivity_score": 31.457143783569336,
        "coverage_score": 20.0,
        "frequency_score": 16.5,
        "id": "5-17693",
        "mode_id": 5,
        "mode_name": "Regional Coach",
        "name": "Adiscott Rd/Great Ocean Rd",
        "nearby_stops": [
          {
            "distance": 23.520123589529188,
            "id": "5-17694",
            "mode_name": "Regional Coach",
            "name": "Adiscott Rd/Great Ocean Rd"
          }
        ],
        "reliability_score": 71.42857360839844,
        "route_ids": [
          "aus:vic:vic-05-GVL:",
          "aus:vic:vic-05-V50:"
        ]
      }
    },
    {
      "type": "Feature",
      "geometry": {
        "type": "Point",
        "coordinates": [
          144.32007529,
          -38.30729207
        ]
      },
      "properties": {
        "average_wait_time": 352.5,
        "color": "#e74c3c",
        "connectivity_score": 31.457143783569336,
        "coverage_score": 20.0,
        "frequency_score": 16.5,
        "id": "5-45271",
        "mode_id": 5,
        "mode_name": "Regional Coach",
        "name": "Merrijig Dr/Surf Coast Hwy",
        "nearby_stops": [
          {
            "distance": 120.98630010442774,
            "id": "5-45140",
            "mode_name": "Regional Coach",
            "name": "Merrijig Dr/Surf Coast Hwy"
          }
        ],
        "reliability_score": 71.42857360839844,
        "route_ids": [
          "aus:vic:vic-05-GVL:",
          "aus:vic:vic-05-V50:"
        ]
      }
    },
    {
      "type": "Feature",
      "geometry": {
        "type": "Point",
        "coordinates": [
          145.53005413,
          -38.40815348
        ]
      },
      "properties": {
        "average_wait_time": 336.6625061035156,
        "color": "#e74c3c",
        "connectivity_score": 11.271429061889648,
        "coverage_score": 10.0,
        "frequency_score": 10.5,
        "id": "5-17369",
        "mode_id": 5,
        "mode_name": "Regional Coach",
        "name": "Grantville-Glen Alvie Rd/Bass Hwy",
        "nearby_stops": [
          {
            "distance": 137.64152850677272,
            "id": "5-17368",
            "mode_name": "Regional Coach",
            "name": "Pier Rd/Bass Hwy"
          }
        ],
        "reliability_score": 14.285715103149414,
        "route_ids": [
          "aus:vic:vic-05-V15:"
        ]
      }
    },
    {
      "type": "Feature",
      "geometry": {
        "type": "Point",
        "coordinates": [
          143.7305737,
          -36.85839091
        ]
      },
      "properties": {
        "average_wait_time": 311.45001220703125,
        "color": "#e74c3c",
        "connectivity_score": 27.371429443359375,
        "coverage_score": 20.0,
        "frequency_score": 42.0,
        "id": "5-17994",
        "mode_id": 5,
        "mode_name": "Regional Coach",
        "name": "Bull St/Broadway",
        "nearby_stops": [
          {
            "distance": 24.225562125100424,
            "id": "5-17993",
            "mode_name": "Regional Coach",
            "name": "Bull St/Broadway"
          }
        ],
        "reliability_score": 14.285715103149414,
        "route_ids": [
          "aus:vic:vic-05-V03:",
          "aus:vic:vic-05-V19:"
        ]
      }
    },
    {
      "type": "Feature",
      "geometry": {
        "type": "Point",
        "coordinates": [
          142.85345134,
          -37.15149506
        ]
      },
      "properties": {
        "average_wait_time": 360.0,
        "color": "#e74c3c",
        "connectivity_score": 18.27142906188965,
        "coverage_score": 30.0,
        "frequency_score": 10.5,
        "id": "5-17801",
        "mode_id": 5,
        "mode_name": "Regional Coach",
        "name": "Cuibitt St/Western Hwy",
        "nearby_stops": [
          {
            "distance": 159.98807166212953,
            "id": "5-17802",
            "mode_name": "Regional Coach",
            "name": "Cubitt St/Western Hwy"
          }
        ],
        "reliability_score": 14.285715103149414,
        "route_ids": [
          "aus:vic:vic-05-V38:",
          "aus:vic:vic-05-V37:",
          "aus:vic:vic-05-V02:"
        ]
      }
    },
    {
      "type": "Feature",
      "geometry": {
        "type": "Point",
        "coordinates": [
          145.58281458,
          -38.58968235
        ]
      },
      "properties": {
        "average_wait_time": 410.8666687011719,
        "color": "#e74c3c",
        "connectivity_score": 11.271429061889648,
        "coverage_score": 10.0,
        "frequency_score": 10.5,
        "id": "5-37978",
        "mode_id": 5,
        "mode_name": "Regional Coach",
        "name": "South Dudley Rd/Bass Hwy",
        "nearby_stops": [
          {
            "distance": 26.001139198084687,
            "id": "5-37977",
            "mode_name": "Regional Coach",
            "name": "Wonthaggi Community Garden/Bass Hwy"
          }
        ],
        "reliability_score": 14.285715103149414,
        "route_ids": [
          "aus:vic:vic-05-V15:"
        ]
      }
    },
    {
      "type": "Feature",
      "geometry": {
        "type": "Point",
        "coordinates": [
          147.99457464,
          -37.87762023
        ]
      },
      "properties": {
        "average_wait_time": 344.3900146484375,
        "color": "#e74c3c",
        "connectivity_score": 11.271429061889648,
        "coverage_score": 10.0,
        "frequency_score": 10.5,
        "id": "5-41106",
        "mode_id": 5,
        "mode_name": "Regional Coach",
        "name": "Police Station/Roadknight St",
        "nearby_stops": [
          {
            "distance": 73.24515608953402,
            "id": "5-16558",
            "mode_name": "Regional Coach",
            "name": "Police Station/Roadknight St"
          }
        ],
        "reliability_score": 14.285715103149414,
        "route_ids": [
          "aus:vic:vic-05-V25:"
        ]
      }
    },
    {
      "type": "Feature",
      "geometry": {
        "type": "Point",
        "coordinates": [
          143.15045912,
          -34.71605568
        ]
      },
      "properties": {
        "average_wait_time": 629.2000122070312,
        "color": "#e74c3c",
        "connectivity_score": 12.971427917480469,
        "coverage_score": 20.0,
        "frequency_score": 6.0,
        "id": "5-16965",
        "mode_id": 5,
        "mode_name": "Regional Coach",
        "name": "Kooloonong Rd/Murray Valley Hwy ",
        "nearby_stops": [
          {
            "distance": 16.25391962303786,
            "id": "5-16940",
            "mode_name": "Regional Coach",
            "name": "Kooloonong Rd/Murray Valley Hwy "
          }
        ],
        "reliability_score": 14.285715103149414,
        "route_ids": [
          "aus:vic:vic-05-V35:"
        ]
      }
    },
    {
      "type": "Feature",
      "geometry": {
        "type": "Point",
        "coordinates": [
          145.4792578,
          -35.92534871
        ]
      },
      "properties": {
        "average_wait_time": 625.0,
        "color": "#e74c3c",
        "connectivity_score": 12.971427917480469,
        "coverage_score": 20.0,
        "frequency_score": 6.0,
        "id": "5-17572",
        "mode_id": 5,
        "mode_name": "Regional Coach",
        "name": "Maguire St/Murray Valley Hwy",
        "nearby_stops": [
          {
            "distance": 99.16151414648472,
            "id": "5-17573",
            "mode_name": "Regional Coach",
            "name": "Maguire St/Murray Valley Hwy"
          }
        ],
        "reliability_score": 14.285715103149414,
        "route_ids": [
          "aus:vic:vic-05-V31:",
          "aus:vic:vic-05-V41:"
        ]
      }
    },
    {
      "type": "Feature",
      "geometry": {
        "type": "Point",
        "coordinates": [
          145.82192639,
          -38.43036697
        ]
      },
      "properties": {
        "average_wait_time": 336.8125,
        "color": "#e74c3c",
        "connectivity_score": 11.271429061889648,
        "coverage_score": 10.0,
        "frequency_score": 10.5,
        "id": "5-17348",
        "mode_id": 5,
        "mode_name": "Regional Coach",
        "name": "King St/Commercial St",
        "nearby_stops": [
          {
            "distance": 114.71094465387964,
            "id": "5-17347",
            "mode_name": "Regional Coach",
            "name": "King St/Commercial St"
          }
        ],
        "reliability_score": 14.285715103149414,
        "route_ids": [
          "aus:vic:vic-05-V52:"
        ]
      }
    },
    {
      "type": "Feature",
      "geometry": {
        "type": "Point",
        "coordinates": [
          146.45933704,
          -36.055054
        ]
      },
      "properties": {
        "average_wait_time": 365.2500305175781,
        "color": "#e74c3c",
        "connectivity_score": 14.771429061889648,
        "coverage_score": 20.0,
        "frequency_score": 10.5,
        "id": "5-42050",
        "mode_id": 5,
        "mode_name": "Regional Coach",
        "name": "High St/Murray St",
        "nearby_stops": [],
        "reliability_score": 14.285715103149414,
        "route_ids": [
          "aus:vic:vic-05-V31:",
          "aus:vic:vic-05-V17:"
        ]
      }
    },
    {
      "type": "Feature",
      "geometry": {
        "type": "Point",
        "coordinates": [
          144.32005803,
          -38.3083819
        ]
      },
      "properties": {
        "average_wait_time": 352.5,
        "color": "#e74c3c",
        "connectivity_score": 31.457143783569336,
        "coverage_score": 20.0,
        "frequency_score": 16.5,
        "id": "5-45140",
        "mode_id": 5,
        "mode_name": "Regional Coach",
        "name": "Merrijig Dr/Surf Coast Hwy",
        "nearby_stops": [
          {
            "distance": 120.98630010442774,
            "id": "5-45271",
            "mode_name": "Regional Coach",
            "name": "Merrijig Dr/Surf Coast Hwy"
          }
        ],
        "reliability_score": 71.42857360839844,
        "route_ids": [
          "aus:vic:vic-05-GVL:",
          "aus:vic:vic-05-V50:"
        ]
      }
    },
    {
      "type": "Feature",
      "geometry": {
        "type": "Point",
        "coordinates": [
          146.5409273,
          -36.43280958
        ]
      },
      "properties": {
        "average_wait_time": 774.0,
        "color": "#e74c3c",
        "connectivity_score": 8.871429443359375,
        "coverage_score": 10.0,
        "frequency_score": 4.5,
        "id": "5-22624",
        "mode_id": 5,
        "mode_name": "Regional Coach",
        "name": "Everton General Store/Great Alpine Rd",
        "nearby_stops": [
          {
            "distance": 29.019233472107516,
            "id": "5-37634",
            "mode_name": "Regional Coach",
            "name": "Everton General Store/Great Alpine Rd"
          }
        ],
        "reliability_score": 14.285715103149414,
        "route_ids": [
          "aus:vic:vic-05-mtb:"
        ]
      }
    },
    {
      "type": "Feature",
      "geometry": {
        "type": "Point",
        "coordinates": [
          145.12068141,
          -37.92516253
        ]
      },
      "properties": {
        "average_wait_time": 600.4000244140625,
        "color": "#e74c3c",
        "connectivity_score": 22.27142906188965,
        "coverage_score": 10.0,
        "frequency_score": 38.0,
        "id": "5-4649",
        "mode_id": 5,
        "mode_name": "Regional Coach",
        "name": "Clayton Station/Haughton Rd ",
        "nearby_stops": [],
        "reliability_score": 14.285715103149414,
        "route_ids": [
          "aus:vic:vic-05-TRN:"
        ]
      }
    },
    {
      "type": "Feature",
      "geometry": {
        "type": "Point",
        "coordinates": [
          146.98236418,
          -37.97040006
        ]
      },
      "properties": {
        "average_wait_time": 452.20001220703125,
        "color": "#e74c3c",
        "connectivity_score": 11.271429061889648,
        "coverage_score": 10.0,
        "frequency_score": 10.5,
        "id": "5-17780",
        "mode_id": 5,
        "mode_name": "Regional Coach",
        "name": "Boisdale St/Johnson St",
        "nearby_stops": [],
        "reliability_score": 14.285715103149414,
        "route_ids": [
          "aus:vic:vic-05-V43:"
        ]
      }
    },
    {
      "type": "Feature",
      "geometry": {
        "type": "Point",
        "coordinates": [
          150.06446513,
          -36.42227082
        ]
      },
      "properties": {
        "average_wait_time": 999.0000610351562,
        "color": "#e74c3c",
        "connectivity_score": 7.0714287757873535,
        "coverage_score": 10.0,
        "frequency_score": 0.0,
        "id": "5-46541",
        "mode_id": 5,
        "mode_name": "Regional Coach",
        "name": "Wapengo St/Wallaga Lake Rd",
        "nearby_stops": [],
        "reliability_score": 14.285715103149414,
        "route_ids": [
          "aus:vic:vic-05-V09:"
        ]
      }
    },
    {
      "type": "Feature",
      "geometry": {
        "type": "Point",
        "coordinates": [
          142.2388876,
          -38.38351853
        ]
      },
      "properties": {
        "average_wait_time": 397.1250305175781,
        "color": "#e74c3c",
        "connectivity_score": 11.271429061889648,
        "coverage_score": 10.0,
        "frequency_score": 10.5,
        "id": "5-36550",
        "mode_id": 5,
        "mode_name": "Regional Coach",
        "name": "Port Fairy Visitor Centre/Bank St",
        "nearby_stops": [],
        "reliability_score": 14.285715103149414,
        "route_ids": [
          "aus:vic:vic-05-V30:"
        ]
      }
    },
    {
      "type": "Feature",
      "geometry": {
        "type": "Point",
        "coordinates": [
          144.36879683,
          -35.95628939
        ]
      },
      "properties": {
        "average_wait_time": 332.7833557128906,
        "color": "#e74c3c",
        "connectivity_score": 20.071428298950195,
        "coverage_score": 30.0,
        "frequency_score": 15.0,
        "id": "5-15115",
        "mode_id": 5,
        "mode_name": "Regional Coach",
        "name": "Newsagent/Murray Valley Hwy",
        "nearby_stops": [
          {
            "distance": 34.01831996452947,
            "id": "5-15116",
            "mode_name": "Regional Coach",
            "name": "Newsagent/Murray Valley Hwy"
          }
        ],
        "reliability_score": 14.285715103149414,
        "route_ids": [
          "aus:vic:vic-05-V31:",
          "aus:vic:vic-05-V10:",
          "aus:vic:vic-05-V47:"
        ]
      }
    },
    {
      "type": "Feature",
      "geometry": {
        "type": "Point",
        "coordinates": [
          143.15576615,
          -38.69126511
        ]
      },
      "properties": {
        "average_wait_time": 644.4000244140625,
        "color": "#e74c3c",
        "connectivity_score": 9.471428871154785,
        "coverage_score": 10.0,
        "frequency_score": 6.0,
        "id": "5-17723",
        "mode_id": 5,
        "mode_name": "Regional Coach",
        "name": "Old Ocean Rd/Great Ocean Rd",
        "nearby_stops": [
          {
            "distance": 34.526301056978134,
            "id": "5-17722",
            "mode_name": "Regional Coach",
            "name": "Old Ocean Rd/Great Ocean Rd"
          }
        ],
        "reliability_score": 14.285715103149414,
        "route_ids": [
          "aus:vic:vic-05-V50:"
        ]
      }
    },
    {
      "type": "Feature",
      "geometry": {
        "type": "Point",
        "coordinates": [
          144.71185196,
          -36.92740598
        ]
      },
      "properties": {
        "average_wait_time": 340.20001220703125,
        "color": "#e74c3c",
        "connectivity_score": 28.4714298248291,
        "coverage_score": 30.0,
        "frequency_score": 36.0,
        "id": "5-15096",
        "mode_id": 5,
        "mode_name": "Regional Coach",
        "name": "Jennings St/Northern Hwy",
        "nearby_stops": [
          {
            "distance": 50.11907009572889,
            "id": "5-15097",
            "mode_name": "Regional Coach",
            "name": "Jennings St/Northern Hwy"
          }
        ],
        "reliability_score": 14.285715103149414,
        "route_ids": [
          "aus:vic:vic-05-V10:",
          "aus:vic:vic-05-V20:"
        ]
      }
    },
    {
      "type": "Feature",
      "geometry": {
        "type": "Point",
        "coordinates": [
          145.29112542,
          -38.50788458
        ]
      },
      "properties": {
        "average_wait_time": 352.82000732421875,
        "color": "#e74c3c",
        "connectivity_score": 11.271429061889648,
        "coverage_score": 10.0,
        "frequency_score": 10.5,
        "id": "5-37987",
        "mode_id": 5,
        "mode_name": "Regional Coach",
        "name": "General Store/Phillip Island Rd",
        "nearby_stops": [
          {
            "distance": 35.300859445933874,
            "id": "5-38000",
            "mode_name": "Regional Coach",
            "name": "General Store/Phillip Island Rd"
          }
        ],
        "reliability_score": 14.285715103149414,
        "route_ids": [
          "aus:vic:vic-05-V15:"
        ]
      }
    },
    {
      "type": "Feature",
      "geometry": {
        "type": "Point",
        "coordinates": [
          142.11818847,
          -36.5847672
        ]
      },
      "properties": {
        "average_wait_time": 639.2000122070312,
        "color": "#e74c3c",
        "connectivity_score": 9.471428871154785,
        "coverage_score": 10.0,
        "frequency_score": 6.0,
        "id": "5-17829",
        "mode_id": 5,
        "mode_name": "Regional Coach",
        "name": "Fisher St/Western Hwy",
        "nearby_stops": [
          {
            "distance": 17.52727158955026,
            "id": "5-17828",
            "mode_name": "Regional Coach",
            "name": "Fisher St/Western Hwy"
          }
        ],
        "reliability_score": 14.285715103149414,
        "route_ids": [
          "aus:vic:vic-05-V37:"
        ]
      }
    },
    {
      "type": "Feature",
      "geometry": {
        "type": "Point",
        "coordinates": [
          143.97452232,
          -38.53724283
        ]
      },
      "properties": {
        "average_wait_time": 340.8500061035156,
        "color": "#e74c3c",
        "connectivity_score": 29.057144165039062,
        "coverage_score": 20.0,
        "frequency_score": 10.5,
        "id": "5-17711",
        "mode_id": 5,
        "mode_name": "Regional Coach",
        "name": "Lorne Visitor Centre/Great Ocean Rd",
        "nearby_stops": [
          {
            "distance": 22.938437583030225,
            "id": "5-17712",
            "mode_name": "Regional Coach",
            "name": "Lorne Visitor Centre/Great Ocean Rd"
          }
        ],
        "reliability_score": 71.42857360839844,
        "route_ids": [
          "aus:vic:vic-05-GVL:",
          "aus:vic:vic-05-V50:"
        ]
      }
    },
    {
      "type": "Feature",
      "geometry": {
        "type": "Point",
        "coordinates": [
          144.79609794,
          -36.59022338
        ]
      },
      "properties": {
        "average_wait_time": 999.0000610351562,
        "color": "#e74c3c",
        "connectivity_score": 7.0714287757873535,
        "coverage_score": 10.0,
        "frequency_score": 0.0,
        "id": "5-36895",
        "mode_id": 5,
        "mode_name": "Regional Coach",
        "name": "Colbinabbin General Store/Mitchell St",
        "nearby_stops": [
          {
            "distance": 19.01647830697684,
            "id": "5-36894",
            "mode_name": "Regional Coach",
            "name": "Colbinabbin General Store/Mitchell St"
          }
        ],
        "reliability_score": 14.285715103149414,
        "route_ids": [
          "aus:vic:vic-05-V07:"
        ]
      }
    },
    {
      "type": "Feature",
      "geometry": {
        "type": "Point",
        "coordinates": [
          143.97456626,
          -36.33188026
        ]
      },
      "properties": {
        "average_wait_time": 609.800048828125,
        "color": "#e74c3c",
        "connectivity_score": 11.871429443359375,
        "coverage_score": 10.0,
        "frequency_score": 12.0,
        "id": "5-43843",
        "mode_id": 5,
        "mode_name": "Regional Coach",
        "name": "Loddon Valley Hwy",
        "nearby_stops": [
          {
            "distance": 18.545285064784288,
            "id": "5-46412",
            "mode_name": "Regional Coach",
            "name": "Loddon Valley Hwy"
          }
        ],
        "reliability_score": 14.285715103149414,
        "route_ids": [
          "aus:vic:vic-05-V35:"
        ]
      }
    },
    {
      "type": "Feature",
      "geometry": {
        "type": "Point",
        "coordinates": [
          143.74240234,
          -37.05090849
        ]
      },
      "properties": {
        "average_wait_time": 632.4000244140625,
        "color": "#e74c3c",
        "connectivity_score": 12.971427917480469,
        "coverage_score": 20.0,
        "frequency_score": 6.0,
        "id": "5-44959",
        "mode_id": 5,
        "mode_name": "Regional Coach",
        "name": "Maryborough Station/Station St ",
        "nearby_stops": [],
        "reliability_score": 14.285715103149414,
        "route_ids": [
          "aus:vic:vic-05-V34:",
          "aus:vic:vic-05-V27:"
        ]
      }
    },
    {
      "type": "Feature",
      "geometry": {
        "type": "Point",
        "coordinates": [
          142.96708791,
          -37.68915072
        ]
      },
      "properties": {
        "average_wait_time": 660.5,
        "color": "#e74c3c",
        "connectivity_score": 9.471428871154785,
        "coverage_score": 10.0,
        "frequency_score": 6.0,
        "id": "5-17764",
        "mode_id": 5,
        "mode_name": "Regional Coach",
        "name": "General Store/Glenelg Hwy",
        "nearby_stops": [
          {
            "distance": 23.72007473983046,
            "id": "5-17765",
            "mode_name": "Regional Coach",
            "name": "General Store/Glenelg Hwy"
          }
        ],
        "reliability_score": 14.285715103149414,
        "route_ids": [
          "aus:vic:vic-05-V29:"
        ]
      }
    },
    {
      "type": "Feature",
      "geometry": {
        "type": "Point",
        "coordinates": [
          145.33487204,
          -38.52104055
        ]
      },
      "properties": {
        "average_wait_time": 352.33001708984375,
        "color": "#e74c3c",
        "connectivity_score": 11.271429061889648,
        "coverage_score": 10.0,
        "frequency_score": 10.5,
        "id": "5-37986",
        "mode_id": 5,
        "mode_name": "Regional Coach",
        "name": "Cape Woolamai/Phillip Island Rd",
        "nearby_stops": [
          {
            "distance": 23.922039786303433,
            "id": "5-38001",
            "mode_name": "Regional Coach",
            "name": "Cape Woolamai/Phillip Island Rd"
          }
        ],
        "reliability_score": 14.285715103149414,
        "route_ids": [
          "aus:vic:vic-05-V15:"
        ]
      }
    },
    {
      "type": "Feature",
      "geometry": {
        "type": "Point",
        "coordinates": [
          143.84724398,
          -37.55855575
        ]
      },
      "properties": {
        "average_wait_time": 414.0000305175781,
        "color": "#e74c3c",
        "connectivity_score": 14.771429061889648,
        "coverage_score": 20.0,
        "frequency_score": 10.5,
        "id": "5-49917",
        "mode_id": 5,
        "mode_name": "Regional Coach",
        "name": "Ballarat Base Hospital/Sturt St",
        "nearby_stops": [
          {
            "distance": 93.43678547961791,
            "id": "5-49915",
            "mode_name": "Regional Coach",
            "name": "Ballarat Base Hospital/Sturt St"
          },
          {
            "distance": 255.3353067962384,
            "id": "5-35029",
            "mode_name": "Regional Coach",
            "name": "Ballarat Base Hospital/Sturt St"
          },
          {
            "distance": 291.27361769177116,
            "id": "5-35120",
            "mode_name": "Regional Coach",
            "name": "Ballarat Base Hospital/Sturt St"
          }
        ],
        "reliability_score": 14.285715103149414,
        "route_ids": [
          "aus:vic:vic-05-V06:"
        ]
      }
    },
    {
      "type": "Feature",
      "geometry": {
        "type": "Point",
        "coordinates": [
          142.80477363,
          -38.08069184
        ]
      },
      "properties": {
        "average_wait_time": 999.0000610351562,
        "color": "#e74c3c",
        "connectivity_score": 7.0714287757873535,
        "coverage_score": 10.0,
        "frequency_score": 0.0,
        "id": "5-1613",
        "mode_id": 5,
        "mode_name": "Regional Coach",
        "name": "Webster St/Dunlop St",
        "nearby_stops": [
          {
            "distance": 29.3122405075612,
            "id": "5-1937",
            "mode_name": "Regional Coach",
            "name": "Webster St/Dunlop St"
          }
        ],
        "reliability_score": 14.285715103149414,
        "route_ids": [
          "aus:vic:vic-05-V06:"
        ]
      }
    },
    {
      "type": "Feature",
      "geometry": {
        "type": "Point",
        "coordinates": [
          144.6827633,
          -36.72088575
        ]
      },
      "properties": {
        "average_wait_time": 663.9000244140625,
        "color": "#e74c3c",
        "connectivity_score": 12.971427917480469,
        "coverage_score": 20.0,
        "frequency_score": 6.0,
        "id": "5-15098",
        "mode_id": 5,
        "mode_name": "Regional Coach",
        "name": "Axedale Rd/Northern Hwy",
        "nearby_stops": [
          {
            "distance": 14.846894989965284,
            "id": "5-15099",
            "mode_name": "Regional Coach",
            "name": "Axedale Rd/Northern Hwy"
          }
        ],
        "reliability_score": 14.285715103149414,
        "route_ids": [
          "aus:vic:vic-05-V10:",
          "aus:vic:vic-05-V20:"
        ]
      }
    },
    {
      "type": "Feature",
      "geometry": {
        "type": "Point",
        "coordinates": [
          140.51763115,
          -35.32915643
        ]
      },
      "properties": {
        "average_wait_time": 642.4000244140625,
        "color": "#e74c3c",
        "connectivity_score": 9.471428871154785,
        "coverage_score": 10.0,
        "frequency_score": 6.0,
        "id": "5-20845",
        "mode_id": 5,
        "mode_name": "Regional Coach",
        "name": "Post Office/Railway Tce",
        "nearby_stops": [],
        "reliability_score": 14.285715103149414,
        "route_ids": [
          "aus:vic:vic-05-V47:"
        ]
      }
    },
    {
      "type": "Feature",
      "geometry": {
        "type": "Point",
        "coordinates": [
          144.96737175,
          -37.7412702
        ]
      },
      "properties": {
        "average_wait_time": 655.800048828125,
        "color": "#e74c3c",
        "connectivity_score": 9.471428871154785,
        "coverage_score": 10.0,
        "frequency_score": 6.0,
        "id": "5-2463",
        "mode_id": 5,
        "mode_name": "Regional Coach",
        "name": "Coburg PS/Bell St",
        "nearby_stops": [],
        "reliability_score": 14.285715103149414,
        "route_ids": [
          "aus:vic:vic-05-V07:"
        ]
      }
    },
    {
      "type": "Feature",
      "geometry": {
        "type": "Point",
        "coordinates": [
          144.19304826,
          -37.37198976
        ]
      },
      "properties": {
        "average_wait_time": 373.3166809082031,
        "color": "#e74c3c",
        "connectivity_score": 11.271429061889648,
        "coverage_score": 10.0,
        "frequency_score": 10.5,
        "id": "5-20913",
        "mode_id": 5,
        "mode_name": "Regional Coach",
        "name": "Opposite Station/Daylesford-Trentham Rd",
        "nearby_stops": [
          {
            "distance": 24.62111337512169,
            "id": "5-46419",
            "mode_name": "Regional Coach",
            "name": "Opposite Station/Daylesford-Trentham Rd"
          }
        ],
        "reliability_score": 14.285715103149414,
        "route_ids": [
          "aus:vic:vic-05-V18:"
        ]
      }
    },
    {
      "type": "Feature",
      "geometry": {
        "type": "Point",
        "coordinates": [
          144.28210371,
          -36.76592841
        ]
      },
      "properties": {
        "average_wait_time": 383.2750244140625,
        "color": "#f1c40f",
        "connectivity_score": 41.67142868041992,
        "coverage_score": 90.0,
        "frequency_score": 16.5,
        "id": "5-16238",
        "mode_id": 5,
        "mode_name": "Regional Coach",
        "name": "Bendigo Station/Railway Pl",
        "nearby_stops": [
          {
            "distance": 81.5196937341838,
            "id": "5-40714",
            "mode_name": "Regional Coach",
            "name": "Bendigo Station/Railway Pl"
          }
        ],
        "reliability_score": 14.285715103149414,
        "route_ids": [
          "aus:vic:vic-05-V22:",
          "aus:vic:vic-05-V39:",
          "aus:vic:vic-05-V32:",
          "aus:vic:vic-05-V19:",
          "aus:vic:vic-05-V03:",
          "aus:vic:vic-05-V11:"
        ]
      }
    },
    {
      "type": "Feature",
      "geometry": {
        "type": "Point",
        "coordinates": [
          142.66328488,
          -36.90678654
        ]
      },
      "properties": {
        "average_wait_time": 999.0000610351562,
        "color": "#e74c3c",
        "connectivity_score": 7.0714287757873535,
        "coverage_score": 10.0,
        "frequency_score": 0.0,
        "id": "5-17808",
        "mode_id": 5,
        "mode_name": "Regional Coach",
        "name": "Wills St/Edwards St",
        "nearby_stops": [
          {
            "distance": 75.38853374654943,
            "id": "5-17807",
            "mode_name": "Regional Coach",
            "name": "Wills St/Edwards St"
          }
        ],
        "reliability_score": 14.285715103149414,
        "route_ids": [
          "aus:vic:vic-05-V38:"
        ]
      }
    },
    {
      "type": "Feature",
      "geometry": {
        "type": "Point",
        "coordinates": [
          142.66442536,
          -35.68247018
        ]
      },
      "properties": {
        "average_wait_time": 999.0000610351562,
        "color": "#e74c3c",
        "connectivity_score": 7.0714287757873535,
        "coverage_score": 10.0,
        "frequency_score": 0.0,
        "id": "5-17985",
        "mode_id": 5,
        "mode_name": "Regional Coach",
        "name": "Woomelang Station/Sunraysia Hwy",
        "nearby_stops": [
          {
            "distance": 16.912141915698278,
            "id": "5-17986",
            "mode_name": "Regional Coach",
            "name": "Woomelang Station/Sunraysia Hwy"
          }
        ],
        "reliability_score": 14.285715103149414,
        "route_ids": [
          "aus:vic:vic-05-V34:"
        ]
      }
    },
    {
      "type": "Feature",
      "geometry": {
        "type": "Point",
        "coordinates": [
          142.85909136,
          -36.14758952
        ]
      },
      "properties": {
        "average_wait_time": 999.0000610351562,
        "color": "#e74c3c",
        "connectivity_score": 7.0714287757873535,
        "coverage_score": 10.0,
        "frequency_score": 0.0,
        "id": "5-17988",
        "mode_id": 5,
        "mode_name": "Regional Coach",
        "name": "Hotel/Sunraysia Hwy",
        "nearby_stops": [
          {
            "distance": 3.914150551914313,
            "id": "5-46415",
            "mode_name": "Regional Coach",
            "name": "Hotel/Sunraysia Hwy"
          }
        ],
        "reliability_score": 14.285715103149414,
        "route_ids": [
          "aus:vic:vic-05-V34:"
        ]
      }
    },
    {
      "type": "Feature",
      "geometry": {
        "type": "Point",
        "coordinates": [
          148.79421452,
          -37.67241319
        ]
      },
      "properties": {
        "average_wait_time": 630.4000244140625,
        "color": "#e74c3c",
        "connectivity_score": 9.471428871154785,
        "coverage_score": 10.0,
        "frequency_score": 6.0,
        "id": "5-22029",
        "mode_id": 5,
        "mode_name": "Regional Coach",
        "name": "Bemm River Rd/Princes Hwy",
        "nearby_stops": [
          {
            "distance": 98.90673203056139,
            "id": "5-49023",
            "mode_name": "Regional Coach",
            "name": "Sydenham Inlet Rd/Princes Hwy"
          }
        ],
        "reliability_score": 14.285715103149414,
        "route_ids": [
          "aus:vic:vic-05-V09:"
        ]
      }
    },
    {
      "type": "Feature",
      "geometry": {
        "type": "Point",
        "coordinates": [
          144.60789368,
          -36.49531116
        ]
      },
      "properties": {
        "average_wait_time": 362.8333435058594,
        "color": "#e74c3c",
        "connectivity_score": 21.77142906188965,
        "coverage_score": 40.0,
        "frequency_score": 10.5,
        "id": "5-15102",
        "mode_id": 5,
        "mode_name": "Regional Coach",
        "name": "Elmore Station/Northern Hwy ",
        "nearby_stops": [
          {
            "distance": 25.049997446089293,
            "id": "5-15103",
            "mode_name": "Regional Coach",
            "name": "Cardwell St/Northern Hwy "
          }
        ],
        "reliability_score": 14.285715103149414,
        "route_ids": [
          "aus:vic:vic-05-V10:",
          "aus:vic:vic-05-ECH:",
          "aus:vic:vic-05-V11:",
          "aus:vic:vic-05-V20:"
        ]
      }
    },
    {
      "type": "Feature",
      "geometry": {
        "type": "Point",
        "coordinates": [
          144.9027181,
          -35.81288724
        ]
      },
      "properties": {
        "average_wait_time": 999.0000610351562,
        "color": "#e74c3c",
        "connectivity_score": 7.0714287757873535,
        "coverage_score": 10.0,
        "frequency_score": 0.0,
        "id": "5-15110",
        "mode_id": 5,
        "mode_name": "Regional Coach",
        "name": "Caltex Service Station/Cobb Hwy",
        "nearby_stops": [
          {
            "distance": 24.76922470134461,
            "id": "5-48740",
            "mode_name": "Regional Coach",
            "name": "Opposite Caltex/Cobb Hwy"
          }
        ],
        "reliability_score": 14.285715103149414,
        "route_ids": [
          "aus:vic:vic-05-V20:"
        ]
      }
    },
    {
      "type": "Feature",
      "geometry": {
        "type": "Point",
        "coordinates": [
          146.05059361,
          -34.28905997
        ]
      },
      "properties": {
        "average_wait_time": 999.0000610351562,
        "color": "#e74c3c",
        "connectivity_score": 7.0714287757873535,
        "coverage_score": 10.0,
        "frequency_score": 0.0,
        "id": "5-17452",
        "mode_id": 5,
        "mode_name": "Regional Coach",
        "name": "Visitors Centre/Jondaryan Ave",
        "nearby_stops": [],
        "reliability_score": 14.285715103149414,
        "route_ids": [
          "aus:vic:vic-05-V41:"
        ]
      }
    },
    {
      "type": "Feature",
      "geometry": {
        "type": "Point",
        "coordinates": [
          142.4386593,
          -35.4017845
        ]
      },
      "properties": {
        "average_wait_time": 999.0000610351562,
        "color": "#e74c3c",
        "connectivity_score": 10.571428298950195,
        "coverage_score": 20.0,
        "frequency_score": 0.0,
        "id": "5-17980",
        "mode_id": 5,
        "mode_name": "Regional Coach",
        "name": "Service Station/Sunraysia Hwy",
        "nearby_stops": [
          {
            "distance": 26.55643847741707,
            "id": "5-17979",
            "mode_name": "Regional Coach",
            "name": "Service Station/Sunraysia Hwy"
          }
        ],
        "reliability_score": 14.285715103149414,
        "route_ids": [
          "aus:vic:vic-05-V38:",
          "aus:vic:vic-05-V34:"
        ]
      }
    },
    {
      "type": "Feature",
      "geometry": {
        "type": "Point",
        "coordinates": [
          142.74284057,
          -34.57490406
        ]
      },
      "properties": {
        "average_wait_time": 780.9000244140625,
        "color": "#e74c3c",
        "connectivity_score": 12.371429443359375,
        "coverage_score": 20.0,
        "frequency_score": 4.5,
        "id": "5-49925",
        "mode_id": 5,
        "mode_name": "Regional Coach",
        "name": "Selwyn St/Sturt Hwy ",
        "nearby_stops": [
          {
            "distance": 10.994475756893923,
            "id": "5-20878",
            "mode_name": "Regional Coach",
            "name": "Selwyn St/Sturt Hwy "
          }
        ],
        "reliability_score": 14.285715103149414,
        "route_ids": [
          "aus:vic:vic-05-V31:",
          "aus:vic:vic-05-V35:"
        ]
      }
    },
    {
      "type": "Feature",
      "geometry": {
        "type": "Point",
        "coordinates": [
          145.64476722,
          -35.92047989
        ]
      },
      "properties": {
        "average_wait_time": 625.8800048828125,
        "color": "#e74c3c",
        "connectivity_score": 12.971427917480469,
        "coverage_score": 20.0,
        "frequency_score": 6.0,
        "id": "5-17569",
        "mode_id": 5,
        "mode_name": "Regional Coach",
        "name": "Cobram Station/Punt Rd",
        "nearby_stops": [],
        "reliability_score": 14.285715103149414,
        "route_ids": [
          "aus:vic:vic-05-V41:",
          "aus:vic:vic-05-V31:"
        ]
      }
    },
    {
      "type": "Feature",
      "geometry": {
        "type": "Point",
        "coordinates": [
          143.34563456,
          -35.10460955
        ]
      },
      "properties": {
        "average_wait_time": 614.280029296875,
        "color": "#e74c3c",
        "connectivity_score": 16.47142791748047,
        "coverage_score": 30.0,
        "frequency_score": 6.0,
        "id": "5-16964",
        "mode_id": 5,
        "mode_name": "Regional Coach",
        "name": "Wood Wood General Store/Murray Valley Hwy",
        "nearby_stops": [
          {
            "distance": 38.20776365705172,
            "id": "5-16963",
            "mode_name": "Regional Coach",
            "name": "Wood Wood General Store/Murray Valley Hwy"
          }
        ],
        "reliability_score": 14.285715103149414,
        "route_ids": [
          "aus:vic:vic-05-V35:",
          "aus:vic:vic-05-V47:"
        ]
      }
    },
    {
      "type": "Feature",
      "geometry": {
        "type": "Point",
        "coordinates": [
          144.12592283,
          -35.62990066
        ]
      },
      "properties": {
        "average_wait_time": 999.0000610351562,
        "color": "#e74c3c",
        "connectivity_score": 7.0714287757873535,
        "coverage_score": 10.0,
        "frequency_score": 0.0,
        "id": "5-15112",
        "mode_id": 5,
        "mode_name": "Regional Coach",
        "name": "Border Service Station/Murray St",
        "nearby_stops": [],
        "reliability_score": 14.285715103149414,
        "route_ids": [
          "aus:vic:vic-05-V10:"
        ]
      }
    },
    {
      "type": "Feature",
      "geometry": {
        "type": "Point",
        "coordinates": [
          143.93547645,
          -37.60829288
        ]
      },
      "properties": {
        "average_wait_time": 999.0000610351562,
        "color": "#e74c3c",
        "connectivity_score": 7.0714287757873535,
        "coverage_score": 10.0,
        "frequency_score": 0.0,
        "id": "5-16270",
        "mode_id": 5,
        "mode_name": "Regional Coach",
        "name": "Navigators Rd",
        "nearby_stops": [
          {
            "distance": 10.372916028439642,
            "id": "5-16269",
            "mode_name": "Regional Coach",
            "name": "Navigators Rd"
          }
        ],
        "reliability_score": 14.285715103149414,
        "route_ids": [
          "aus:vic:vic-05-V02:"
        ]
      }
    },
    {
      "type": "Feature",
      "geometry": {
        "type": "Point",
        "coordinates": [
          143.85876141,
          -37.55865582
        ]
      },
      "properties": {
        "average_wait_time": 325.7861633300781,
        "color": "#f1c40f",
        "connectivity_score": 41.67142868041992,
        "coverage_score": 90.0,
        "frequency_score": 16.5,
        "id": "5-82",
        "mode_id": 5,
        "mode_name": "Regional Coach",
        "name": "Ballarat Station/Lydiard St ",
        "nearby_stops": [],
        "reliability_score": 14.285715103149414,
        "route_ids": [
          "aus:vic:vic-05-V37:",
          "aus:vic:vic-05-V06:",
          "aus:vic:vic-05-V32:",
          "aus:vic:vic-05-V38:",
          "aus:vic:vic-05-V29:",
          "aus:vic:vic-05-V34:",
          "aus:vic:vic-05-V22:",
          "aus:vic:vic-05-BAT:",
          "aus:vic:vic-05-V02:"
        ]
      }
    },
    {
      "type": "Feature",
      "geometry": {
        "type": "Point",
        "coordinates": [
          148.10168812,
          -35.06289699
        ]
      },
      "properties": {
        "average_wait_time": 638.4000244140625,
        "color": "#e74c3c",
        "connectivity_score": 9.471428871154785,
        "coverage_score": 10.0,
        "frequency_score": 6.0,
        "id": "5-20824",
        "mode_id": 5,
        "mode_name": "Regional Coach",
        "name": "Tourist Information Centre/249 Sheridan St",
        "nearby_stops": [],
        "reliability_score": 14.285715103149414,
        "route_ids": [
          "aus:vic:vic-05-V14:"
        ]
      }
    },
    {
      "type": "Feature",
      "geometry": {
        "type": "Point",
        "coordinates": [
          142.28993237,
          -37.87482414
        ]
      },
      "properties": {
        "average_wait_time": 999.0000610351562,
        "color": "#e74c3c",
        "connectivity_score": 7.0714287757873535,
        "coverage_score": 10.0,
        "frequency_score": 0.0,
        "id": "5-2609",
        "mode_id": 5,
        "mode_name": "Regional Coach",
        "name": "Post Office/Hamilton Hwy",
        "nearby_stops": [
          {
            "distance": 76.82126776377211,
            "id": "5-2604",
            "mode_name": "Regional Coach",
            "name": "Post Office/Hamilton Hwy"
          }
        ],
        "reliability_score": 14.285715103149414,
        "route_ids": [
          "aus:vic:vic-05-V16:"
        ]
      }
    },
    {
      "type": "Feature",
      "geometry": {
        "type": "Point",
        "coordinates": [
          143.94882595,
          -37.33218309
        ]
      },
      "properties": {
        "average_wait_time": 635.0,
        "color": "#e74c3c",
        "connectivity_score": 9.471428871154785,
        "coverage_score": 10.0,
        "frequency_score": 6.0,
        "id": "5-42020",
        "mode_id": 5,
        "mode_name": "Regional Coach",
        "name": "Cumberland Hotel/Creswick-Newstead Rd",
        "nearby_stops": [
          {
            "distance": 50.192353234973545,
            "id": "5-20881",
            "mode_name": "Regional Coach",
            "name": "Cumberland Hotel/Creswick-Newstead Rd"
          }
        ],
        "reliability_score": 14.285715103149414,
        "route_ids": [
          "aus:vic:vic-05-V32:"
        ]
      }
    },
    {
      "type": "Feature",
      "geometry": {
        "type": "Point",
        "coordinates": [
          142.84048065,
          -37.71239812
        ]
      },
      "properties": {
        "average_wait_time": 514.9000244140625,
        "color": "#e74c3c",
        "connectivity_score": 11.271429061889648,
        "coverage_score": 10.0,
        "frequency_score": 10.5,
        "id": "5-17763",
        "mode_id": 5,
        "mode_name": "Regional Coach",
        "name": "Information Centre/Glenelg Hwy",
        "nearby_stops": [
          {
            "distance": 33.27284263748422,
            "id": "5-17762",
            "mode_name": "Regional Coach",
            "name": "Information Centre/Glenelg Hwy"
          }
        ],
        "reliability_score": 14.285715103149414,
        "route_ids": [
          "aus:vic:vic-05-V29:"
        ]
      }
    },
    {
      "type": "Feature",
      "geometry": {
        "type": "Point",
        "coordinates": [
          144.28267984,
          -36.76547296
        ]
      },
      "properties": {
        "average_wait_time": 383.2750244140625,
        "color": "#f1c40f",
        "connectivity_score": 41.67142868041992,
        "coverage_score": 90.0,
        "frequency_score": 16.5,
        "id": "5-40714",
        "mode_id": 5,
        "mode_name": "Regional Coach",
        "name": "Bendigo Station/Railway Pl",
        "nearby_stops": [
          {
            "distance": 81.5196937341838,
            "id": "5-16238",
            "mode_name": "Regional Coach",
            "name": "Bendigo Station/Railway Pl"
          }
        ],
        "reliability_score": 14.285715103149414,
        "route_ids": [
          "aus:vic:vic-05-V35:",
          "aus:vic:vic-05-ECH:",
          "aus:vic:vic-05-SWL:"
        ]
      }
    },
    {
      "type": "Feature",
      "geometry": {
        "type": "Point",
        "coordinates": [
          143.06242167,
          -37.6796404
        ]
      },
      "properties": {
        "average_wait_time": 660.5,
        "color": "#e74c3c",
        "connectivity_score": 9.471428871154785,
        "coverage_score": 10.0,
        "frequency_score": 6.0,
        "id": "5-17767",
        "mode_id": 5,
        "mode_name": "Regional Coach",
        "name": "Milk Bar/Glenelg Hwy",
        "nearby_stops": [
          {
            "distance": 35.33243657219178,
            "id": "5-17766",
            "mode_name": "Regional Coach",
            "name": "Milk Bar/Glenelg Hwy"
          }
        ],
        "reliability_score": 14.285715103149414,
        "route_ids": [
          "aus:vic:vic-05-V29:"
        ]
      }
    },
    {
      "type": "Feature",
      "geometry": {
        "type": "Point",
        "coordinates": [
          146.54092576,
          -36.43307101
        ]
      },
      "properties": {
        "average_wait_time": 774.0,
        "color": "#e74c3c",
        "connectivity_score": 8.871429443359375,
        "coverage_score": 10.0,
        "frequency_score": 4.5,
        "id": "5-37634",
        "mode_id": 5,
        "mode_name": "Regional Coach",
        "name": "Everton General Store/Great Alpine Rd",
        "nearby_stops": [
          {
            "distance": 29.019233472107516,
            "id": "5-22624",
            "mode_name": "Regional Coach",
            "name": "Everton General Store/Great Alpine Rd"
          }
        ],
        "reliability_score": 14.285715103149414,
        "route_ids": [
          "aus:vic:vic-05-mtb:"
        ]
      }
    },
    {
      "type": "Feature",
      "geometry": {
        "type": "Point",
        "coordinates": [
          143.61360463,
          -36.41815228
        ]
      },
      "properties": {
        "average_wait_time": 500.3999938964844,
        "color": "#e74c3c",
        "connectivity_score": 14.771429061889648,
        "coverage_score": 20.0,
        "frequency_score": 10.5,
        "id": "5-16251",
        "mode_id": 5,
        "mode_name": "Regional Coach",
        "name": "Jacka Park/Chapel St",
        "nearby_stops": [],
        "reliability_score": 14.285715103149414,
        "route_ids": [
          "aus:vic:vic-05-SWL:",
          "aus:vic:vic-05-V39:"
        ]
      }
    },
    {
      "type": "Feature",
      "geometry": {
        "type": "Point",
        "coordinates": [
          142.39533268,
          -36.25091077
        ]
      },
      "properties": {
        "average_wait_time": 782.550048828125,
        "color": "#e74c3c",
        "connectivity_score": 8.871429443359375,
        "coverage_score": 10.0,
        "frequency_score": 4.5,
        "id": "5-17816",
        "mode_id": 5,
        "mode_name": "Regional Coach",
        "name": "Scott St/Woolcock St",
        "nearby_stops": [],
        "reliability_score": 14.285715103149414,
        "route_ids": [
          "aus:vic:vic-05-V38:"
        ]
      }
    },
    {
      "type": "Feature",
      "geometry": {
        "type": "Point",
        "coordinates": [
          145.38153618,
          -38.21366386
        ]
      },
      "properties": {
        "average_wait_time": 362.5500183105469,
        "color": "#e74c3c",
        "connectivity_score": 11.271429061889648,
        "coverage_score": 10.0,
        "frequency_score": 10.5,
        "id": "5-17339",
        "mode_id": 5,
        "mode_name": "Regional Coach",
        "name": "Lyall St/South Gippsland Hwy",
        "nearby_stops": [
          {
            "distance": 54.25128898397368,
            "id": "5-17340",
            "mode_name": "Regional Coach",
            "name": "Mickle St/South Gippsland Hwy"
          }
        ],
        "reliability_score": 14.285715103149414,
        "route_ids": [
          "aus:vic:vic-05-V15:"
        ]
      }
    },
    {
      "type": "Feature",
      "geometry": {
        "type": "Point",
        "coordinates": [
          145.72967732,
          -38.63460583
        ]
      },
      "properties": {
        "average_wait_time": 413.16668701171875,
        "color": "#e74c3c",
        "connectivity_score": 11.271429061889648,
        "coverage_score": 10.0,
        "frequency_score": 10.5,
        "id": "5-17969",
        "mode_id": 5,
        "mode_name": "Regional Coach",
        "name": "Ramsay Bvd/The Esplanade",
        "nearby_stops": [],
        "reliability_score": 14.285715103149414,
        "route_ids": [
          "aus:vic:vic-05-V15:"
        ]
      }
    },
    {
      "type": "Feature",
      "geometry": {
        "type": "Point",
        "coordinates": [
          144.50506034,
          -36.61522552
        ]
      },
      "properties": {
        "average_wait_time": 628.9000244140625,
        "color": "#e74c3c",
        "connectivity_score": 9.471428871154785,
        "coverage_score": 10.0,
        "frequency_score": 6.0,
        "id": "5-20890",
        "mode_id": 5,
        "mode_name": "Regional Coach",
        "name": "Goornong Station/Midland Hwy",
        "nearby_stops": [
          {
            "distance": 19.00420001157989,
            "id": "5-47913",
            "mode_name": "Regional Coach",
            "name": "Goornong Station/Midland Hwy "
          }
        ],
        "reliability_score": 14.285715103149414,
        "route_ids": [
          "aus:vic:vic-05-ECH:"
        ]
      }
    },
    {
      "type": "Feature",
      "geometry": {
        "type": "Point",
        "coordinates": [
          144.98900681,
          -37.8244422
        ]
      },
      "properties": {
        "average_wait_time": 606.5999755859375,
        "color": "#e74c3c",
        "connectivity_score": 14.271429061889648,
        "coverage_score": 10.0,
        "frequency_score": 18.0,
        "id": "5-52558",
        "mode_id": 5,
        "mode_name": "Regional Coach",
        "name": "Richmond Station/Punt Rd ",
        "nearby_stops": [],
        "reliability_score": 14.285715103149414,
        "route_ids": [
          "aus:vic:vic-05-TRN:"
        ]
      }
    },
    {
      "type": "Feature",
      "geometry": {
        "type": "Point",
        "coordinates": [
          145.43407235,
          -36.3006372
        ]
      },
      "properties": {
        "average_wait_time": 417.75,
        "color": "#e74c3c",
        "connectivity_score": 14.771429061889648,
        "coverage_score": 20.0,
        "frequency_score": 10.5,
        "id": "5-48007",
        "mode_id": 5,
        "mode_name": "Regional Coach",
        "name": "Farrell Park/3591 Katamatite-Shepparton Rd",
        "nearby_stops": [],
        "reliability_score": 14.285715103149414,
        "route_ids": [
          "aus:vic:vic-05-V31:",
          "aus:vic:vic-05-V41:"
        ]
      }
    },
    {
      "type": "Feature",
      "geometry": {
        "type": "Point",
        "coordinates": [
          146.69595819,
          -38.0140364
        ]
      },
      "properties": {
        "average_wait_time": 673.0,
        "color": "#e74c3c",
        "connectivity_score": 9.471428871154785,
        "coverage_score": 10.0,
        "frequency_score": 6.0,
        "id": "5-48003",
        "mode_id": 5,
        "mode_name": "Regional Coach",
        "name": "Railway St/Traralgon - Maffra Rd",
        "nearby_stops": [
          {
            "distance": 51.85532839882569,
            "id": "5-17790",
            "mode_name": "Regional Coach",
            "name": "McEwan Rd/Traralgon - Maffra Rd"
          }
        ],
        "reliability_score": 14.285715103149414,
        "route_ids": [
          "aus:vic:vic-05-V43:"
        ]
      }
    },
    {
      "type": "Feature",
      "geometry": {
        "type": "Point",
        "coordinates": [
          145.54353682,
          -38.3252163
        ]
      },
      "properties": {
        "average_wait_time": 336.8125,
        "color": "#e74c3c",
        "connectivity_score": 11.271429061889648,
        "coverage_score": 10.0,
        "frequency_score": 10.5,
        "id": "5-44131",
        "mode_id": 5,
        "mode_name": "Regional Coach",
        "name": "Bay Rd/Bass Hwy",
        "nearby_stops": [
          {
            "distance": 124.84965795837684,
            "id": "5-44134",
            "mode_name": "Regional Coach",
            "name": "Bay Rd/Bass Hwy"
          }
        ],
        "reliability_score": 14.285715103149414,
        "route_ids": [
          "aus:vic:vic-05-V15:"
        ]
      }
    },
    {
      "type": "Feature",
      "geometry": {
        "type": "Point",
        "coordinates": [
          143.78693716,
          -37.29433048
        ]
      },
      "properties": {
        "average_wait_time": 999.0000610351562,
        "color": "#e74c3c",
        "connectivity_score": 7.0714287757873535,
        "coverage_score": 10.0,
        "frequency_score": 0.0,
        "id": "5-18004",
        "mode_id": 5,
        "mode_name": "Regional Coach",
        "name": "Butcher Shop/Service St",
        "nearby_stops": [
          {
            "distance": 23.138471845415257,
            "id": "5-18005",
            "mode_name": "Regional Coach",
            "name": "Butcher Shop/Service St"
          }
        ],
        "reliability_score": 14.285715103149414,
        "route_ids": [
          "aus:vic:vic-05-V34:"
        ]
      }
    },
    {
      "type": "Feature",
      "geometry": {
        "type": "Point",
        "coordinates": [
          144.24421897,
          -36.79508357
        ]
      },
      "properties": {
        "average_wait_time": 620.0,
        "color": "#e74c3c",
        "connectivity_score": 12.971427917480469,
        "coverage_score": 20.0,
        "frequency_score": 6.0,
        "id": "5-16235",
        "mode_id": 5,
        "mode_name": "Regional Coach",
        "name": "Kangaroo Flat Station/High St",
        "nearby_stops": [
          {
            "distance": 32.40725082816218,
            "id": "5-16234",
            "mode_name": "Regional Coach",
            "name": "Station St/High St "
          }
        ],
        "reliability_score": 14.285715103149414,
        "route_ids": [
          "aus:vic:vic-05-V32:",
          "aus:vic:vic-05-V22:"
        ]
      }
    },
    {
      "type": "Feature",
      "geometry": {
        "type": "Point",
        "coordinates": [
          142.51381304,
          -36.91781622
        ]
      },
      "properties": {
        "average_wait_time": 337.88336181640625,
        "color": "#e74c3c",
        "connectivity_score": 14.771429061889648,
        "coverage_score": 20.0,
        "frequency_score": 10.5,
        "id": "5-22622",
        "mode_id": 5,
        "mode_name": "Regional Coach",
        "name": "Dadswells Bridge Motel/Western Hwy",
        "nearby_stops": [
          {
            "distance": 4.194166982924903,
            "id": "5-22623",
            "mode_name": "Regional Coach",
            "name": "Dadswells Bridge Motel/Western Hwy"
          }
        ],
        "reliability_score": 14.285715103149414,
        "route_ids": [
          "aus:vic:vic-05-V37:"
        ]
      }
    },
    {
      "type": "Feature",
      "geometry": {
        "type": "Point",
        "coordinates": [
          141.61947586,
          -38.21772959
        ]
      },
      "properties": {
        "average_wait_time": 999.0000610351562,
        "color": "#e74c3c",
        "connectivity_score": 7.0714287757873535,
        "coverage_score": 10.0,
        "frequency_score": 0.0,
        "id": "5-36337",
        "mode_id": 5,
        "mode_name": "Regional Coach",
        "name": "Fincks Rd/Princes Hwy",
        "nearby_stops": [],
        "reliability_score": 14.285715103149414,
        "route_ids": [
          "aus:vic:vic-05-V16:"
        ]
      }
    },
    {
      "type": "Feature",
      "geometry": {
        "type": "Point",
        "coordinates": [
          143.15051986,
          -34.71592244
        ]
      },
      "properties": {
        "average_wait_time": 629.2000122070312,
        "color": "#e74c3c",
        "connectivity_score": 12.971427917480469,
        "coverage_score": 20.0,
        "frequency_score": 6.0,
        "id": "5-16940",
        "mode_id": 5,
        "mode_name": "Regional Coach",
        "name": "Kooloonong Rd/Murray Valley Hwy ",
        "nearby_stops": [
          {
            "distance": 16.25391962303786,
            "id": "5-16965",
            "mode_name": "Regional Coach",
            "name": "Kooloonong Rd/Murray Valley Hwy "
          }
        ],
        "reliability_score": 14.285715103149414,
        "route_ids": [
          "aus:vic:vic-05-V31:"
        ]
      }
    },
    {
      "type": "Feature",
      "geometry": {
        "type": "Point",
        "coordinates": [
          145.72744977,
          -38.63128343
        ]
      },
      "properties": {
        "average_wait_time": 413.16668701171875,
        "color": "#e74c3c",
        "connectivity_score": 11.271429061889648,
        "coverage_score": 10.0,
        "frequency_score": 10.5,
        "id": "5-44041",
        "mode_id": 5,
        "mode_name": "Regional Coach",
        "name": "Inverloch Police Station/Bayview Ave",
        "nearby_stops": [
          {
            "distance": 10.091656614975944,
            "id": "5-44040",
            "mode_name": "Regional Coach",
            "name": "Inverloch Police Station/Bayview Ave"
          }
        ],
        "reliability_score": 14.285715103149414,
        "route_ids": [
          "aus:vic:vic-05-V15:"
        ]
      }
    },
    {
      "type": "Feature",
      "geometry": {
        "type": "Point",
        "coordinates": [
          144.32005041,
          -38.19790779
        ]
      },
      "properties": {
        "average_wait_time": 354.9000244140625,
        "color": "#e74c3c",
        "connectivity_score": 31.457143783569336,
        "coverage_score": 20.0,
        "frequency_score": 16.5,
        "id": "5-30769",
        "mode_id": 5,
        "mode_name": "Regional Coach",
        "name": "Waurn Ponds Shopping Centre/Pioneer Rd ",
        "nearby_stops": [
          {
            "distance": 134.36142162158538,
            "id": "5-30778",
            "mode_name": "Regional Coach",
            "name": "Waurn Ponds Shopping Centre/Pioneer Rd "
          }
        ],
        "reliability_score": 71.42857360839844,
        "route_ids": [
          "aus:vic:vic-05-GVL:",
          "aus:vic:vic-05-V50:"
        ]
      }
    },
    {
      "type": "Feature",
      "geometry": {
        "type": "Point",
        "coordinates": [
          145.56286864,
          -38.26558055
        ]
      },
      "properties": {
        "average_wait_time": 316.8186340332031,
        "color": "#e74c3c",
        "connectivity_score": 19.571428298950195,
        "coverage_score": 20.0,
        "frequency_score": 22.5,
        "id": "5-17342",
        "mode_id": 5,
        "mode_name": "Regional Coach",
        "name": "Lang Lang Bus Interchange/Western Port Rd",
        "nearby_stops": [],
        "reliability_score": 14.285715103149414,
        "route_ids": [
          "aus:vic:vic-05-V15:",
          "aus:vic:vic-05-V52:"
        ]
      }
    },
    {
      "type": "Feature",
      "geometry": {
        "type": "Point",
        "coordinates": [
          147.03154963,
          -38.10549964
        ]
      },
      "properties": {
        "average_wait_time": 366.9666748046875,
        "color": "#e74c3c",
        "connectivity_score": 18.27142906188965,
        "coverage_score": 30.0,
        "frequency_score": 10.5,
        "id": "5-50648",
        "mode_id": 5,
        "mode_name": "Regional Coach",
        "name": "Hunt Pl/Princes Hwy",
        "nearby_stops": [
          {
            "distance": 43.742370964921356,
            "id": "5-50647",
            "mode_name": "Regional Coach",
            "name": "Hunt Pl/Princes Hwy"
          }
        ],
        "reliability_score": 14.285715103149414,
        "route_ids": [
          "aus:vic:vic-05-BDE:",
          "aus:vic:vic-05-V25:"
        ]
      }
    },
    {
      "type": "Feature",
      "geometry": {
        "type": "Point",
        "coordinates": [
          143.83329733,
          -36.77224733
        ]
      },
      "properties": {
        "average_wait_time": 637.2000122070312,
        "color": "#e74c3c",
        "connectivity_score": 12.971427917480469,
        "coverage_score": 20.0,
        "frequency_score": 6.0,
        "id": "5-17130",
        "mode_id": 5,
        "mode_name": "Regional Coach",
        "name": "Poverty St/Commercial Rd",
        "nearby_stops": [
          {
            "distance": 75.66529173326613,
            "id": "5-17133",
            "mode_name": "Regional Coach",
            "name": "Poverty St/Commercial Rd"
          }
        ],
        "reliability_score": 14.285715103149414,
        "route_ids": [
          "aus:vic:vic-05-V03:",
          "aus:vic:vic-05-V19:"
        ]
      }
    },
    {
      "type": "Feature",
      "geometry": {
        "type": "Point",
        "coordinates": [
          143.86216385,
          -38.66856128
        ]
      },
      "properties": {
        "average_wait_time": 330.1000061035156,
        "color": "#e74c3c",
        "connectivity_score": 21.4714298248291,
        "coverage_score": 10.0,
        "frequency_score": 36.0,
        "id": "5-17715",
        "mode_id": 5,
        "mode_name": "Regional Coach",
        "name": "Hawdon Ave/Great Ocean Rd",
        "nearby_stops": [
          {
            "distance": 19.2753034108866,
            "id": "5-45856",
            "mode_name": "Regional Coach",
            "name": "Grey River Rd/Hawdon Ave "
          }
        ],
        "reliability_score": 14.285715103149414,
        "route_ids": [
          "aus:vic:vic-05-V50:"
        ]
      }
    },
    {
      "type": "Feature",
      "geometry": {
        "type": "Point",
        "coordinates": [
          145.76718435,
          -38.11139205
        ]
      },
      "properties": {
        "average_wait_time": 606.7000122070312,
        "color": "#e74c3c",
        "connectivity_score": 14.271429061889648,
        "coverage_score": 10.0,
        "frequency_score": 18.0,
        "id": "5-21464",
        "mode_id": 5,
        "mode_name": "Regional Coach",
        "name": "Longwarry Station/Nar Nar Goon-Longwarry Rd ",
        "nearby_stops": [],
        "reliability_score": 14.285715103149414,
        "route_ids": [
          "aus:vic:vic-05-TRN:"
        ]
      }
    },
    {
      "type": "Feature",
      "geometry": {
        "type": "Point",
        "coordinates": [
          144.75611191,
          -36.11428466
        ]
      },
      "properties": {
        "average_wait_time": 353.45001220703125,
        "color": "#e74c3c",
        "connectivity_score": 18.27142906188965,
        "coverage_score": 30.0,
        "frequency_score": 10.5,
        "id": "5-15109",
        "mode_id": 5,
        "mode_name": "Regional Coach",
        "name": "Murray River Council/Cobb Hwy",
        "nearby_stops": [],
        "reliability_score": 14.285715103149414,
        "route_ids": [
          "aus:vic:vic-05-EC2:",
          "aus:vic:vic-05-ECH:",
          "aus:vic:vic-05-V20:"
        ]
      }
    },
    {
      "type": "Feature",
      "geometry": {
        "type": "Point",
        "coordinates": [
          141.39346133,
          -37.58989495
        ]
      },
      "properties": {
        "average_wait_time": 640.0,
        "color": "#e74c3c",
        "connectivity_score": 12.971427917480469,
        "coverage_score": 20.0,
        "frequency_score": 6.0,
        "id": "5-52109",
        "mode_id": 5,
        "mode_name": "Regional Coach",
        "name": "Casterton Memorial Hospital/Russell St",
        "nearby_stops": [
          {
            "distance": 11.29111974766488,
            "id": "5-52108",
            "mode_name": "Regional Coach",
            "name": "Casterton Memorial Hospital/Russell St"
          }
        ],
        "reliability_score": 14.285715103149414,
        "route_ids": [
          "aus:vic:vic-05-V29:",
          "aus:vic:vic-05-V16:"
        ]
      }
    },
    {
      "type": "Feature",
      "geometry": {
        "type": "Point",
        "coordinates": [
          141.70428993,
          -38.25414534
        ]
      },
      "properties": {
        "average_wait_time": 418.10003662109375,
        "color": "#e74c3c",
        "connectivity_score": 11.271429061889648,
        "coverage_score": 10.0,
        "frequency_score": 10.5,
        "id": "5-17744",
        "mode_id": 5,
        "mode_name": "Regional Coach",
        "name": "Narrawong Store/Princes Hwy",
        "nearby_stops": [
          {
            "distance": 37.4559477800498,
            "id": "5-45871",
            "mode_name": "Regional Coach",
            "name": "Narrawong Store/Princes Hwy"
          }
        ],
        "reliability_score": 14.285715103149414,
        "route_ids": [
          "aus:vic:vic-05-V30:"
        ]
      }
    },
    {
      "type": "Feature",
      "geometry": {
        "type": "Point",
        "coordinates": [
          144.26153559,
          -37.38663568
        ]
      },
      "properties": {
        "average_wait_time": 373.4666748046875,
        "color": "#e74c3c",
        "connectivity_score": 11.271429061889648,
        "coverage_score": 10.0,
        "frequency_score": 10.5,
        "id": "5-20915",
        "mode_id": 5,
        "mode_name": "Regional Coach",
        "name": "Main St/Daylesford-Trentham Rd",
        "nearby_stops": [],
        "reliability_score": 14.285715103149414,
        "route_ids": [
          "aus:vic:vic-05-V18:"
        ]
      }
    },
    {
      "type": "Feature",
      "geometry": {
        "type": "Point",
        "coordinates": [
          143.91742859,
          -37.5848555
        ]
      },
      "properties": {
        "average_wait_time": 999.0000610351562,
        "color": "#e74c3c",
        "connectivity_score": 7.0714287757873535,
        "coverage_score": 10.0,
        "frequency_score": 0.0,
        "id": "5-16271",
        "mode_id": 5,
        "mode_name": "Regional Coach",
        "name": "Warrenheip Rd/Navigators Rd",
        "nearby_stops": [
          {
            "distance": 20.870182836928468,
            "id": "5-16272",
            "mode_name": "Regional Coach",
            "name": "Warrenheip Rd/Navigators Rd"
          }
        ],
        "reliability_score": 14.285715103149414,
        "route_ids": [
          "aus:vic:vic-05-V02:"
        ]
      }
    },
    {
      "type": "Feature",
      "geometry": {
        "type": "Point",
        "coordinates": [
          149.8309399,
          -37.22873697
        ]
      },
      "properties": {
        "average_wait_time": 999.0000610351562,
        "color": "#e74c3c",
        "connectivity_score": 7.0714287757873535,
        "coverage_score": 10.0,
        "frequency_score": 0.0,
        "id": "5-20864",
        "mode_id": 5,
        "mode_name": "Regional Coach",
        "name": "Wonboyn Rd/Princes Hwy",
        "nearby_stops": [],
        "reliability_score": 14.285715103149414,
        "route_ids": [
          "aus:vic:vic-05-V09:"
        ]
      }
    },
    {
      "type": "Feature",
      "geometry": {
        "type": "Point",
        "coordinates": [
          142.99615995,
          -35.63711346
        ]
      },
      "properties": {
        "average_wait_time": 999.0000610351562,
        "color": "#e74c3c",
        "connectivity_score": 7.0714287757873535,
        "coverage_score": 10.0,
        "frequency_score": 0.0,
        "id": "5-16262",
        "mode_id": 5,
        "mode_name": "Regional Coach",
        "name": "Caltex Service Station/Calder Hwy",
        "nearby_stops": [
          {
            "distance": 0.0,
            "id": "5-16263",
            "mode_name": "Regional Coach",
            "name": "Caltex Service Station/Calder Hwy"
          }
        ],
        "reliability_score": 14.285715103149414,
        "route_ids": [
          "aus:vic:vic-05-V39:"
        ]
      }
    },
    {
      "type": "Feature",
      "geometry": {
        "type": "Point",
        "coordinates": [
          147.62740701,
          -37.82846015
        ]
      },
      "properties": {
        "average_wait_time": 328.44000244140625,
        "color": "#e74c3c",
        "connectivity_score": 24.171428680419922,
        "coverage_score": 40.0,
        "frequency_score": 16.5,
        "id": "5-16309",
        "mode_id": 5,
        "mode_name": "Regional Coach",
        "name": "Bairnsdale Railway Station/Macleod St ",
        "nearby_stops": [
          {
            "distance": 6.136997669818639,
            "id": "5-37915",
            "mode_name": "Regional Coach",
            "name": "Bairnsdale Railway Station/MacLeod St"
          },
          {
            "distance": 6.518823135886049,
            "id": "5-46442",
            "mode_name": "Regional Coach",
            "name": "Bairnsdale Railway Station/MacLeod St"
          }
        ],
        "reliability_score": 14.285715103149414,
        "route_ids": [
          "aus:vic:vic-05-V09:",
          "aus:vic:vic-05-V25:",
          "aus:vic:vic-05-BDE:"
        ]
      }
    },
    {
      "type": "Feature",
      "geometry": {
        "type": "Point",
        "coordinates": [
          146.00509528,
          -35.98922565
        ]
      },
      "properties": {
        "average_wait_time": 412.45001220703125,
        "color": "#e74c3c",
        "connectivity_score": 14.771429061889648,
        "coverage_score": 20.0,
        "frequency_score": 10.5,
        "id": "5-17245",
        "mode_id": 5,
        "mode_name": "Regional Coach",
        "name": "Melbourne St/Inglis St",
        "nearby_stops": [],
        "reliability_score": 14.285715103149414,
        "route_ids": [
          "aus:vic:vic-05-V31:",
          "aus:vic:vic-05-V36:"
        ]
      }
    },
    {
      "type": "Feature",
      "geometry": {
        "type": "Point",
        "coordinates": [
          147.73755073,
          -35.27669924
        ]
      },
      "properties": {
        "average_wait_time": 624.4000244140625,
        "color": "#e74c3c",
        "connectivity_score": 9.471428871154785,
        "coverage_score": 10.0,
        "frequency_score": 6.0,
        "id": "5-48733",
        "mode_id": 5,
        "mode_name": "Regional Coach",
        "name": "Paddy Osborne Park/Sydney St",
        "nearby_stops": [
          {
            "distance": 183.50517086799033,
            "id": "5-20823",
            "mode_name": "Regional Coach",
            "name": "Caltex Service Station/Sydney St"
          }
        ],
        "reliability_score": 14.285715103149414,
        "route_ids": [
          "aus:vic:vic-05-V14:"
        ]
      }
    },
    {
      "type": "Feature",
      "geometry": {
        "type": "Point",
        "coordinates": [
          146.87118901,
          -36.10515083
        ]
      },
      "properties": {
        "average_wait_time": 626.760009765625,
        "color": "#e74c3c",
        "connectivity_score": 19.97142791748047,
        "coverage_score": 40.0,
        "frequency_score": 6.0,
        "id": "5-17257",
        "mode_id": 5,
        "mode_name": "Regional Coach",
        "name": "Wodonga Station/Moloney Dr ",
        "nearby_stops": [],
        "reliability_score": 14.285715103149414,
        "route_ids": [
          "aus:vic:vic-05-ABY:",
          "aus:vic:vic-05-V47:",
          "aus:vic:vic-05-V31:",
          "aus:vic:vic-05-V14:"
        ]
      }
    },
    {
      "type": "Feature",
      "geometry": {
        "type": "Point",
        "coordinates": [
          145.42704829,
          -37.41898957
        ]
      },
      "properties": {
        "average_wait_time": 648.4000244140625,
        "color": "#e74c3c",
        "connectivity_score": 9.471428871154785,
        "coverage_score": 10.0,
        "frequency_score": 6.0,
        "id": "5-18691",
        "mode_id": 5,
        "mode_name": "Regional Coach",
        "name": "Roadhouse/Melba Hwy",
        "nearby_stops": [],
        "reliability_score": 14.285715103149414,
        "route_ids": [
          "aus:vic:vic-05-V28:"
        ]
      }
    },
    {
      "type": "Feature",
      "geometry": {
        "type": "Point",
        "coordinates": [
          141.27688693,
          -37.92223511
        ]
      },
      "properties": {
        "average_wait_time": 714.0,
        "color": "#e74c3c",
        "connectivity_score": 9.471428871154785,
        "coverage_score": 10.0,
        "frequency_score": 6.0,
        "id": "5-17748",
        "mode_id": 5,
        "mode_name": "Regional Coach",
        "name": "General Store/Greenham St",
        "nearby_stops": [],
        "reliability_score": 14.285715103149414,
        "route_ids": [
          "aus:vic:vic-05-V30:"
        ]
      }
    },
    {
      "type": "Feature",
      "geometry": {
        "type": "Point",
        "coordinates": [
          143.97329949,
          -37.69433537
        ]
      },
      "properties": {
        "average_wait_time": 637.4666748046875,
        "color": "#e74c3c",
        "connectivity_score": 12.971427917480469,
        "coverage_score": 20.0,
        "frequency_score": 6.0,
        "id": "5-6552",
        "mode_id": 5,
        "mode_name": "Regional Coach",
        "name": "Clarendon-Lal Lal Rd/Midland Hwy",
        "nearby_stops": [
          {
            "distance": 16.66734060493812,
            "id": "5-6577",
            "mode_name": "Regional Coach",
            "name": "Clarendon-Lal Lal Rd/Midland Hwy"
          }
        ],
        "reliability_score": 14.285715103149414,
        "route_ids": [
          "aus:vic:vic-05-V22:",
          "aus:vic:vic-05-V02:"
        ]
      }
    },
    {
      "type": "Feature",
      "geometry": {
        "type": "Point",
        "coordinates": [
          144.2644832,
          -38.33820966
        ]
      },
      "properties": {
        "average_wait_time": 351.1700134277344,
        "color": "#e74c3c",
        "connectivity_score": 31.457143783569336,
        "coverage_score": 20.0,
        "frequency_score": 16.5,
        "id": "5-45502",
        "mode_id": 5,
        "mode_name": "Regional Coach",
        "name": "School Rd/Great Ocean Rd",
        "nearby_stops": [
          {
            "distance": 101.4237245998927,
            "id": "5-41304",
            "mode_name": "Regional Coach",
            "name": "School Rd/Great Ocean Rd"
          }
        ],
        "reliability_score": 71.42857360839844,
        "route_ids": [
          "aus:vic:vic-05-V50:",
          "aus:vic:vic-05-GVL:"
        ]
      }
    },
    {
      "type": "Feature",
      "geometry": {
        "type": "Point",
        "coordinates": [
          144.08501011,
          -38.46810752
        ]
      },
      "properties": {
        "average_wait_time": 339.0625,
        "color": "#e74c3c",
        "connectivity_score": 29.057144165039062,
        "coverage_score": 20.0,
        "frequency_score": 10.5,
        "id": "5-17705",
        "mode_id": 5,
        "mode_name": "Regional Coach",
        "name": "Yarringa Rd/Great Ocean Rd",
        "nearby_stops": [
          {
            "distance": 60.85856455502567,
            "id": "5-17706",
            "mode_name": "Regional Coach",
            "name": "Yarringa Rd/Great Ocean Rd"
          }
        ],
        "reliability_score": 71.42857360839844,
        "route_ids": [
          "aus:vic:vic-05-V50:",
          "aus:vic:vic-05-GVL:"
        ]
      }
    },
    {
      "type": "Feature",
      "geometry": {
        "type": "Point",
        "coordinates": [
          142.72293732,
          -37.69039635
        ]
      },
      "properties": {
        "average_wait_time": 514.9000244140625,
        "color": "#e74c3c",
        "connectivity_score": 11.271429061889648,
        "coverage_score": 10.0,
        "frequency_score": 10.5,
        "id": "5-17760",
        "mode_id": 5,
        "mode_name": "Regional Coach",
        "name": "CFA Station/Glenelg Hwy",
        "nearby_stops": [
          {
            "distance": 57.35945616853437,
            "id": "5-17761",
            "mode_name": "Regional Coach",
            "name": "CFA Station/Glenelg Hwy"
          }
        ],
        "reliability_score": 14.285715103149414,
        "route_ids": [
          "aus:vic:vic-05-V29:"
        ]
      }
    },
    {
      "type": "Feature",
      "geometry": {
        "type": "Point",
        "coordinates": [
          142.74284563,
          -34.57480514
        ]
      },
      "properties": {
        "average_wait_time": 780.9000244140625,
        "color": "#e74c3c",
        "connectivity_score": 12.371429443359375,
        "coverage_score": 20.0,
        "frequency_score": 4.5,
        "id": "5-20878",
        "mode_id": 5,
        "mode_name": "Regional Coach",
        "name": "Selwyn St/Sturt Hwy ",
        "nearby_stops": [
          {
            "distance": 10.994475756893923,
            "id": "5-49925",
            "mode_name": "Regional Coach",
            "name": "Selwyn St/Sturt Hwy "
          }
        ],
        "reliability_score": 14.285715103149414,
        "route_ids": [
          "aus:vic:vic-05-V35:"
        ]
      }
    },
    {
      "type": "Feature",
      "geometry": {
        "type": "Point",
        "coordinates": [
          142.72303277,
          -37.69090421
        ]
      },
      "properties": {
        "average_wait_time": 514.9000244140625,
        "color": "#e74c3c",
        "connectivity_score": 11.271429061889648,
        "coverage_score": 10.0,
        "frequency_score": 10.5,
        "id": "5-17761",
        "mode_id": 5,
        "mode_name": "Regional Coach",
        "name": "CFA Station/Glenelg Hwy",
        "nearby_stops": [
          {
            "distance": 57.35945616853437,
            "id": "5-17760",
            "mode_name": "Regional Coach",
            "name": "CFA Station/Glenelg Hwy"
          }
        ],
        "reliability_score": 14.285715103149414,
        "route_ids": [
          "aus:vic:vic-05-V29:"
        ]
      }
    },
    {
      "type": "Feature",
      "geometry": {
        "type": "Point",
        "coordinates": [
          143.31069748,
          -35.05384564
        ]
      },
      "properties": {
        "average_wait_time": 625.0,
        "color": "#e74c3c",
        "connectivity_score": 12.971427917480469,
        "coverage_score": 20.0,
        "frequency_score": 6.0,
        "id": "5-17125",
        "mode_id": 5,
        "mode_name": "Regional Coach",
        "name": "General Store/Murray St",
        "nearby_stops": [
          {
            "distance": 43.54965328572988,
            "id": "5-17124",
            "mode_name": "Regional Coach",
            "name": "General Store/Murray St"
          }
        ],
        "reliability_score": 14.285715103149414,
        "route_ids": [
          "aus:vic:vic-05-V35:",
          "aus:vic:vic-05-V47:"
        ]
      }
    },
    {
      "type": "Feature",
      "geometry": {
        "type": "Point",
        "coordinates": [
          144.23427636,
          -38.07693774
        ]
      },
      "properties": {
        "average_wait_time": 388.85003662109375,
        "color": "#e74c3c",
        "connectivity_score": 14.771429061889648,
        "coverage_score": 20.0,
        "frequency_score": 10.5,
        "id": "5-3753",
        "mode_id": 5,
        "mode_name": "Regional Coach",
        "name": "Ryan Rd/Midland Hwy",
        "nearby_stops": [
          {
            "distance": 7.639326203359269,
            "id": "5-3288",
            "mode_name": "Regional Coach",
            "name": "Ryan Rd/Midland Hwy"
          }
        ],
        "reliability_score": 14.285715103149414,
        "route_ids": [
          "aus:vic:vic-05-V02:",
          "aus:vic:vic-05-V22:"
        ]
      }
    },
    {
      "type": "Feature",
      "geometry": {
        "type": "Point",
        "coordinates": [
          142.02513084,
          -37.74251444
        ]
      },
      "properties": {
        "average_wait_time": 999.0000610351562,
        "color": "#e74c3c",
        "connectivity_score": 7.0714287757873535,
        "coverage_score": 10.0,
        "frequency_score": 0.0,
        "id": "5-36328",
        "mode_id": 5,
        "mode_name": "Regional Coach",
        "name": "Hamilton Town Centre/Brown St ",
        "nearby_stops": [],
        "reliability_score": 14.285715103149414,
        "route_ids": [
          "aus:vic:vic-05-V16:"
        ]
      }
    },
    {
      "type": "Feature",
      "geometry": {
        "type": "Point",
        "coordinates": [
          147.08146945,
          -37.96704739
        ]
      },
      "properties": {
        "average_wait_time": 649.5,
        "color": "#e74c3c",
        "connectivity_score": 12.971427917480469,
        "coverage_score": 20.0,
        "frequency_score": 6.0,
        "id": "5-52562",
        "mode_id": 5,
        "mode_name": "Regional Coach",
        "name": "Stratford Station/Dixon St ",
        "nearby_stops": [
          {
            "distance": 103.66159875718154,
            "id": "5-16305",
            "mode_name": "Regional Coach",
            "name": "Post Office/Hobson St"
          },
          {
            "distance": 269.27833128953847,
            "id": "5-16304",
            "mode_name": "Regional Coach",
            "name": "Memorial Park/Princes Hwy"
          }
        ],
        "reliability_score": 14.285715103149414,
        "route_ids": [
          "aus:vic:vic-05-V25:"
        ]
      }
    },
    {
      "type": "Feature",
      "geometry": {
        "type": "Point",
        "coordinates": [
          143.56231992,
          -35.34166261
        ]
      },
      "properties": {
        "average_wait_time": 388.6300048828125,
        "color": "#e74c3c",
        "connectivity_score": 21.77142906188965,
        "coverage_score": 40.0,
        "frequency_score": 10.5,
        "id": "5-16959",
        "mode_id": 5,
        "mode_name": "Regional Coach",
        "name": "Swan Hill Station/Curlewis St ",
        "nearby_stops": [],
        "reliability_score": 14.285715103149414,
        "route_ids": [
          "aus:vic:vic-05-V35:",
          "aus:vic:vic-05-V47:",
          "aus:vic:vic-05-SWL:",
          "aus:vic:vic-05-V31:"
        ]
      }
    },
    {
      "type": "Feature",
      "geometry": {
        "type": "Point",
        "coordinates": [
          145.53916247,
          -37.16734693
        ]
      },
      "properties": {
        "average_wait_time": 393.0500183105469,
        "color": "#e74c3c",
        "connectivity_score": 14.771429061889648,
        "coverage_score": 20.0,
        "frequency_score": 10.5,
        "id": "5-18673",
        "mode_id": 5,
        "mode_name": "Regional Coach",
        "name": "General Store/Goulburn Valley Hwy",
        "nearby_stops": [
          {
            "distance": 13.097348518014472,
            "id": "5-18672",
            "mode_name": "Regional Coach",
            "name": "General Store/Goulburn Valley Hwy"
          }
        ],
        "reliability_score": 14.285715103149414,
        "route_ids": [
          "aus:vic:vic-05-als:",
          "aus:vic:vic-05-V28:"
        ]
      }
    },
    {
      "type": "Feature",
      "geometry": {
        "type": "Point",
        "coordinates": [
          144.94828359,
          -36.24994736
        ]
      },
      "properties": {
        "average_wait_time": 361.1750183105469,
        "color": "#e74c3c",
        "connectivity_score": 14.771429061889648,
        "coverage_score": 20.0,
        "frequency_score": 10.5,
        "id": "5-15120",
        "mode_id": 5,
        "mode_name": "Regional Coach",
        "name": "Mangan St/Henderson Rd",
        "nearby_stops": [
          {
            "distance": 27.737145218529196,
            "id": "5-15121",
            "mode_name": "Regional Coach",
            "name": "Mangan St/Henderson Rd"
          }
        ],
        "reliability_score": 14.285715103149414,
        "route_ids": [
          "aus:vic:vic-05-EC2:",
          "aus:vic:vic-05-V31:"
        ]
      }
    },
    {
      "type": "Feature",
      "geometry": {
        "type": "Point",
        "coordinates": [
          142.17081515,
          -34.23567089
        ]
      },
      "properties": {
        "average_wait_time": 999.0000610351562,
        "color": "#e74c3c",
        "connectivity_score": 7.0714287757873535,
        "coverage_score": 10.0,
        "frequency_score": 0.0,
        "id": "5-17975",
        "mode_id": 5,
        "mode_name": "Regional Coach",
        "name": "Hassell St/Calder Hwy",
        "nearby_stops": [
          {
            "distance": 137.88801839756997,
            "id": "5-17974",
            "mode_name": "Regional Coach",
            "name": "Hassell St/Calder Hwy"
          }
        ],
        "reliability_score": 14.285715103149414,
        "route_ids": [
          "aus:vic:vic-05-V34:"
        ]
      }
    },
    {
      "type": "Feature",
      "geometry": {
        "type": "Point",
        "coordinates": [
          144.31690789,
          -38.32899703
        ]
      },
      "properties": {
        "average_wait_time": 351.8500061035156,
        "color": "#e74c3c",
        "connectivity_score": 31.457143783569336,
        "coverage_score": 20.0,
        "frequency_score": 16.5,
        "id": "5-30958",
        "mode_id": 5,
        "mode_name": "Regional Coach",
        "name": "Torquay Holiday Resort/Surf Coast Hwy",
        "nearby_stops": [
          {
            "distance": 47.45354882640608,
            "id": "5-30935",
            "mode_name": "Regional Coach",
            "name": "Torquay Holiday Resort/Surf Coast Hwy"
          }
        ],
        "reliability_score": 71.42857360839844,
        "route_ids": [
          "aus:vic:vic-05-V50:",
          "aus:vic:vic-05-GVL:"
        ]
      }
    },
    {
      "type": "Feature",
      "geometry": {
        "type": "Point",
        "coordinates": [
          147.06351137,
          -38.10722617
        ]
      },
      "properties": {
        "average_wait_time": 341.1200256347656,
        "color": "#e74c3c",
        "connectivity_score": 18.27142906188965,
        "coverage_score": 30.0,
        "frequency_score": 10.5,
        "id": "5-16301",
        "mode_id": 5,
        "mode_name": "Regional Coach",
        "name": "Gippsland Shopping Centre/Cunninghame St",
        "nearby_stops": [],
        "reliability_score": 14.285715103149414,
        "route_ids": [
          "aus:vic:vic-05-V43:",
          "aus:vic:vic-05-BDE:",
          "aus:vic:vic-05-V25:"
        ]
      }
    },
    {
      "type": "Feature",
      "geometry": {
        "type": "Point",
        "coordinates": [
          148.07067703,
          -37.86186539
        ]
      },
      "properties": {
        "average_wait_time": 322.1400146484375,
        "color": "#e74c3c",
        "connectivity_score": 19.671430587768555,
        "coverage_score": 10.0,
        "frequency_score": 31.500001907348633,
        "id": "5-17778",
        "mode_id": 5,
        "mode_name": "Regional Coach",
        "name": "Barracouta Rd/Lake Tyers Rd",
        "nearby_stops": [],
        "reliability_score": 14.285715103149414,
        "route_ids": [
          "aus:vic:vic-05-V25:"
        ]
      }
    },
    {
      "type": "Feature",
      "geometry": {
        "type": "Point",
        "coordinates": [
          148.79486891,
          -37.67180842
        ]
      },
      "properties": {
        "average_wait_time": 630.4000244140625,
        "color": "#e74c3c",
        "connectivity_score": 9.471428871154785,
        "coverage_score": 10.0,
        "frequency_score": 6.0,
        "id": "5-49023",
        "mode_id": 5,
        "mode_name": "Regional Coach",
        "name": "Sydenham Inlet Rd/Princes Hwy",
        "nearby_stops": [
          {
            "distance": 98.90673203056139,
            "id": "5-22029",
            "mode_name": "Regional Coach",
            "name": "Bemm River Rd/Princes Hwy"
          }
        ],
        "reliability_score": 14.285715103149414,
        "route_ids": [
          "aus:vic:vic-05-V09:"
        ]
      }
    },
    {
      "type": "Feature",
      "geometry": {
        "type": "Point",
        "coordinates": [
          141.6490261,
          -36.33434492
        ]
      },
      "properties": {
        "average_wait_time": 620.4000244140625,
        "color": "#e74c3c",
        "connectivity_score": 12.971427917480469,
        "coverage_score": 20.0,
        "frequency_score": 6.0,
        "id": "5-17834",
        "mode_id": 5,
        "mode_name": "Regional Coach",
        "name": "Information Centre/Western Hwy",
        "nearby_stops": [
          {
            "distance": 48.67615582799219,
            "id": "5-17835",
            "mode_name": "Regional Coach",
            "name": "Information Centre/Western Hwy"
          }
        ],
        "reliability_score": 14.285715103149414,
        "route_ids": [
          "aus:vic:vic-05-V37:",
          "aus:vic:vic-05-V03:"
        ]
      }
    },
    {
      "type": "Feature",
      "geometry": {
        "type": "Point",
        "coordinates": [
          141.77933559,
          -38.21888227
        ]
      },
      "properties": {
        "average_wait_time": 409.9000244140625,
        "color": "#e74c3c",
        "connectivity_score": 11.271429061889648,
        "coverage_score": 10.0,
        "frequency_score": 10.5,
        "id": "5-17742",
        "mode_id": 5,
        "mode_name": "Regional Coach",
        "name": "Princes Hwy",
        "nearby_stops": [
          {
            "distance": 12.182693385322507,
            "id": "5-45965",
            "mode_name": "Regional Coach",
            "name": "Princes Hwy"
          }
        ],
        "reliability_score": 14.285715103149414,
        "route_ids": [
          "aus:vic:vic-05-V30:"
        ]
      }
    },
    {
      "type": "Feature",
      "geometry": {
        "type": "Point",
        "coordinates": [
          148.15810859,
          -37.74257434
        ]
      },
      "properties": {
        "average_wait_time": 620.4000244140625,
        "color": "#e74c3c",
        "connectivity_score": 12.971427917480469,
        "coverage_score": 20.0,
        "frequency_score": 6.0,
        "id": "5-46429",
        "mode_id": 5,
        "mode_name": "Regional Coach",
        "name": "Wairewa Rd/Princes Hwy",
        "nearby_stops": [],
        "reliability_score": 14.285715103149414,
        "route_ids": [
          "aus:vic:vic-05-V09:",
          "aus:vic:vic-05-V25:"
        ]
      }
    },
    {
      "type": "Feature",
      "geometry": {
        "type": "Point",
        "coordinates": [
          139.80131227,
          -35.31865112
        ]
      },
      "properties": {
        "average_wait_time": 663.4000244140625,
        "color": "#e74c3c",
        "connectivity_score": 9.471428871154785,
        "coverage_score": 10.0,
        "frequency_score": 6.0,
        "id": "5-48735",
        "mode_id": 5,
        "mode_name": "Regional Coach",
        "name": "Hambidge St/Mallee Hwy",
        "nearby_stops": [
          {
            "distance": 23.258648356620615,
            "id": "5-20838",
            "mode_name": "Regional Coach",
            "name": "Sherlock Store/Mallee Hwy"
          }
        ],
        "reliability_score": 14.285715103149414,
        "route_ids": [
          "aus:vic:vic-05-V47:"
        ]
      }
    },
    {
      "type": "Feature",
      "geometry": {
        "type": "Point",
        "coordinates": [
          143.15548608,
          -38.69112979
        ]
      },
      "properties": {
        "average_wait_time": 644.4000244140625,
        "color": "#e74c3c",
        "connectivity_score": 9.471428871154785,
        "coverage_score": 10.0,
        "frequency_score": 6.0,
        "id": "5-17722",
        "mode_id": 5,
        "mode_name": "Regional Coach",
        "name": "Old Ocean Rd/Great Ocean Rd",
        "nearby_stops": [
          {
            "distance": 34.526301056978134,
            "id": "5-17723",
            "mode_name": "Regional Coach",
            "name": "Old Ocean Rd/Great Ocean Rd"
          }
        ],
        "reliability_score": 14.285715103149414,
        "route_ids": [
          "aus:vic:vic-05-V50:"
        ]
      }
    },
    {
      "type": "Feature",
      "geometry": {
        "type": "Point",
        "coordinates": [
          149.9042628,
          -37.06301315
        ]
      },
      "properties": {
        "average_wait_time": 999.0000610351562,
        "color": "#e74c3c",
        "connectivity_score": 7.0714287757873535,
        "coverage_score": 10.0,
        "frequency_score": 0.0,
        "id": "5-20865",
        "mode_id": 5,
        "mode_name": "Regional Coach",
        "name": "Caltex Service Station/Princes Hwy",
        "nearby_stops": [],
        "reliability_score": 14.285715103149414,
        "route_ids": [
          "aus:vic:vic-05-V09:"
        ]
      }
    },
    {
      "type": "Feature",
      "geometry": {
        "type": "Point",
        "coordinates": [
          145.29142605,
          -38.50778084
        ]
      },
      "properties": {
        "average_wait_time": 352.82000732421875,
        "color": "#e74c3c",
        "connectivity_score": 11.271429061889648,
        "coverage_score": 10.0,
        "frequency_score": 10.5,
        "id": "5-38000",
        "mode_id": 5,
        "mode_name": "Regional Coach",
        "name": "General Store/Phillip Island Rd",
        "nearby_stops": [
          {
            "distance": 35.300859445933874,
            "id": "5-37987",
            "mode_name": "Regional Coach",
            "name": "General Store/Phillip Island Rd"
          }
        ],
        "reliability_score": 14.285715103149414,
        "route_ids": [
          "aus:vic:vic-05-V15:"
        ]
      }
    },
    {
      "type": "Feature",
      "geometry": {
        "type": "Point",
        "coordinates": [
          145.82282312,
          -38.43088064
        ]
      },
      "properties": {
        "average_wait_time": 336.8125,
        "color": "#e74c3c",
        "connectivity_score": 11.271429061889648,
        "coverage_score": 10.0,
        "frequency_score": 10.5,
        "id": "5-17347",
        "mode_id": 5,
        "mode_name": "Regional Coach",
        "name": "King St/Commercial St",
        "nearby_stops": [
          {
            "distance": 114.71094465387964,
            "id": "5-17348",
            "mode_name": "Regional Coach",
            "name": "King St/Commercial St"
          }
        ],
        "reliability_score": 14.285715103149414,
        "route_ids": [
          "aus:vic:vic-05-V52:"
        ]
      }
    },
    {
      "type": "Feature",
      "geometry": {
        "type": "Point",
        "coordinates": [
          141.62978087,
          -38.13374326
        ]
      },
      "properties": {
        "average_wait_time": 621.7200317382812,
        "color": "#e74c3c",
        "connectivity_score": 12.971427917480469,
        "coverage_score": 20.0,
        "frequency_score": 6.0,
        "id": "5-36334",
        "mode_id": 5,
        "mode_name": "Regional Coach",
        "name": "Lindsay St/Princes Hwy",
        "nearby_stops": [
          {
            "distance": 87.89092094163036,
            "id": "5-17746",
            "mode_name": "Regional Coach",
            "name": "Lindsay St/Princes Hwy"
          }
        ],
        "reliability_score": 14.285715103149414,
        "route_ids": [
          "aus:vic:vic-05-V30:",
          "aus:vic:vic-05-V16:"
        ]
      }
    },
    {
      "type": "Feature",
      "geometry": {
        "type": "Point",
        "coordinates": [
          143.70545212,
          -37.51471311
        ]
      },
      "properties": {
        "average_wait_time": 778.800048828125,
        "color": "#e74c3c",
        "connectivity_score": 8.871429443359375,
        "coverage_score": 10.0,
        "frequency_score": 4.5,
        "id": "5-36257",
        "mode_id": 5,
        "mode_name": "Regional Coach",
        "name": "Windermere Way/Madden Rd",
        "nearby_stops": [],
        "reliability_score": 14.285715103149414,
        "route_ids": [
          "aus:vic:vic-05-V37:"
        ]
      }
    },
    {
      "type": "Feature",
      "geometry": {
        "type": "Point",
        "coordinates": [
          146.89165748,
          -37.96270851
        ]
      },
      "properties": {
        "average_wait_time": 452.20001220703125,
        "color": "#e74c3c",
        "connectivity_score": 11.271429061889648,
        "coverage_score": 10.0,
        "frequency_score": 10.5,
        "id": "5-17784",
        "mode_id": 5,
        "mode_name": "Regional Coach",
        "name": "General Store/Traralgon-Maffra Rd",
        "nearby_stops": [],
        "reliability_score": 14.285715103149414,
        "route_ids": [
          "aus:vic:vic-05-V43:"
        ]
      }
    },
    {
      "type": "Feature",
      "geometry": {
        "type": "Point",
        "coordinates": [
          145.24017923,
          -38.45197238
        ]
      },
      "properties": {
        "average_wait_time": 356.08001708984375,
        "color": "#e74c3c",
        "connectivity_score": 11.271429061889648,
        "coverage_score": 10.0,
        "frequency_score": 10.5,
        "id": "5-51806",
        "mode_id": 5,
        "mode_name": "Regional Coach",
        "name": "Cowes Transit Centre/Church St",
        "nearby_stops": [],
        "reliability_score": 14.285715103149414,
        "route_ids": [
          "aus:vic:vic-05-V15:"
        ]
      }
    },
    {
      "type": "Feature",
      "geometry": {
        "type": "Point",
        "coordinates": [
          145.57065437,
          -38.08200282
        ]
      },
      "properties": {
        "average_wait_time": 617.4000244140625,
        "color": "#e74c3c",
        "connectivity_score": 12.971427917480469,
        "coverage_score": 20.0,
        "frequency_score": 6.0,
        "id": "5-22364",
        "mode_id": 5,
        "mode_name": "Regional Coach",
        "name": "Nar Nar Goon Station/Carney St ",
        "nearby_stops": [],
        "reliability_score": 14.285715103149414,
        "route_ids": [
          "aus:vic:vic-05-BDE:",
          "aus:vic:vic-05-TRN:"
        ]
      }
    },
    {
      "type": "Feature",
      "geometry": {
        "type": "Point",
        "coordinates": [
          143.82025371,
          -37.53959499
        ]
      },
      "properties": {
        "average_wait_time": 999.0000610351562,
        "color": "#e74c3c",
        "connectivity_score": 7.0714287757873535,
        "coverage_score": 10.0,
        "frequency_score": 0.0,
        "id": "5-48047",
        "mode_id": 5,
        "mode_name": "Regional Coach",
        "name": "Wendouree Station ",
        "nearby_stops": [],
        "reliability_score": 14.285715103149414,
        "route_ids": [
          "aus:vic:vic-05-BAT:"
        ]
      }
    },
    {
      "type": "Feature",
      "geometry": {
        "type": "Point",
        "coordinates": [
          142.77972416,
          -37.0567316
        ]
      },
      "properties": {
        "average_wait_time": 409.9000244140625,
        "color": "#e74c3c",
        "connectivity_score": 11.271429061889648,
        "coverage_score": 10.0,
        "frequency_score": 10.5,
        "id": "5-36185",
        "mode_id": 5,
        "mode_name": "Regional Coach",
        "name": "Stawell Town Hall/Main St",
        "nearby_stops": [],
        "reliability_score": 14.285715103149414,
        "route_ids": [
          "aus:vic:vic-05-V24:"
        ]
      }
    },
    {
      "type": "Feature",
      "geometry": {
        "type": "Point",
        "coordinates": [
          141.60290138,
          -38.3462247
        ]
      },
      "properties": {
        "average_wait_time": 336.35003662109375,
        "color": "#e74c3c",
        "connectivity_score": 14.771429061889648,
        "coverage_score": 20.0,
        "frequency_score": 10.5,
        "id": "5-36341",
        "mode_id": 5,
        "mode_name": "Regional Coach",
        "name": "Henty Street Bus Interchange/Henty St",
        "nearby_stops": [
          {
            "distance": 27.17009904770057,
            "id": "5-17745",
            "mode_name": "Regional Coach",
            "name": "Henty Street Bus Interchange/Henty St"
          }
        ],
        "reliability_score": 14.285715103149414,
        "route_ids": [
          "aus:vic:vic-05-V16:"
        ]
      }
    },
    {
      "type": "Feature",
      "geometry": {
        "type": "Point",
        "coordinates": [
          144.96649093,
          -37.81775625
        ]
      },
      "properties": {
        "average_wait_time": 999.0000610351562,
        "color": "#e74c3c",
        "connectivity_score": 7.0714287757873535,
        "coverage_score": 10.0,
        "frequency_score": 0.0,
        "id": "5-52550",
        "mode_id": 5,
        "mode_name": "Regional Coach",
        "name": "Flinder St Station/Flinders St ",
        "nearby_stops": [],
        "reliability_score": 14.285715103149414,
        "route_ids": [
          "aus:vic:vic-05-TRN:"
        ]
      }
    },
    {
      "type": "Feature",
      "geometry": {
        "type": "Point",
        "coordinates": [
          145.31812336,
          -38.1594681
        ]
      },
      "properties": {
        "average_wait_time": 354.0068359375,
        "color": "#e74c3c",
        "connectivity_score": 11.271429061889648,
        "coverage_score": 10.0,
        "frequency_score": 10.5,
        "id": "5-17337",
        "mode_id": 5,
        "mode_name": "Regional Coach",
        "name": "Clyde-Five Ways Rd/South Gippsland Hwy",
        "nearby_stops": [
          {
            "distance": 62.47190036563853,
            "id": "5-17338",
            "mode_name": "Regional Coach",
            "name": "Clyde-Five Ways Rd/South Gippsland Hwy"
          }
        ],
        "reliability_score": 14.285715103149414,
        "route_ids": [
          "aus:vic:vic-05-V15:"
        ]
      }
    },
    {
      "type": "Feature",
      "geometry": {
        "type": "Point",
        "coordinates": [
          145.39946584,
          -36.37983885
        ]
      },
      "properties": {
        "average_wait_time": 624.47998046875,
        "color": "#e74c3c",
        "connectivity_score": 16.47142791748047,
        "coverage_score": 30.0,
        "frequency_score": 6.0,
        "id": "5-15127",
        "mode_id": 5,
        "mode_name": "Regional Coach",
        "name": "Fraser St/Wyndham St",
        "nearby_stops": [
          {
            "distance": 49.97481368188182,
            "id": "5-15128",
            "mode_name": "Regional Coach",
            "name": "Fraser St/Wyndham St"
          }
        ],
        "reliability_score": 14.285715103149414,
        "route_ids": [
          "aus:vic:vic-05-V07:",
          "aus:vic:vic-05-V41:",
          "aus:vic:vic-05-EC2:"
        ]
      }
    },
    {
      "type": "Feature",
      "geometry": {
        "type": "Point",
        "coordinates": [
          138.59575121,
          -34.92748523
        ]
      },
      "properties": {
        "average_wait_time": 320.45001220703125,
        "color": "#e74c3c",
        "connectivity_score": 17.171428680419922,
        "coverage_score": 20.0,
        "frequency_score": 16.5,
        "id": "5-20815",
        "mode_id": 5,
        "mode_name": "Regional Coach",
        "name": "85 Franklin St",
        "nearby_stops": [],
        "reliability_score": 14.285715103149414,
        "route_ids": [
          "aus:vic:vic-05-V03:",
          "aus:vic:vic-05-V47:"
        ]
      }
    },
    {
      "type": "Feature",
      "geometry": {
        "type": "Point",
        "coordinates": [
          143.66322635,
          -38.77712338
        ]
      },
      "properties": {
        "average_wait_time": 616.6000366210938,
        "color": "#e74c3c",
        "connectivity_score": 9.471428871154785,
        "coverage_score": 10.0,
        "frequency_score": 6.0,
        "id": "5-7009",
        "mode_id": 5,
        "mode_name": "Regional Coach",
        "name": "Harrison St/Marengo Crst",
        "nearby_stops": [],
        "reliability_score": 14.285715103149414,
        "route_ids": [
          "aus:vic:vic-05-V50:"
        ]
      }
    },
    {
      "type": "Feature",
      "geometry": {
        "type": "Point",
        "coordinates": [
          143.34179386,
          -36.19738169
        ]
      },
      "properties": {
        "average_wait_time": 999.0000610351562,
        "color": "#e74c3c",
        "connectivity_score": 7.0714287757873535,
        "coverage_score": 10.0,
        "frequency_score": 0.0,
        "id": "5-16254",
        "mode_id": 5,
        "mode_name": "Regional Coach",
        "name": "Teddywaddy Rd/Calder Hwy",
        "nearby_stops": [
          {
            "distance": 0.0,
            "id": "5-16255",
            "mode_name": "Regional Coach",
            "name": "Teddywaddy Rd/Calder Hwy"
          }
        ],
        "reliability_score": 14.285715103149414,
        "route_ids": [
          "aus:vic:vic-05-V39:"
        ]
      }
    },
    {
      "type": "Feature",
      "geometry": {
        "type": "Point",
        "coordinates": [
          145.2827051,
          -38.10164082
        ]
      },
      "properties": {
        "average_wait_time": 346.510009765625,
        "color": "#e74c3c",
        "connectivity_score": 11.271429061889648,
        "coverage_score": 10.0,
        "frequency_score": 10.5,
        "id": "5-16834",
        "mode_id": 5,
        "mode_name": "Regional Coach",
        "name": "Station St/High St",
        "nearby_stops": [
          {
            "distance": 40.48005566273132,
            "id": "5-17265",
            "mode_name": "Regional Coach",
            "name": "Station St/High St"
          }
        ],
        "reliability_score": 14.285715103149414,
        "route_ids": [
          "aus:vic:vic-05-V15:"
        ]
      }
    },
    {
      "type": "Feature",
      "geometry": {
        "type": "Point",
        "coordinates": [
          144.02884611,
          -37.7772379
        ]
      },
      "properties": {
        "average_wait_time": 636.4000244140625,
        "color": "#e74c3c",
        "connectivity_score": 12.971427917480469,
        "coverage_score": 20.0,
        "frequency_score": 6.0,
        "id": "5-6551",
        "mode_id": 5,
        "mode_name": "Regional Coach",
        "name": "General Store/Midland Hwy",
        "nearby_stops": [],
        "reliability_score": 14.285715103149414,
        "route_ids": [
          "aus:vic:vic-05-V02:",
          "aus:vic:vic-05-V22:"
        ]
      }
    },
    {
      "type": "Feature",
      "geometry": {
        "type": "Point",
        "coordinates": [
          144.65296846,
          -36.59909812
        ]
      },
      "properties": {
        "average_wait_time": 666.0,
        "color": "#e74c3c",
        "connectivity_score": 12.971427917480469,
        "coverage_score": 20.0,
        "frequency_score": 6.0,
        "id": "5-15100",
        "mode_id": 5,
        "mode_name": "Regional Coach",
        "name": "Bendigo-Murchison Rd/Northern Hwy",
        "nearby_stops": [
          {
            "distance": 9.960987486956636,
            "id": "5-15101",
            "mode_name": "Regional Coach",
            "name": "Bendigo-Murchison Rd/Northern Hwy"
          }
        ],
        "reliability_score": 14.285715103149414,
        "route_ids": [
          "aus:vic:vic-05-V10:",
          "aus:vic:vic-05-V20:"
        ]
      }
    },
    {
      "type": "Feature",
      "geometry": {
        "type": "Point",
        "coordinates": [
          144.30014921,
          -38.19853273
        ]
      },
      "properties": {
        "average_wait_time": 999.0000610351562,
        "color": "#e74c3c",
        "connectivity_score": 7.0714287757873535,
        "coverage_score": 10.0,
        "frequency_score": 0.0,
        "id": "5-30711",
        "mode_id": 5,
        "mode_name": "Regional Coach",
        "name": "Deakin University/Alfred Deakin Dr",
        "nearby_stops": [],
        "reliability_score": 14.285715103149414,
        "route_ids": [
          "aus:vic:vic-05-WBL:"
        ]
      }
    },
    {
      "type": "Feature",
      "geometry": {
        "type": "Point",
        "coordinates": [
          142.99615995,
          -35.63711346
        ]
      },
      "properties": {
        "average_wait_time": 999.0000610351562,
        "color": "#e74c3c",
        "connectivity_score": 7.0714287757873535,
        "coverage_score": 10.0,
        "frequency_score": 0.0,
        "id": "5-16263",
        "mode_id": 5,
        "mode_name": "Regional Coach",
        "name": "Caltex Service Station/Calder Hwy",
        "nearby_stops": [
          {
            "distance": 0.0,
            "id": "5-16262",
            "mode_name": "Regional Coach",
            "name": "Caltex Service Station/Calder Hwy"
          }
        ],
        "reliability_score": 14.285715103149414,
        "route_ids": [
          "aus:vic:vic-05-V39:"
        ]
      }
    },
    {
      "type": "Feature",
      "geometry": {
        "type": "Point",
        "coordinates": [
          145.28880987,
          -37.34416456
        ]
      },
      "properties": {
        "average_wait_time": 725.4000244140625,
        "color": "#e74c3c",
        "connectivity_score": 9.471428871154785,
        "coverage_score": 10.0,
        "frequency_score": 6.0,
        "id": "5-17587",
        "mode_id": 5,
        "mode_name": "Regional Coach",
        "name": "Hazeldene Bridge/Whittlesea-Yea Rd",
        "nearby_stops": [
          {
            "distance": 23.96739929977968,
            "id": "5-17588",
            "mode_name": "Regional Coach",
            "name": "Hazeldene Bridge/Whittlesea-Yea Rd"
          }
        ],
        "reliability_score": 14.285715103149414,
        "route_ids": [
          "aus:vic:vic-05-V28:"
        ]
      }
    },
    {
      "type": "Feature",
      "geometry": {
        "type": "Point",
        "coordinates": [
          142.3625375,
          -38.29121756
        ]
      },
      "properties": {
        "average_wait_time": 304.2500305175781,
        "color": "#e74c3c",
        "connectivity_score": 33.97142791748047,
        "coverage_score": 20.0,
        "frequency_score": 58.5,
        "id": "5-45961",
        "mode_id": 5,
        "mode_name": "Regional Coach",
        "name": "Village Green/North Rd",
        "nearby_stops": [
          {
            "distance": 18.607141762027126,
            "id": "5-45962",
            "mode_name": "Regional Coach",
            "name": "Village Green/North Rd"
          },
          {
            "distance": 48.957009048344204,
            "id": "5-17737",
            "mode_name": "Regional Coach",
            "name": "Spring St/Commercial Rd"
          }
        ],
        "reliability_score": 14.285715103149414,
        "route_ids": [
          "aus:vic:vic-05-V16:"
        ]
      }
    },
    {
      "type": "Feature",
      "geometry": {
        "type": "Point",
        "coordinates": [
          142.47566499,
          -38.38510866
        ]
      },
      "properties": {
        "average_wait_time": 347.58502197265625,
        "color": "#e74c3c",
        "connectivity_score": 21.77142906188965,
        "coverage_score": 40.0,
        "frequency_score": 10.5,
        "id": "5-17733",
        "mode_id": 5,
        "mode_name": "Regional Coach",
        "name": "Warrnambool Station/Merri St",
        "nearby_stops": [],
        "reliability_score": 14.285715103149414,
        "route_ids": [
          "aus:vic:vic-05-V30:",
          "aus:vic:vic-05-V50:",
          "aus:vic:vic-05-V06:",
          "aus:vic:vic-05-V16:"
        ]
      }
    },
    {
      "type": "Feature",
      "geometry": {
        "type": "Point",
        "coordinates": [
          142.42104076,
          -36.07674229
        ]
      },
      "properties": {
        "average_wait_time": 999.0000610351562,
        "color": "#e74c3c",
        "connectivity_score": 7.0714287757873535,
        "coverage_score": 10.0,
        "frequency_score": 0.0,
        "id": "5-17817",
        "mode_id": 5,
        "mode_name": "Regional Coach",
        "name": "Swann St/Henty Hwy",
        "nearby_stops": [
          {
            "distance": 37.61523651108684,
            "id": "5-17818",
            "mode_name": "Regional Coach",
            "name": "Swann St/Henty Hwy"
          }
        ],
        "reliability_score": 14.285715103149414,
        "route_ids": [
          "aus:vic:vic-05-V38:"
        ]
      }
    },
    {
      "type": "Feature",
      "geometry": {
        "type": "Point",
        "coordinates": [
          143.36143263,
          -37.68524094
        ]
      },
      "properties": {
        "average_wait_time": 345.98333740234375,
        "color": "#e74c3c",
        "connectivity_score": 18.371429443359375,
        "coverage_score": 20.0,
        "frequency_score": 19.5,
        "id": "5-17768",
        "mode_id": 5,
        "mode_name": "Regional Coach",
        "name": "BP Roadhouse/Glenelg Hwy",
        "nearby_stops": [],
        "reliability_score": 14.285715103149414,
        "route_ids": [
          "aus:vic:vic-05-V06:",
          "aus:vic:vic-05-V29:"
        ]
      }
    },
    {
      "type": "Feature",
      "geometry": {
        "type": "Point",
        "coordinates": [
          145.23065204,
          -37.81246015
        ]
      },
      "properties": {
        "average_wait_time": 672.4000244140625,
        "color": "#e74c3c",
        "connectivity_score": 9.471428871154785,
        "coverage_score": 10.0,
        "frequency_score": 6.0,
        "id": "5-7877",
        "mode_id": 5,
        "mode_name": "Regional Coach",
        "name": "Eastland SC/Warrandyte Rd",
        "nearby_stops": [],
        "reliability_score": 14.285715103149414,
        "route_ids": [
          "aus:vic:vic-05-V28:"
        ]
      }
    },
    {
      "type": "Feature",
      "geometry": {
        "type": "Point",
        "coordinates": [
          143.88812365,
          -37.42460539
        ]
      },
      "properties": {
        "average_wait_time": 619.6000366210938,
        "color": "#e74c3c",
        "connectivity_score": 12.971427917480469,
        "coverage_score": 20.0,
        "frequency_score": 6.0,
        "id": "5-45033",
        "mode_id": 5,
        "mode_name": "Regional Coach",
        "name": "Creswick Station/Raglan St ",
        "nearby_stops": [],
        "reliability_score": 14.285715103149414,
        "route_ids": [
          "aus:vic:vic-05-V22:",
          "aus:vic:vic-05-V32:"
        ]
      }
    },
    {
      "type": "Feature",
      "geometry": {
        "type": "Point",
        "coordinates": [
          146.4294343,
          -38.23508871
        ]
      },
      "properties": {
        "average_wait_time": 999.0000610351562,
        "color": "#e74c3c",
        "connectivity_score": 7.0714287757873535,
        "coverage_score": 10.0,
        "frequency_score": 0.0,
        "id": "5-16291",
        "mode_id": 5,
        "mode_name": "Regional Coach",
        "name": "Centre Valley Rd/Princes Dr",
        "nearby_stops": [
          {
            "distance": 284.9894986746686,
            "id": "5-16292",
            "mode_name": "Regional Coach",
            "name": "Mid Valley Shopping Centre/Mid Valley Dr"
          }
        ],
        "reliability_score": 14.285715103149414,
        "route_ids": [
          "aus:vic:vic-05-TRN:"
        ]
      }
    },
    {
      "type": "Feature",
      "geometry": {
        "type": "Point",
        "coordinates": [
          143.84804403,
          -37.5610549
        ]
      },
      "properties": {
        "average_wait_time": 414.0000305175781,
        "color": "#e74c3c",
        "connectivity_score": 14.771429061889648,
        "coverage_score": 20.0,
        "frequency_score": 10.5,
        "id": "5-35120",
        "mode_id": 5,
        "mode_name": "Regional Coach",
        "name": "Ballarat Base Hospital/Sturt St",
        "nearby_stops": [
          {
            "distance": 52.312741748519876,
            "id": "5-35029",
            "mode_name": "Regional Coach",
            "name": "Ballarat Base Hospital/Sturt St"
          },
          {
            "distance": 224.65954698058272,
            "id": "5-49915",
            "mode_name": "Regional Coach",
            "name": "Ballarat Base Hospital/Sturt St"
          },
          {
            "distance": 291.27361769177116,
            "id": "5-49917",
            "mode_name": "Regional Coach",
            "name": "Ballarat Base Hospital/Sturt St"
          }
        ],
        "reliability_score": 14.285715103149414,
        "route_ids": [
          "aus:vic:vic-05-V37:"
        ]
      }
    },
    {
      "type": "Feature",
      "geometry": {
        "type": "Point",
        "coordinates": [
          142.2793102,
          -34.76152836
        ]
      },
      "properties": {
        "average_wait_time": 999.0000610351562,
        "color": "#e74c3c",
        "connectivity_score": 7.0714287757873535,
        "coverage_score": 10.0,
        "frequency_score": 0.0,
        "id": "5-17971",
        "mode_id": 5,
        "mode_name": "Regional Coach",
        "name": "BP Store/Calder Hwy",
        "nearby_stops": [],
        "reliability_score": 14.285715103149414,
        "route_ids": [
          "aus:vic:vic-05-V34:"
        ]
      }
    },
    {
      "type": "Feature",
      "geometry": {
        "type": "Point",
        "coordinates": [
          143.17213488,
          -37.36620715
        ]
      },
      "properties": {
        "average_wait_time": 410.433349609375,
        "color": "#e74c3c",
        "connectivity_score": 18.27142906188965,
        "coverage_score": 30.0,
        "frequency_score": 10.5,
        "id": "5-17798",
        "mode_id": 5,
        "mode_name": "Regional Coach",
        "name": "Hotel/Western Hwy",
        "nearby_stops": [],
        "reliability_score": 14.285715103149414,
        "route_ids": [
          "aus:vic:vic-05-V02:",
          "aus:vic:vic-05-V37:",
          "aus:vic:vic-05-V38:"
        ]
      }
    },
    {
      "type": "Feature",
      "geometry": {
        "type": "Point",
        "coordinates": [
          144.32166453,
          -38.33773751
        ]
      },
      "properties": {
        "average_wait_time": 999.0000610351562,
        "color": "#e74c3c",
        "connectivity_score": 21.35714340209961,
        "coverage_score": 10.0,
        "frequency_score": 0.0,
        "id": "5-30953",
        "mode_id": 5,
        "mode_name": "Regional Coach",
        "name": "Munday St/Bell St",
        "nearby_stops": [],
        "reliability_score": 71.42857360839844,
        "route_ids": [
          "aus:vic:vic-05-GVL:"
        ]
      }
    },
    {
      "type": "Feature",
      "geometry": {
        "type": "Point",
        "coordinates": [
          145.62958364,
          -38.08539952
        ]
      },
      "properties": {
        "average_wait_time": 617.6000366210938,
        "color": "#e74c3c",
        "connectivity_score": 12.971427917480469,
        "coverage_score": 20.0,
        "frequency_score": 6.0,
        "id": "5-22365",
        "mode_id": 5,
        "mode_name": "Regional Coach",
        "name": "Tynong Station/Nar Nar Goon - Longwarry Rd ",
        "nearby_stops": [],
        "reliability_score": 14.285715103149414,
        "route_ids": [
          "aus:vic:vic-05-TRN:",
          "aus:vic:vic-05-BDE:"
        ]
      }
    },
    {
      "type": "Feature",
      "geometry": {
        "type": "Point",
        "coordinates": [
          144.94807578,
          -36.24980859
        ]
      },
      "properties": {
        "average_wait_time": 361.1750183105469,
        "color": "#e74c3c",
        "connectivity_score": 14.771429061889648,
        "coverage_score": 20.0,
        "frequency_score": 10.5,
        "id": "5-15121",
        "mode_id": 5,
        "mode_name": "Regional Coach",
        "name": "Mangan St/Henderson Rd",
        "nearby_stops": [
          {
            "distance": 27.737145218529196,
            "id": "5-15120",
            "mode_name": "Regional Coach",
            "name": "Mangan St/Henderson Rd"
          }
        ],
        "reliability_score": 14.285715103149414,
        "route_ids": [
          "aus:vic:vic-05-EC2:",
          "aus:vic:vic-05-V31:"
        ]
      }
    },
    {
      "type": "Feature",
      "geometry": {
        "type": "Point",
        "coordinates": [
          144.20903904,
          -36.74276965
        ]
      },
      "properties": {
        "average_wait_time": 652.4000244140625,
        "color": "#e74c3c",
        "connectivity_score": 12.971427917480469,
        "coverage_score": 20.0,
        "frequency_score": 6.0,
        "id": "5-16244",
        "mode_id": 5,
        "mode_name": "Regional Coach",
        "name": "Maiden Gully Rd/Calder Hwy",
        "nearby_stops": [],
        "reliability_score": 14.285715103149414,
        "route_ids": [
          "aus:vic:vic-05-V39:",
          "aus:vic:vic-05-SWL:"
        ]
      }
    },
    {
      "type": "Feature",
      "geometry": {
        "type": "Point",
        "coordinates": [
          144.97947437,
          -37.41434821
        ]
      },
      "properties": {
        "average_wait_time": 599.6000366210938,
        "color": "#e74c3c",
        "connectivity_score": 26.571428298950195,
        "coverage_score": 20.0,
        "frequency_score": 40.0,
        "id": "5-17154",
        "mode_id": 5,
        "mode_name": "Regional Coach",
        "name": "Hadfield Park/High St",
        "nearby_stops": [
          {
            "distance": 35.970698463932536,
            "id": "5-17153",
            "mode_name": "Regional Coach",
            "name": "Hadfield Park/High St"
          }
        ],
        "reliability_score": 14.285715103149414,
        "route_ids": [
          "aus:vic:vic-05-V07:",
          "aus:vic:vic-05-V20:"
        ]
      }
    },
    {
      "type": "Feature",
      "geometry": {
        "type": "Point",
        "coordinates": [
          144.52613004,
          -37.35905594
        ]
      },
      "properties": {
        "average_wait_time": 357.01666259765625,
        "color": "#e74c3c",
        "connectivity_score": 11.271429061889648,
        "coverage_score": 10.0,
        "frequency_score": 10.5,
        "id": "5-20817",
        "mode_id": 5,
        "mode_name": "Regional Coach",
        "name": "Woodend Station/Station St ",
        "nearby_stops": [],
        "reliability_score": 14.285715103149414,
        "route_ids": [
          "aus:vic:vic-05-V18:"
        ]
      }
    },
    {
      "type": "Feature",
      "geometry": {
        "type": "Point",
        "coordinates": [
          146.3832662,
          -36.44374679
        ]
      },
      "properties": {
        "average_wait_time": 999.0000610351562,
        "color": "#e74c3c",
        "connectivity_score": 7.0714287757873535,
        "coverage_score": 10.0,
        "frequency_score": 0.0,
        "id": "5-39130",
        "mode_id": 5,
        "mode_name": "Regional Coach",
        "name": "Ely St/Snow Rd",
        "nearby_stops": [
          {
            "distance": 73.40907484927322,
            "id": "5-39129",
            "mode_name": "Regional Coach",
            "name": "Ely St/Snow Rd"
          }
        ],
        "reliability_score": 14.285715103149414,
        "route_ids": [
          "aus:vic:vic-05-mtb:"
        ]
      }
    },
    {
      "type": "Feature",
      "geometry": {
        "type": "Point",
        "coordinates": [
          142.47111657,
          -35.45704442
        ]
      },
      "properties": {
        "average_wait_time": 999.0000610351562,
        "color": "#e74c3c",
        "connectivity_score": 7.0714287757873535,
        "coverage_score": 10.0,
        "frequency_score": 0.0,
        "id": "5-17981",
        "mode_id": 5,
        "mode_name": "Regional Coach",
        "name": "CFA/Sunraysia Hwy",
        "nearby_stops": [
          {
            "distance": 23.234430697431222,
            "id": "5-17982",
            "mode_name": "Regional Coach",
            "name": "CFA/Sunraysia Hwy"
          }
        ],
        "reliability_score": 14.285715103149414,
        "route_ids": [
          "aus:vic:vic-05-V38:"
        ]
      }
    },
    {
      "type": "Feature",
      "geometry": {
        "type": "Point",
        "coordinates": [
          145.1320263,
          -36.37185386
        ]
      },
      "properties": {
        "average_wait_time": 411.10003662109375,
        "color": "#e74c3c",
        "connectivity_score": 14.771429061889648,
        "coverage_score": 20.0,
        "frequency_score": 10.5,
        "id": "5-20889",
        "mode_id": 5,
        "mode_name": "Regional Coach",
        "name": "Morrissey St/Waverley Ave ",
        "nearby_stops": [],
        "reliability_score": 14.285715103149414,
        "route_ids": [
          "aus:vic:vic-05-V07:",
          "aus:vic:vic-05-EC2:"
        ]
      }
    },
    {
      "type": "Feature",
      "geometry": {
        "type": "Point",
        "coordinates": [
          143.26528435,
          -36.62193706
        ]
      },
      "properties": {
        "average_wait_time": 644.4000244140625,
        "color": "#e74c3c",
        "connectivity_score": 9.471428871154785,
        "coverage_score": 10.0,
        "frequency_score": 6.0,
        "id": "5-20833",
        "mode_id": 5,
        "mode_name": "Regional Coach",
        "name": "Mobil Roadhouse/Sunraysia Hwy",
        "nearby_stops": [],
        "reliability_score": 14.285715103149414,
        "route_ids": [
          "aus:vic:vic-05-V03:"
        ]
      }
    },
    {
      "type": "Feature",
      "geometry": {
        "type": "Point",
        "coordinates": [
          140.91370993,
          -35.26056761
        ]
      },
      "properties": {
        "average_wait_time": 632.4000244140625,
        "color": "#e74c3c",
        "connectivity_score": 9.471428871154785,
        "coverage_score": 10.0,
        "frequency_score": 6.0,
        "id": "5-20847",
        "mode_id": 5,
        "mode_name": "Regional Coach",
        "name": "BP Roadhouse/Homburg Tce",
        "nearby_stops": [],
        "reliability_score": 14.285715103149414,
        "route_ids": [
          "aus:vic:vic-05-V47:"
        ]
      }
    },
    {
      "type": "Feature",
      "geometry": {
        "type": "Point",
        "coordinates": [
          146.15483782,
          -38.20754918
        ]
      },
      "properties": {
        "average_wait_time": 608.7333984375,
        "color": "#e74c3c",
        "connectivity_score": 11.871429443359375,
        "coverage_score": 10.0,
        "frequency_score": 12.0,
        "id": "5-21463",
        "mode_id": 5,
        "mode_name": "Regional Coach",
        "name": "Trafalgar Station/Princes Hwy ",
        "nearby_stops": [],
        "reliability_score": 14.285715103149414,
        "route_ids": [
          "aus:vic:vic-05-TRN:"
        ]
      }
    },
    {
      "type": "Feature",
      "geometry": {
        "type": "Point",
        "coordinates": [
          144.65305755,
          -36.59910889
        ]
      },
      "properties": {
        "average_wait_time": 666.0,
        "color": "#e74c3c",
        "connectivity_score": 12.971427917480469,
        "coverage_score": 20.0,
        "frequency_score": 6.0,
        "id": "5-15101",
        "mode_id": 5,
        "mode_name": "Regional Coach",
        "name": "Bendigo-Murchison Rd/Northern Hwy",
        "nearby_stops": [
          {
            "distance": 9.960987486956636,
            "id": "5-15100",
            "mode_name": "Regional Coach",
            "name": "Bendigo-Murchison Rd/Northern Hwy"
          }
        ],
        "reliability_score": 14.285715103149414,
        "route_ids": [
          "aus:vic:vic-05-V10:",
          "aus:vic:vic-05-V20:"
        ]
      }
    },
    {
      "type": "Feature",
      "geometry": {
        "type": "Point",
        "coordinates": [
          145.94020985,
          -37.02869827
        ]
      },
      "properties": {
        "average_wait_time": 653.9000244140625,
        "color": "#e74c3c",
        "connectivity_score": 9.471428871154785,
        "coverage_score": 10.0,
        "frequency_score": 6.0,
        "id": "5-18681",
        "mode_id": 5,
        "mode_name": "Regional Coach",
        "name": "Opposite CFA/Maroondah Hwy",
        "nearby_stops": [
          {
            "distance": 34.89294533966106,
            "id": "5-18682",
            "mode_name": "Regional Coach",
            "name": "Opposite CFA/Maroondah Hwy"
          }
        ],
        "reliability_score": 14.285715103149414,
        "route_ids": [
          "aus:vic:vic-05-V28:"
        ]
      }
    },
    {
      "type": "Feature",
      "geometry": {
        "type": "Point",
        "coordinates": [
          146.960433,
          -36.72835205
        ]
      },
      "properties": {
        "average_wait_time": 314.16668701171875,
        "color": "#e74c3c",
        "connectivity_score": 18.4714298248291,
        "coverage_score": 10.0,
        "frequency_score": 28.5,
        "id": "5-18689",
        "mode_id": 5,
        "mode_name": "Regional Coach",
        "name": "Alpine Hotel/Anderson St",
        "nearby_stops": [],
        "reliability_score": 14.285715103149414,
        "route_ids": [
          "aus:vic:vic-05-mtb:"
        ]
      }
    },
    {
      "type": "Feature",
      "geometry": {
        "type": "Point",
        "coordinates": [
          148.72058124,
          -37.69781697
        ]
      },
      "properties": {
        "average_wait_time": 626.4000244140625,
        "color": "#e74c3c",
        "connectivity_score": 9.471428871154785,
        "coverage_score": 10.0,
        "frequency_score": 6.0,
        "id": "5-20858",
        "mode_id": 5,
        "mode_name": "Regional Coach",
        "name": "General Store/Princes Hwy",
        "nearby_stops": [],
        "reliability_score": 14.285715103149414,
        "route_ids": [
          "aus:vic:vic-05-V09:"
        ]
      }
    },
    {
      "type": "Feature",
      "geometry": {
        "type": "Point",
        "coordinates": [
          144.95222469,
          -37.81522002
        ]
      },
      "properties": {
        "average_wait_time": 326.1625061035156,
        "color": "#f1c40f",
        "connectivity_score": 44.07143020629883,
        "coverage_score": 90.0,
        "frequency_score": 22.5,
        "id": "5-20836",
        "mode_id": 5,
        "mode_name": "Regional Coach",
        "name": "Southern Cross Coach Terminal/Spencer St",
        "nearby_stops": [],
        "reliability_score": 14.285715103149414,
        "route_ids": [
          "aus:vic:vic-05-V52:",
          "aus:vic:vic-05-V28:",
          "aus:vic:vic-05-BAT:",
          "aus:vic:vic-05-SER:",
          "aus:vic:vic-05-V07:",
          "aus:vic:vic-05-V34:",
          "aus:vic:vic-05-V20:",
          "aus:vic:vic-05-TRN:",
          "aus:vic:vic-05-V10:"
        ]
      }
    },
    {
      "type": "Feature",
      "geometry": {
        "type": "Point",
        "coordinates": [
          145.62115505,
          -38.66747582
        ]
      },
      "properties": {
        "average_wait_time": 999.0000610351562,
        "color": "#e74c3c",
        "connectivity_score": 7.0714287757873535,
        "coverage_score": 10.0,
        "frequency_score": 0.0,
        "id": "5-17967",
        "mode_id": 5,
        "mode_name": "Regional Coach",
        "name": "Seaward Dr/Cape Paterson Rd",
        "nearby_stops": [
          {
            "distance": 38.93623130004433,
            "id": "5-17968",
            "mode_name": "Regional Coach",
            "name": "Seaward Dr/Cape Paterson Rd"
          }
        ],
        "reliability_score": 14.285715103149414,
        "route_ids": [
          "aus:vic:vic-05-V15:"
        ]
      }
    },
    {
      "type": "Feature",
      "geometry": {
        "type": "Point",
        "coordinates": [
          143.84086585,
          -37.58226164
        ]
      },
      "properties": {
        "average_wait_time": 999.0000610351562,
        "color": "#e74c3c",
        "connectivity_score": 7.0714287757873535,
        "coverage_score": 10.0,
        "frequency_score": 0.0,
        "id": "5-20794",
        "mode_id": 5,
        "mode_name": "Regional Coach",
        "name": "Rubicon St/Albert St",
        "nearby_stops": [],
        "reliability_score": 14.285715103149414,
        "route_ids": [
          "aus:vic:vic-05-V29:"
        ]
      }
    },
    {
      "type": "Feature",
      "geometry": {
        "type": "Point",
        "coordinates": [
          143.39122219,
          -38.6806639
        ]
      },
      "properties": {
        "average_wait_time": 632.4000244140625,
        "color": "#e74c3c",
        "connectivity_score": 9.471428871154785,
        "coverage_score": 10.0,
        "frequency_score": 6.0,
        "id": "5-17721",
        "mode_id": 5,
        "mode_name": "Regional Coach",
        "name": "Great Ocean Rd",
        "nearby_stops": [
          {
            "distance": 79.14599172144747,
            "id": "5-52183",
            "mode_name": "Regional Coach",
            "name": "Great Ocean Rd"
          }
        ],
        "reliability_score": 14.285715103149414,
        "route_ids": [
          "aus:vic:vic-05-V50:"
        ]
      }
    },
    {
      "type": "Feature",
      "geometry": {
        "type": "Point",
        "coordinates": [
          143.99439355,
          -37.40167772
        ]
      },
      "properties": {
        "average_wait_time": 999.0000610351562,
        "color": "#e74c3c",
        "connectivity_score": 7.0714287757873535,
        "coverage_score": 10.0,
        "frequency_score": 0.0,
        "id": "5-17152",
        "mode_id": 5,
        "mode_name": "Regional Coach",
        "name": "Antique Shop/Midland Hwy",
        "nearby_stops": [
          {
            "distance": 15.9159234139764,
            "id": "5-17151",
            "mode_name": "Regional Coach",
            "name": "Antique Shop/Midland Hwy"
          }
        ],
        "reliability_score": 14.285715103149414,
        "route_ids": [
          "aus:vic:vic-05-V22:"
        ]
      }
    },
    {
      "type": "Feature",
      "geometry": {
        "type": "Point",
        "coordinates": [
          145.98400088,
          -36.54482148
        ]
      },
      "properties": {
        "average_wait_time": 348.4250183105469,
        "color": "#e74c3c",
        "connectivity_score": 21.77142906188965,
        "coverage_score": 40.0,
        "frequency_score": 10.5,
        "id": "5-17234",
        "mode_id": 5,
        "mode_name": "Regional Coach",
        "name": "Benalla Station/Mackellar St ",
        "nearby_stops": [],
        "reliability_score": 14.285715103149414,
        "route_ids": [
          "aus:vic:vic-05-V11:",
          "aus:vic:vic-05-V36:",
          "aus:vic:vic-05-ABY:",
          "aus:vic:vic-05-V47:"
        ]
      }
    },
    {
      "type": "Feature",
      "geometry": {
        "type": "Point",
        "coordinates": [
          143.70637738,
          -36.3555382
        ]
      },
      "properties": {
        "average_wait_time": 999.0000610351562,
        "color": "#e74c3c",
        "connectivity_score": 7.0714287757873535,
        "coverage_score": 10.0,
        "frequency_score": 0.0,
        "id": "5-42314",
        "mode_id": 5,
        "mode_name": "Regional Coach",
        "name": "Korong Vale/Allen St ",
        "nearby_stops": [
          {
            "distance": 27.284641065882308,
            "id": "5-42317",
            "mode_name": "Regional Coach",
            "name": "Korong Vale/Allen St "
          }
        ],
        "reliability_score": 14.285715103149414,
        "route_ids": [
          "aus:vic:vic-05-SWL:"
        ]
      }
    },
    {
      "type": "Feature",
      "geometry": {
        "type": "Point",
        "coordinates": [
          144.74281161,
          -37.35008997
        ]
      },
      "properties": {
        "average_wait_time": 702.4000244140625,
        "color": "#e74c3c",
        "connectivity_score": 12.971427917480469,
        "coverage_score": 20.0,
        "frequency_score": 6.0,
        "id": "5-13765",
        "mode_id": 5,
        "mode_name": "Regional Coach",
        "name": "Romsey Community Hub/Main St",
        "nearby_stops": [
          {
            "distance": 25.197268404234592,
            "id": "5-13766",
            "mode_name": "Regional Coach",
            "name": "Romsey Community Hub/Main St"
          }
        ],
        "reliability_score": 14.285715103149414,
        "route_ids": [
          "aus:vic:vic-05-V20:",
          "aus:vic:vic-05-V10:"
        ]
      }
    },
    {
      "type": "Feature",
      "geometry": {
        "type": "Point",
        "coordinates": [
          145.43178569,
          -36.15373276
        ]
      },
      "properties": {
        "average_wait_time": 623.0,
        "color": "#e74c3c",
        "connectivity_score": 12.971427917480469,
        "coverage_score": 20.0,
        "frequency_score": 6.0,
        "id": "5-17577",
        "mode_id": 5,
        "mode_name": "Regional Coach",
        "name": "Walter St/Goulburn Valley Hwy",
        "nearby_stops": [
          {
            "distance": 19.076653923407516,
            "id": "5-17578",
            "mode_name": "Regional Coach",
            "name": "Walter St/Goulburn Valley Hwy"
          }
        ],
        "reliability_score": 14.285715103149414,
        "route_ids": [
          "aus:vic:vic-05-V31:",
          "aus:vic:vic-05-V41:"
        ]
      }
    },
    {
      "type": "Feature",
      "geometry": {
        "type": "Point",
        "coordinates": [
          147.63227944,
          -37.82551387
        ]
      },
      "properties": {
        "average_wait_time": 328.95001220703125,
        "color": "#e74c3c",
        "connectivity_score": 19.571428298950195,
        "coverage_score": 20.0,
        "frequency_score": 22.5,
        "id": "5-16313",
        "mode_id": 5,
        "mode_name": "Regional Coach",
        "name": "Bailey St/Princes Hwy",
        "nearby_stops": [
          {
            "distance": 91.88571495966544,
            "id": "5-16314",
            "mode_name": "Regional Coach",
            "name": "Bailey St/Princes Hwy"
          }
        ],
        "reliability_score": 14.285715103149414,
        "route_ids": [
          "aus:vic:vic-05-V25:",
          "aus:vic:vic-05-pay:"
        ]
      }
    },
    {
      "type": "Feature",
      "geometry": {
        "type": "Point",
        "coordinates": [
          145.36822946,
          -36.27569704
        ]
      },
      "properties": {
        "average_wait_time": 648.0,
        "color": "#e74c3c",
        "connectivity_score": 9.471428871154785,
        "coverage_score": 10.0,
        "frequency_score": 6.0,
        "id": "5-22688",
        "mode_id": 5,
        "mode_name": "Regional Coach",
        "name": "Zeerust Rd/Barmah - Shepparton Rd",
        "nearby_stops": [
          {
            "distance": 75.4652058429952,
            "id": "5-22687",
            "mode_name": "Regional Coach",
            "name": "Zeerust Rd/Barmah - Shepparton Rd"
          }
        ],
        "reliability_score": 14.285715103149414,
        "route_ids": [
          "aus:vic:vic-05-V07:"
        ]
      }
    },
    {
      "type": "Feature",
      "geometry": {
        "type": "Point",
        "coordinates": [
          142.02827004,
          -37.74660031
        ]
      },
      "properties": {
        "average_wait_time": 624.0,
        "color": "#e74c3c",
        "connectivity_score": 12.971427917480469,
        "coverage_score": 20.0,
        "frequency_score": 6.0,
        "id": "5-17753",
        "mode_id": 5,
        "mode_name": "Regional Coach",
        "name": "Hamilton Station/Station St",
        "nearby_stops": [],
        "reliability_score": 14.285715103149414,
        "route_ids": [
          "aus:vic:vic-05-V16:",
          "aus:vic:vic-05-V29:"
        ]
      }
    },
    {
      "type": "Feature",
      "geometry": {
        "type": "Point",
        "coordinates": [
          142.93691236,
          -37.28243901
        ]
      },
      "properties": {
        "average_wait_time": 355.6500244140625,
        "color": "#e74c3c",
        "connectivity_score": 18.27142906188965,
        "coverage_score": 30.0,
        "frequency_score": 10.5,
        "id": "5-17799",
        "mode_id": 5,
        "mode_name": "Regional Coach",
        "name": "Ararat Railway Station/High St ",
        "nearby_stops": [],
        "reliability_score": 14.285715103149414,
        "route_ids": [
          "aus:vic:vic-05-V38:",
          "aus:vic:vic-05-V02:",
          "aus:vic:vic-05-V37:"
        ]
      }
    },
    {
      "type": "Feature",
      "geometry": {
        "type": "Point",
        "coordinates": [
          143.94134472,
          -36.60167453
        ]
      },
      "properties": {
        "average_wait_time": 657.0,
        "color": "#e74c3c",
        "connectivity_score": 12.971427917480469,
        "coverage_score": 20.0,
        "frequency_score": 6.0,
        "id": "5-16247",
        "mode_id": 5,
        "mode_name": "Regional Coach",
        "name": "Bridgewater/Calder Hwy ",
        "nearby_stops": [
          {
            "distance": 26.76812787256589,
            "id": "5-16248",
            "mode_name": "Regional Coach",
            "name": "Bridgewater/Calder Hwy "
          }
        ],
        "reliability_score": 14.285715103149414,
        "route_ids": [
          "aus:vic:vic-05-V39:",
          "aus:vic:vic-05-SWL:"
        ]
      }
    },
    {
      "type": "Feature",
      "geometry": {
        "type": "Point",
        "coordinates": [
          145.80682733,
          -37.02224896
        ]
      },
      "properties": {
        "average_wait_time": 653.9000244140625,
        "color": "#e74c3c",
        "connectivity_score": 9.471428871154785,
        "coverage_score": 10.0,
        "frequency_score": 6.0,
        "id": "5-18678",
        "mode_id": 5,
        "mode_name": "Regional Coach",
        "name": "Woolshed Rd/Maroondah Hwy",
        "nearby_stops": [
          {
            "distance": 36.75241635423685,
            "id": "5-18679",
            "mode_name": "Regional Coach",
            "name": "Woolshed Rd/Maroondah Hwy"
          }
        ],
        "reliability_score": 14.285715103149414,
        "route_ids": [
          "aus:vic:vic-05-V28:"
        ]
      }
    },
    {
      "type": "Feature",
      "geometry": {
        "type": "Point",
        "coordinates": [
          143.06267021,
          -37.67944153
        ]
      },
      "properties": {
        "average_wait_time": 660.5,
        "color": "#e74c3c",
        "connectivity_score": 9.471428871154785,
        "coverage_score": 10.0,
        "frequency_score": 6.0,
        "id": "5-17766",
        "mode_id": 5,
        "mode_name": "Regional Coach",
        "name": "Milk Bar/Glenelg Hwy",
        "nearby_stops": [
          {
            "distance": 35.33243657219178,
            "id": "5-17767",
            "mode_name": "Regional Coach",
            "name": "Milk Bar/Glenelg Hwy"
          }
        ],
        "reliability_score": 14.285715103149414,
        "route_ids": [
          "aus:vic:vic-05-V29:"
        ]
      }
    },
    {
      "type": "Feature",
      "geometry": {
        "type": "Point",
        "coordinates": [
          144.70156936,
          -36.91543701
        ]
      },
      "properties": {
        "average_wait_time": 340.7166748046875,
        "color": "#e74c3c",
        "connectivity_score": 28.4714298248291,
        "coverage_score": 30.0,
        "frequency_score": 36.0,
        "id": "5-41216",
        "mode_id": 5,
        "mode_name": "Regional Coach",
        "name": "Mitchell St/High St",
        "nearby_stops": [
          {
            "distance": 66.16462289132073,
            "id": "5-35872",
            "mode_name": "Regional Coach",
            "name": "Mitchell St/High St"
          }
        ],
        "reliability_score": 14.285715103149414,
        "route_ids": [
          "aus:vic:vic-05-V07:",
          "aus:vic:vic-05-V20:",
          "aus:vic:vic-05-V10:"
        ]
      }
    },
    {
      "type": "Feature",
      "geometry": {
        "type": "Point",
        "coordinates": [
          142.66429927,
          -35.68255571
        ]
      },
      "properties": {
        "average_wait_time": 999.0000610351562,
        "color": "#e74c3c",
        "connectivity_score": 7.0714287757873535,
        "coverage_score": 10.0,
        "frequency_score": 0.0,
        "id": "5-17986",
        "mode_id": 5,
        "mode_name": "Regional Coach",
        "name": "Woomelang Station/Sunraysia Hwy",
        "nearby_stops": [
          {
            "distance": 16.912141915698278,
            "id": "5-17985",
            "mode_name": "Regional Coach",
            "name": "Woomelang Station/Sunraysia Hwy"
          }
        ],
        "reliability_score": 14.285715103149414,
        "route_ids": [
          "aus:vic:vic-05-V34:"
        ]
      }
    },
    {
      "type": "Feature",
      "geometry": {
        "type": "Point",
        "coordinates": [
          145.28790584,
          -37.32033953
        ]
      },
      "properties": {
        "average_wait_time": 999.0000610351562,
        "color": "#e74c3c",
        "connectivity_score": 7.0714287757873535,
        "coverage_score": 10.0,
        "frequency_score": 0.0,
        "id": "5-17590",
        "mode_id": 5,
        "mode_name": "Regional Coach",
        "name": "Flowerdale Hotel/Whittlesea-Yea Rd",
        "nearby_stops": [
          {
            "distance": 61.290129429472636,
            "id": "5-17589",
            "mode_name": "Regional Coach",
            "name": "Flowerdale Hotel/Whittlesea-Yea Rd"
          }
        ],
        "reliability_score": 14.285715103149414,
        "route_ids": [
          "aus:vic:vic-05-V28:"
        ]
      }
    },
    {
      "type": "Feature",
      "geometry": {
        "type": "Point",
        "coordinates": [
          146.43696514,
          -38.66560639
        ]
      },
      "properties": {
        "average_wait_time": 635.4000244140625,
        "color": "#e74c3c",
        "connectivity_score": 9.471428871154785,
        "coverage_score": 10.0,
        "frequency_score": 6.0,
        "id": "5-17362",
        "mode_id": 5,
        "mode_name": "Regional Coach",
        "name": "Post Office/South Gippsland Hwy",
        "nearby_stops": [
          {
            "distance": 25.562561236284328,
            "id": "5-17361",
            "mode_name": "Regional Coach",
            "name": "Post Office/South Gippsland Hwy"
          }
        ],
        "reliability_score": 14.285715103149414,
        "route_ids": [
          "aus:vic:vic-05-V52:"
        ]
      }
    },
    {
      "type": "Feature",
      "geometry": {
        "type": "Point",
        "coordinates": [
          144.98243661,
          -36.44595542
        ]
      },
      "properties": {
        "average_wait_time": 652.0,
        "color": "#e74c3c",
        "connectivity_score": 12.971427917480469,
        "coverage_score": 20.0,
        "frequency_score": 6.0,
        "id": "5-15140",
        "mode_id": 5,
        "mode_name": "Regional Coach",
        "name": "Birdwood Ave/Brundenell St",
        "nearby_stops": [
          {
            "distance": 31.566196510290446,
            "id": "5-15139",
            "mode_name": "Regional Coach",
            "name": "Birdwood Ave/Brundenell St"
          }
        ],
        "reliability_score": 14.285715103149414,
        "route_ids": [
          "aus:vic:vic-05-V11:"
        ]
      }
    },
    {
      "type": "Feature",
      "geometry": {
        "type": "Point",
        "coordinates": [
          140.77299556,
          -36.30847061
        ]
      },
      "properties": {
        "average_wait_time": 648.4000244140625,
        "color": "#e74c3c",
        "connectivity_score": 9.471428871154785,
        "coverage_score": 10.0,
        "frequency_score": 6.0,
        "id": "5-20807",
        "mode_id": 5,
        "mode_name": "Regional Coach",
        "name": "Sweetie's Bakery/North Tce",
        "nearby_stops": [],
        "reliability_score": 14.285715103149414,
        "route_ids": [
          "aus:vic:vic-05-V03:"
        ]
      }
    },
    {
      "type": "Feature",
      "geometry": {
        "type": "Point",
        "coordinates": [
          145.28416025,
          -38.1096375
        ]
      },
      "properties": {
        "average_wait_time": 347.07000732421875,
        "color": "#e74c3c",
        "connectivity_score": 11.271429061889648,
        "coverage_score": 10.0,
        "frequency_score": 10.5,
        "id": "5-16342",
        "mode_id": 5,
        "mode_name": "Regional Coach",
        "name": "Cranbourne Park SC/Lyall St",
        "nearby_stops": [
          {
            "distance": 135.55030957987861,
            "id": "5-17326",
            "mode_name": "Regional Coach",
            "name": "Cranbourne Park SC/High St"
          }
        ],
        "reliability_score": 14.285715103149414,
        "route_ids": [
          "aus:vic:vic-05-V15:"
        ]
      }
    },
    {
      "type": "Feature",
      "geometry": {
        "type": "Point",
        "coordinates": [
          144.16621256,
          -37.14883003
        ]
      },
      "properties": {
        "average_wait_time": 416.20001220703125,
        "color": "#e74c3c",
        "connectivity_score": 14.771429061889648,
        "coverage_score": 20.0,
        "frequency_score": 10.5,
        "id": "5-17147",
        "mode_id": 5,
        "mode_name": "Regional Coach",
        "name": "Guildford General Store/Midland Hwy",
        "nearby_stops": [
          {
            "distance": 31.06213466799264,
            "id": "5-17146",
            "mode_name": "Regional Coach",
            "name": "Guildford General Store/Midland Hwy"
          }
        ],
        "reliability_score": 14.285715103149414,
        "route_ids": [
          "aus:vic:vic-05-V22:",
          "aus:vic:vic-05-V27:"
        ]
      }
    },
    {
      "type": "Feature",
      "geometry": {
        "type": "Point",
        "coordinates": [
          147.72506434,
          -37.91910113
        ]
      },
      "properties": {
        "average_wait_time": 640.9000244140625,
        "color": "#e74c3c",
        "connectivity_score": 9.471428871154785,
        "coverage_score": 10.0,
        "frequency_score": 6.0,
        "id": "5-20902",
        "mode_id": 5,
        "mode_name": "Regional Coach",
        "name": "Raymond Island Ferry Terminal/Devon Rd",
        "nearby_stops": [],
        "reliability_score": 14.285715103149414,
        "route_ids": [
          "aus:vic:vic-05-pay:"
        ]
      }
    },
    {
      "type": "Feature",
      "geometry": {
        "type": "Point",
        "coordinates": [
          146.47030929,
          -38.21891367
        ]
      },
      "properties": {
        "average_wait_time": 999.0000610351562,
        "color": "#e74c3c",
        "connectivity_score": 7.0714287757873535,
        "coverage_score": 10.0,
        "frequency_score": 0.0,
        "id": "5-20903",
        "mode_id": 5,
        "mode_name": "Regional Coach",
        "name": "Latrobe Regional Hospital",
        "nearby_stops": [],
        "reliability_score": 14.285715103149414,
        "route_ids": [
          "aus:vic:vic-05-TRN:"
        ]
      }
    },
    {
      "type": "Feature",
      "geometry": {
        "type": "Point",
        "coordinates": [
          147.83120341,
          -37.820096
        ]
      },
      "properties": {
        "average_wait_time": 332.7375183105469,
        "color": "#e74c3c",
        "connectivity_score": 13.671428680419922,
        "coverage_score": 10.0,
        "frequency_score": 16.5,
        "id": "5-16386",
        "mode_id": 5,
        "mode_name": "Regional Coach",
        "name": "General Store/Princes Hwy",
        "nearby_stops": [],
        "reliability_score": 14.285715103149414,
        "route_ids": [
          "aus:vic:vic-05-V25:"
        ]
      }
    },
    {
      "type": "Feature",
      "geometry": {
        "type": "Point",
        "coordinates": [
          147.9952337,
          -37.87758762
        ]
      },
      "properties": {
        "average_wait_time": 344.3900146484375,
        "color": "#e74c3c",
        "connectivity_score": 11.271429061889648,
        "coverage_score": 10.0,
        "frequency_score": 10.5,
        "id": "5-16558",
        "mode_id": 5,
        "mode_name": "Regional Coach",
        "name": "Police Station/Roadknight St",
        "nearby_stops": [
          {
            "distance": 73.24515608953402,
            "id": "5-41106",
            "mode_name": "Regional Coach",
            "name": "Police Station/Roadknight St"
          }
        ],
        "reliability_score": 14.285715103149414,
        "route_ids": [
          "aus:vic:vic-05-V25:"
        ]
      }
    },
    {
      "type": "Feature",
      "geometry": {
        "type": "Point",
        "coordinates": [
          145.8066989,
          -37.02255414
        ]
      },
      "properties": {
        "average_wait_time": 653.9000244140625,
        "color": "#e74c3c",
        "connectivity_score": 9.471428871154785,
        "coverage_score": 10.0,
        "frequency_score": 6.0,
        "id": "5-18679",
        "mode_id": 5,
        "mode_name": "Regional Coach",
        "name": "Woolshed Rd/Maroondah Hwy",
        "nearby_stops": [
          {
            "distance": 36.75241635423685,
            "id": "5-18678",
            "mode_name": "Regional Coach",
            "name": "Woolshed Rd/Maroondah Hwy"
          }
        ],
        "reliability_score": 14.285715103149414,
        "route_ids": [
          "aus:vic:vic-05-V28:"
        ]
      }
    },
    {
      "type": "Feature",
      "geometry": {
        "type": "Point",
        "coordinates": [
          142.77034202,
          -34.58479008
        ]
      },
      "properties": {
        "average_wait_time": 420.85003662109375,
        "color": "#e74c3c",
        "connectivity_score": 14.771429061889648,
        "coverage_score": 20.0,
        "frequency_score": 10.5,
        "id": "5-16969",
        "mode_id": 5,
        "mode_name": "Regional Coach",
        "name": "Robinvale Railway Station/Bromley Rd",
        "nearby_stops": [],
        "reliability_score": 14.285715103149414,
        "route_ids": [
          "aus:vic:vic-05-V35:",
          "aus:vic:vic-05-V31:"
        ]
      }
    },
    {
      "type": "Feature",
      "geometry": {
        "type": "Point",
        "coordinates": [
          145.10257982,
          -37.09238194
        ]
      },
      "properties": {
        "average_wait_time": 999.0000610351562,
        "color": "#e74c3c",
        "connectivity_score": 7.0714287757873535,
        "coverage_score": 10.0,
        "frequency_score": 0.0,
        "id": "5-22487",
        "mode_id": 5,
        "mode_name": "Regional Coach",
        "name": "Tallarook Station/Sanctuary Rd ",
        "nearby_stops": [],
        "reliability_score": 14.285715103149414,
        "route_ids": [
          "aus:vic:vic-05-SER:"
        ]
      }
    },
    {
      "type": "Feature",
      "geometry": {
        "type": "Point",
        "coordinates": [
          143.72711229,
          -36.11661086
        ]
      },
      "properties": {
        "average_wait_time": 999.0000610351562,
        "color": "#e74c3c",
        "connectivity_score": 7.0714287757873535,
        "coverage_score": 10.0,
        "frequency_score": 0.0,
        "id": "5-16936",
        "mode_id": 5,
        "mode_name": "Regional Coach",
        "name": "Boort/Godfrey St ",
        "nearby_stops": [
          {
            "distance": 8.076610569966128,
            "id": "5-16938",
            "mode_name": "Regional Coach",
            "name": "Boort/Godfrey St "
          }
        ],
        "reliability_score": 14.285715103149414,
        "route_ids": [
          "aus:vic:vic-05-SWL:"
        ]
      }
    },
    {
      "type": "Feature",
      "geometry": {
        "type": "Point",
        "coordinates": [
          142.17189722,
          -34.23628103
        ]
      },
      "properties": {
        "average_wait_time": 999.0000610351562,
        "color": "#e74c3c",
        "connectivity_score": 7.0714287757873535,
        "coverage_score": 10.0,
        "frequency_score": 0.0,
        "id": "5-17974",
        "mode_id": 5,
        "mode_name": "Regional Coach",
        "name": "Hassell St/Calder Hwy",
        "nearby_stops": [
          {
            "distance": 137.88801839756997,
            "id": "5-17975",
            "mode_name": "Regional Coach",
            "name": "Hassell St/Calder Hwy"
          }
        ],
        "reliability_score": 14.285715103149414,
        "route_ids": [
          "aus:vic:vic-05-V34:"
        ]
      }
    },
    {
      "type": "Feature",
      "geometry": {
        "type": "Point",
        "coordinates": [
          140.35516197,
          -36.09862314
        ]
      },
      "properties": {
        "average_wait_time": 666.4000244140625,
        "color": "#e74c3c",
        "connectivity_score": 9.471428871154785,
        "coverage_score": 10.0,
        "frequency_score": 6.0,
        "id": "5-20808",
        "mode_id": 5,
        "mode_name": "Regional Coach",
        "name": "Makin St/Heritage St",
        "nearby_stops": [],
        "reliability_score": 14.285715103149414,
        "route_ids": [
          "aus:vic:vic-05-V03:"
        ]
      }
    },
    {
      "type": "Feature",
      "geometry": {
        "type": "Point",
        "coordinates": [
          145.11770922,
          -37.51200047
        ]
      },
      "properties": {
        "average_wait_time": 713.4000244140625,
        "color": "#e74c3c",
        "connectivity_score": 9.471428871154785,
        "coverage_score": 10.0,
        "frequency_score": 6.0,
        "id": "5-7694",
        "mode_id": 5,
        "mode_name": "Regional Coach",
        "name": "Church St/Walnut St",
        "nearby_stops": [
          {
            "distance": 65.45560024122128,
            "id": "5-7739",
            "mode_name": "Regional Coach",
            "name": "Walnut St/Church St"
          }
        ],
        "reliability_score": 14.285715103149414,
        "route_ids": [
          "aus:vic:vic-05-V28:"
        ]
      }
    },
    {
      "type": "Feature",
      "geometry": {
        "type": "Point",
        "coordinates": [
          145.54670806,
          -38.56332282
        ]
      },
      "properties": {
        "average_wait_time": 410.86669921875,
        "color": "#e74c3c",
        "connectivity_score": 11.271429061889648,
        "coverage_score": 10.0,
        "frequency_score": 10.5,
        "id": "5-17387",
        "mode_id": 5,
        "mode_name": "Regional Coach",
        "name": "Ozone Hotel/Bass Hwy",
        "nearby_stops": [
          {
            "distance": 22.215164328759077,
            "id": "5-17386",
            "mode_name": "Regional Coach",
            "name": "Ozone Hotel/Bass Hwy"
          }
        ],
        "reliability_score": 14.285715103149414,
        "route_ids": [
          "aus:vic:vic-05-V15:"
        ]
      }
    },
    {
      "type": "Feature",
      "geometry": {
        "type": "Point",
        "coordinates": [
          144.30598663,
          -38.21547999
        ]
      },
      "properties": {
        "average_wait_time": 999.0000610351562,
        "color": "#e74c3c",
        "connectivity_score": 7.0714287757873535,
        "coverage_score": 10.0,
        "frequency_score": 0.0,
        "id": "5-52038",
        "mode_id": 5,
        "mode_name": "Regional Coach",
        "name": "Waurn Ponds Station/Sugargum Dr",
        "nearby_stops": [],
        "reliability_score": 14.285715103149414,
        "route_ids": [
          "aus:vic:vic-05-WBL:"
        ]
      }
    },
    {
      "type": "Feature",
      "geometry": {
        "type": "Point",
        "coordinates": [
          144.96955492,
          -37.54257526
        ]
      },
      "properties": {
        "average_wait_time": 999.0000610351562,
        "color": "#e74c3c",
        "connectivity_score": 7.0714287757873535,
        "coverage_score": 10.0,
        "frequency_score": 0.0,
        "id": "5-52540",
        "mode_id": 5,
        "mode_name": "Regional Coach",
        "name": "Donnybrook Station/Donnybrook Rd ",
        "nearby_stops": [],
        "reliability_score": 14.285715103149414,
        "route_ids": [
          "aus:vic:vic-05-SER:"
        ]
      }
    },
    {
      "type": "Feature",
      "geometry": {
        "type": "Point",
        "coordinates": [
          148.45530477,
          -37.70587852
        ]
      },
      "properties": {
        "average_wait_time": 622.800048828125,
        "color": "#e74c3c",
        "connectivity_score": 12.971427917480469,
        "coverage_score": 20.0,
        "frequency_score": 6.0,
        "id": "5-20857",
        "mode_id": 5,
        "mode_name": "Regional Coach",
        "name": "Nicholson St/Wolseley St",
        "nearby_stops": [],
        "reliability_score": 14.285715103149414,
        "route_ids": [
          "aus:vic:vic-05-V25:",
          "aus:vic:vic-05-V09:"
        ]
      }
    },
    {
      "type": "Feature",
      "geometry": {
        "type": "Point",
        "coordinates": [
          145.36756924,
          -36.2758593
        ]
      },
      "properties": {
        "average_wait_time": 648.0,
        "color": "#e74c3c",
        "connectivity_score": 9.471428871154785,
        "coverage_score": 10.0,
        "frequency_score": 6.0,
        "id": "5-22687",
        "mode_id": 5,
        "mode_name": "Regional Coach",
        "name": "Zeerust Rd/Barmah - Shepparton Rd",
        "nearby_stops": [
          {
            "distance": 75.4652058429952,
            "id": "5-22688",
            "mode_name": "Regional Coach",
            "name": "Zeerust Rd/Barmah - Shepparton Rd"
          }
        ],
        "reliability_score": 14.285715103149414,
        "route_ids": [
          "aus:vic:vic-05-V07:"
        ]
      }
    },
    {
      "type": "Feature",
      "geometry": {
        "type": "Point",
        "coordinates": [
          145.29475694,
          -37.77136388
        ]
      },
      "properties": {
        "average_wait_time": 667.4000244140625,
        "color": "#e74c3c",
        "connectivity_score": 9.471428871154785,
        "coverage_score": 10.0,
        "frequency_score": 6.0,
        "id": "5-10121",
        "mode_id": 5,
        "mode_name": "Regional Coach",
        "name": "Dorset Rd/Maroondah Hwy",
        "nearby_stops": [
          {
            "distance": 128.30489992211554,
            "id": "5-10187",
            "mode_name": "Regional Coach",
            "name": "Exeter Rd/Maroondah Hwy"
          }
        ],
        "reliability_score": 14.285715103149414,
        "route_ids": [
          "aus:vic:vic-05-V28:"
        ]
      }
    },
    {
      "type": "Feature",
      "geometry": {
        "type": "Point",
        "coordinates": [
          143.71012462,
          -38.72499803
        ]
      },
      "properties": {
        "average_wait_time": 337.8000183105469,
        "color": "#e74c3c",
        "connectivity_score": 14.871429443359375,
        "coverage_score": 10.0,
        "frequency_score": 19.5,
        "id": "5-17717",
        "mode_id": 5,
        "mode_name": "Regional Coach",
        "name": "Skenes Creek Valley Rd/Great Ocean Rd",
        "nearby_stops": [
          {
            "distance": 49.19636454718423,
            "id": "5-36580",
            "mode_name": "Regional Coach",
            "name": "Skenes Creek Valley Rd/Great Ocean Rd"
          }
        ],
        "reliability_score": 14.285715103149414,
        "route_ids": [
          "aus:vic:vic-05-V50:"
        ]
      }
    },
    {
      "type": "Feature",
      "geometry": {
        "type": "Point",
        "coordinates": [
          143.75079533,
          -36.29171349
        ]
      },
      "properties": {
        "average_wait_time": 999.0000610351562,
        "color": "#e74c3c",
        "connectivity_score": 7.0714287757873535,
        "coverage_score": 10.0,
        "frequency_score": 0.0,
        "id": "5-42318",
        "mode_id": 5,
        "mode_name": "Regional Coach",
        "name": "Borung/Boort-Wederburn Rd ",
        "nearby_stops": [
          {
            "distance": 13.839399029165936,
            "id": "5-42313",
            "mode_name": "Regional Coach",
            "name": "Borung/Boort-Wederburn Rd "
          }
        ],
        "reliability_score": 14.285715103149414,
        "route_ids": [
          "aus:vic:vic-05-SWL:"
        ]
      }
    },
    {
      "type": "Feature",
      "geometry": {
        "type": "Point",
        "coordinates": [
          138.85220481,
          -35.06027413
        ]
      },
      "properties": {
        "average_wait_time": 501.70001220703125,
        "color": "#e74c3c",
        "connectivity_score": 14.771429061889648,
        "coverage_score": 20.0,
        "frequency_score": 10.5,
        "id": "5-20813",
        "mode_id": 5,
        "mode_name": "Regional Coach",
        "name": "Opposite Cornerstone College/Adelaide Rd",
        "nearby_stops": [],
        "reliability_score": 14.285715103149414,
        "route_ids": [
          "aus:vic:vic-05-V47:",
          "aus:vic:vic-05-V03:"
        ]
      }
    },
    {
      "type": "Feature",
      "geometry": {
        "type": "Point",
        "coordinates": [
          145.28024995,
          -37.37398093
        ]
      },
      "properties": {
        "average_wait_time": 723.4000244140625,
        "color": "#e74c3c",
        "connectivity_score": 9.471428871154785,
        "coverage_score": 10.0,
        "frequency_score": 6.0,
        "id": "5-17585",
        "mode_id": 5,
        "mode_name": "Regional Coach",
        "name": "Silver Creek Rd/Whittlesea-Yea Rd",
        "nearby_stops": [
          {
            "distance": 54.516579201122205,
            "id": "5-17586",
            "mode_name": "Regional Coach",
            "name": "Silver Creek Rd/Whittlesea-Yea Rd"
          }
        ],
        "reliability_score": 14.285715103149414,
        "route_ids": [
          "aus:vic:vic-05-V28:"
        ]
      }
    },
    {
      "type": "Feature",
      "geometry": {
        "type": "Point",
        "coordinates": [
          146.69549109,
          -38.0140442
        ]
      },
      "properties": {
        "average_wait_time": 673.0,
        "color": "#e74c3c",
        "connectivity_score": 9.471428871154785,
        "coverage_score": 10.0,
        "frequency_score": 6.0,
        "id": "5-17790",
        "mode_id": 5,
        "mode_name": "Regional Coach",
        "name": "McEwan Rd/Traralgon - Maffra Rd",
        "nearby_stops": [
          {
            "distance": 51.85532839882569,
            "id": "5-48003",
            "mode_name": "Regional Coach",
            "name": "Railway St/Traralgon - Maffra Rd"
          }
        ],
        "reliability_score": 14.285715103149414,
        "route_ids": [
          "aus:vic:vic-05-V43:"
        ]
      }
    },
    {
      "type": "Feature",
      "geometry": {
        "type": "Point",
        "coordinates": [
          145.2096052,
          -37.98975881
        ]
      },
      "properties": {
        "average_wait_time": 341.9666748046875,
        "color": "#e74c3c",
        "connectivity_score": 14.771429061889648,
        "coverage_score": 20.0,
        "frequency_score": 10.5,
        "id": "5-20018",
        "mode_id": 5,
        "mode_name": "Regional Coach",
        "name": "Dandenong Station/Foster St",
        "nearby_stops": [],
        "reliability_score": 14.285715103149414,
        "route_ids": [
          "aus:vic:vic-05-V15:",
          "aus:vic:vic-05-TRN:"
        ]
      }
    },
    {
      "type": "Feature",
      "geometry": {
        "type": "Point",
        "coordinates": [
          147.42186116,
          -37.88127294
        ]
      },
      "properties": {
        "average_wait_time": 649.5,
        "color": "#e74c3c",
        "connectivity_score": 12.971427917480469,
        "coverage_score": 20.0,
        "frequency_score": 6.0,
        "id": "5-16308",
        "mode_id": 5,
        "mode_name": "Regional Coach",
        "name": "Lindenow Rd/Princes Hwy",
        "nearby_stops": [
          {
            "distance": 30.346591280330674,
            "id": "5-16307",
            "mode_name": "Regional Coach",
            "name": "Lindenow Rd/Princes Hwy"
          }
        ],
        "reliability_score": 14.285715103149414,
        "route_ids": [
          "aus:vic:vic-05-BDE:"
        ]
      }
    },
    {
      "type": "Feature",
      "geometry": {
        "type": "Point",
        "coordinates": [
          142.53894448,
          -37.12863303
        ]
      },
      "properties": {
        "average_wait_time": 638.2000122070312,
        "color": "#e74c3c",
        "connectivity_score": 9.471428871154785,
        "coverage_score": 10.0,
        "frequency_score": 6.0,
        "id": "5-51741",
        "mode_id": 5,
        "mode_name": "Regional Coach",
        "name": "Grampians Gardens Caravan Park/Grampians Rd",
        "nearby_stops": [
          {
            "distance": 39.23545752391181,
            "id": "5-51742",
            "mode_name": "Regional Coach",
            "name": "Grampians Gardens Caravan Park/Grampians Rd"
          }
        ],
        "reliability_score": 14.285715103149414,
        "route_ids": [
          "aus:vic:vic-05-V24:"
        ]
      }
    },
    {
      "type": "Feature",
      "geometry": {
        "type": "Point",
        "coordinates": [
          143.10498895,
          -38.66335324
        ]
      },
      "properties": {
        "average_wait_time": 652.4000244140625,
        "color": "#e74c3c",
        "connectivity_score": 9.471428871154785,
        "coverage_score": 10.0,
        "frequency_score": 6.0,
        "id": "5-20907",
        "mode_id": 5,
        "mode_name": "Regional Coach",
        "name": "Twelve Apostles/Great Ocean Rd",
        "nearby_stops": [],
        "reliability_score": 14.285715103149414,
        "route_ids": [
          "aus:vic:vic-05-V50:"
        ]
      }
    },
    {
      "type": "Feature",
      "geometry": {
        "type": "Point",
        "coordinates": [
          146.62415924,
          -38.05992929
        ]
      },
      "properties": {
        "average_wait_time": 452.20001220703125,
        "color": "#e74c3c",
        "connectivity_score": 11.271429061889648,
        "coverage_score": 10.0,
        "frequency_score": 10.5,
        "id": "5-17791",
        "mode_id": 5,
        "mode_name": "Regional Coach",
        "name": "Victoria St/Cowen St",
        "nearby_stops": [],
        "reliability_score": 14.285715103149414,
        "route_ids": [
          "aus:vic:vic-05-V43:"
        ]
      }
    },
    {
      "type": "Feature",
      "geometry": {
        "type": "Point",
        "coordinates": [
          142.42090759,
          -35.93939851
        ]
      },
      "properties": {
        "average_wait_time": 999.0000610351562,
        "color": "#e74c3c",
        "connectivity_score": 7.0714287757873535,
        "coverage_score": 10.0,
        "frequency_score": 0.0,
        "id": "5-17821",
        "mode_id": 5,
        "mode_name": "Regional Coach",
        "name": "Hogans Newsagent/Phillips St",
        "nearby_stops": [],
        "reliability_score": 14.285715103149414,
        "route_ids": [
          "aus:vic:vic-05-V38:"
        ]
      }
    },
    {
      "type": "Feature",
      "geometry": {
        "type": "Point",
        "coordinates": [
          142.84062022,
          -37.71213284
        ]
      },
      "properties": {
        "average_wait_time": 514.9000244140625,
        "color": "#e74c3c",
        "connectivity_score": 11.271429061889648,
        "coverage_score": 10.0,
        "frequency_score": 10.5,
        "id": "5-17762",
        "mode_id": 5,
        "mode_name": "Regional Coach",
        "name": "Information Centre/Glenelg Hwy",
        "nearby_stops": [
          {
            "distance": 33.27284263748422,
            "id": "5-17763",
            "mode_name": "Regional Coach",
            "name": "Information Centre/Glenelg Hwy"
          }
        ],
        "reliability_score": 14.285715103149414,
        "route_ids": [
          "aus:vic:vic-05-V29:"
        ]
      }
    },
    {
      "type": "Feature",
      "geometry": {
        "type": "Point",
        "coordinates": [
          144.10684963,
          -38.45843251
        ]
      },
      "properties": {
        "average_wait_time": 351.780029296875,
        "color": "#e74c3c",
        "connectivity_score": 31.457143783569336,
        "coverage_score": 20.0,
        "frequency_score": 16.5,
        "id": "5-17702",
        "mode_id": 5,
        "mode_name": "Regional Coach",
        "name": "Post Office/Great Ocean Rd",
        "nearby_stops": [
          {
            "distance": 37.047778326916934,
            "id": "5-17701",
            "mode_name": "Regional Coach",
            "name": "Post Office/Great Ocean Rd"
          }
        ],
        "reliability_score": 71.42857360839844,
        "route_ids": [
          "aus:vic:vic-05-GVL:",
          "aus:vic:vic-05-V50:"
        ]
      }
    },
    {
      "type": "Feature",
      "geometry": {
        "type": "Point",
        "coordinates": [
          149.90945292,
          -36.88896916
        ]
      },
      "properties": {
        "average_wait_time": 777.300048828125,
        "color": "#e74c3c",
        "connectivity_score": 8.871429443359375,
        "coverage_score": 10.0,
        "frequency_score": 4.5,
        "id": "5-20867",
        "mode_id": 5,
        "mode_name": "Regional Coach",
        "name": "Park St",
        "nearby_stops": [],
        "reliability_score": 14.285715103149414,
        "route_ids": [
          "aus:vic:vic-05-V09:"
        ]
      }
    },
    {
      "type": "Feature",
      "geometry": {
        "type": "Point",
        "coordinates": [
          143.99450278,
          -37.40177061
        ]
      },
      "properties": {
        "average_wait_time": 999.0000610351562,
        "color": "#e74c3c",
        "connectivity_score": 7.0714287757873535,
        "coverage_score": 10.0,
        "frequency_score": 0.0,
        "id": "5-17151",
        "mode_id": 5,
        "mode_name": "Regional Coach",
        "name": "Antique Shop/Midland Hwy",
        "nearby_stops": [
          {
            "distance": 15.9159234139764,
            "id": "5-17152",
            "mode_name": "Regional Coach",
            "name": "Antique Shop/Midland Hwy"
          }
        ],
        "reliability_score": 14.285715103149414,
        "route_ids": [
          "aus:vic:vic-05-V22:"
        ]
      }
    },
    {
      "type": "Feature",
      "geometry": {
        "type": "Point",
        "coordinates": [
          145.71083042,
          -36.97732057
        ]
      },
      "properties": {
        "average_wait_time": 653.9000244140625,
        "color": "#e74c3c",
        "connectivity_score": 9.471428871154785,
        "coverage_score": 10.0,
        "frequency_score": 6.0,
        "id": "5-18676",
        "mode_id": 5,
        "mode_name": "Regional Coach",
        "name": "Euroa - Mansfield Rd/Maroondah Hwy",
        "nearby_stops": [
          {
            "distance": 35.682339294120716,
            "id": "5-18677",
            "mode_name": "Regional Coach",
            "name": "Euroa-Mansfield Rd/Maroondah Hwy"
          }
        ],
        "reliability_score": 14.285715103149414,
        "route_ids": [
          "aus:vic:vic-05-V28:"
        ]
      }
    },
    {
      "type": "Feature",
      "geometry": {
        "type": "Point",
        "coordinates": [
          145.26895557,
          -38.4978989
        ]
      },
      "properties": {
        "average_wait_time": 409.4000244140625,
        "color": "#e74c3c",
        "connectivity_score": 11.271429061889648,
        "coverage_score": 10.0,
        "frequency_score": 10.5,
        "id": "5-37989",
        "mode_id": 5,
        "mode_name": "Regional Coach",
        "name": "Panorama Ave/Back Beach Rd",
        "nearby_stops": [
          {
            "distance": 16.24222678315699,
            "id": "5-37994",
            "mode_name": "Regional Coach",
            "name": "Sunset Strip/Back Beach Rd"
          }
        ],
        "reliability_score": 14.285715103149414,
        "route_ids": [
          "aus:vic:vic-05-V15:"
        ]
      }
    },
    {
      "type": "Feature",
      "geometry": {
        "type": "Point",
        "coordinates": [
          145.48597691,
          -38.08021226
        ]
      },
      "properties": {
        "average_wait_time": 607.800048828125,
        "color": "#e74c3c",
        "connectivity_score": 11.871429443359375,
        "coverage_score": 10.0,
        "frequency_score": 12.0,
        "id": "5-3427",
        "mode_id": 5,
        "mode_name": "Regional Coach",
        "name": "Pakenham Station/Railway Ave ",
        "nearby_stops": [],
        "reliability_score": 14.285715103149414,
        "route_ids": [
          "aus:vic:vic-05-TRN:"
        ]
      }
    },
    {
      "type": "Feature",
      "geometry": {
        "type": "Point",
        "coordinates": [
          145.4902601,
          -38.19998192
        ]
      },
      "properties": {
        "average_wait_time": 324.923828125,
        "color": "#e74c3c",
        "connectivity_score": 19.571428298950195,
        "coverage_score": 20.0,
        "frequency_score": 22.5,
        "id": "5-17341",
        "mode_id": 5,
        "mode_name": "Regional Coach",
        "name": "Koo Wee Rup Bus Interchange/Rossiter Rd",
        "nearby_stops": [],
        "reliability_score": 14.285715103149414,
        "route_ids": [
          "aus:vic:vic-05-V52:",
          "aus:vic:vic-05-V15:"
        ]
      }
    },
    {
      "type": "Feature",
      "geometry": {
        "type": "Point",
        "coordinates": [
          145.59214542,
          -38.59575151
        ]
      },
      "properties": {
        "average_wait_time": 410.86669921875,
        "color": "#e74c3c",
        "connectivity_score": 11.271429061889648,
        "coverage_score": 10.0,
        "frequency_score": 10.5,
        "id": "5-17963",
        "mode_id": 5,
        "mode_name": "Regional Coach",
        "name": "Miners Rest Hotel/138 McKenzie St",
        "nearby_stops": [
          {
            "distance": 21.03158114209934,
            "id": "5-44157",
            "mode_name": "Regional Coach",
            "name": "Miners Rest Hotel/137 McKenzie St"
          }
        ],
        "reliability_score": 14.285715103149414,
        "route_ids": [
          "aus:vic:vic-05-V15:"
        ]
      }
    },
    {
      "type": "Feature",
      "geometry": {
        "type": "Point",
        "coordinates": [
          148.00773284,
          -37.87446202
        ]
      },
      "properties": {
        "average_wait_time": 344.3600158691406,
        "color": "#e74c3c",
        "connectivity_score": 11.271429061889648,
        "coverage_score": 10.0,
        "frequency_score": 10.5,
        "id": "5-17776",
        "mode_id": 5,
        "mode_name": "Regional Coach",
        "name": "Jetty Rd/Princes Hwy",
        "nearby_stops": [
          {
            "distance": 35.09134583547237,
            "id": "5-37910",
            "mode_name": "Regional Coach",
            "name": "Middle St/Princes Hwy"
          }
        ],
        "reliability_score": 14.285715103149414,
        "route_ids": [
          "aus:vic:vic-05-V25:"
        ]
      }
    },
    {
      "type": "Feature",
      "geometry": {
        "type": "Point",
        "coordinates": [
          145.92289787,
          -36.41111026
        ]
      },
      "properties": {
        "average_wait_time": 632.4000244140625,
        "color": "#e74c3c",
        "connectivity_score": 9.471428871154785,
        "coverage_score": 10.0,
        "frequency_score": 6.0,
        "id": "5-17237",
        "mode_id": 5,
        "mode_name": "Regional Coach",
        "name": "Victory Park/Hall Rd",
        "nearby_stops": [
          {
            "distance": 19.791967514382048,
            "id": "5-17236",
            "mode_name": "Regional Coach",
            "name": "Victory Park/Hall Rd"
          }
        ],
        "reliability_score": 14.285715103149414,
        "route_ids": [
          "aus:vic:vic-05-V36:"
        ]
      }
    },
    {
      "type": "Feature",
      "geometry": {
        "type": "Point",
        "coordinates": [
          145.11096666,
          -35.998931
        ]
      },
      "properties": {
        "average_wait_time": 711.2000122070312,
        "color": "#e74c3c",
        "connectivity_score": 9.471428871154785,
        "coverage_score": 10.0,
        "frequency_score": 6.0,
        "id": "5-15131",
        "mode_id": 5,
        "mode_name": "Regional Coach",
        "name": "Milk Bar/Echuca - Nathalia Rd",
        "nearby_stops": [],
        "reliability_score": 14.285715103149414,
        "route_ids": [
          "aus:vic:vic-05-V07:"
        ]
      }
    },
    {
      "type": "Feature",
      "geometry": {
        "type": "Point",
        "coordinates": [
          140.05577937,
          -35.88398262
        ]
      },
      "properties": {
        "average_wait_time": 999.0000610351562,
        "color": "#e74c3c",
        "connectivity_score": 7.0714287757873535,
        "coverage_score": 10.0,
        "frequency_score": 0.0,
        "id": "5-20809",
        "mode_id": 5,
        "mode_name": "Regional Coach",
        "name": "Tintinara Travel Stop",
        "nearby_stops": [],
        "reliability_score": 14.285715103149414,
        "route_ids": [
          "aus:vic:vic-05-V03:"
        ]
      }
    },
    {
      "type": "Feature",
      "geometry": {
        "type": "Point",
        "coordinates": [
          145.28318518,
          -38.10890231
        ]
      },
      "properties": {
        "average_wait_time": 347.07000732421875,
        "color": "#e74c3c",
        "connectivity_score": 11.271429061889648,
        "coverage_score": 10.0,
        "frequency_score": 10.5,
        "id": "5-17326",
        "mode_id": 5,
        "mode_name": "Regional Coach",
        "name": "Cranbourne Park SC/High St",
        "nearby_stops": [
          {
            "distance": 135.55030957987861,
            "id": "5-16342",
            "mode_name": "Regional Coach",
            "name": "Cranbourne Park SC/Lyall St"
          }
        ],
        "reliability_score": 14.285715103149414,
        "route_ids": [
          "aus:vic:vic-05-V15:"
        ]
      }
    },
    {
      "type": "Feature",
      "geometry": {
        "type": "Point",
        "coordinates": [
          144.36879592,
          -35.95598292
        ]
      },
      "properties": {
        "average_wait_time": 332.7833557128906,
        "color": "#e74c3c",
        "connectivity_score": 20.071428298950195,
        "coverage_score": 30.0,
        "frequency_score": 15.0,
        "id": "5-15116",
        "mode_id": 5,
        "mode_name": "Regional Coach",
        "name": "Newsagent/Murray Valley Hwy",
        "nearby_stops": [
          {
            "distance": 34.01831996452947,
            "id": "5-15115",
            "mode_name": "Regional Coach",
            "name": "Newsagent/Murray Valley Hwy"
          }
        ],
        "reliability_score": 14.285715103149414,
        "route_ids": [
          "aus:vic:vic-05-V31:",
          "aus:vic:vic-05-V47:",
          "aus:vic:vic-05-V10:"
        ]
      }
    },
    {
      "type": "Feature",
      "geometry": {
        "type": "Point",
        "coordinates": [
          143.07137381,
          -38.64320409
        ]
      },
      "properties": {
        "average_wait_time": 663.4000244140625,
        "color": "#e74c3c",
        "connectivity_score": 9.471428871154785,
        "coverage_score": 10.0,
        "frequency_score": 6.0,
        "id": "5-20908",
        "mode_id": 5,
        "mode_name": "Regional Coach",
        "name": "Loch Ard Gorge/Great Ocean Rd",
        "nearby_stops": [],
        "reliability_score": 14.285715103149414,
        "route_ids": [
          "aus:vic:vic-05-V50:"
        ]
      }
    },
    {
      "type": "Feature",
      "geometry": {
        "type": "Point",
        "coordinates": [
          147.03141259,
          -38.10513016
        ]
      },
      "properties": {
        "average_wait_time": 366.9666748046875,
        "color": "#e74c3c",
        "connectivity_score": 18.27142906188965,
        "coverage_score": 30.0,
        "frequency_score": 10.5,
        "id": "5-50647",
        "mode_id": 5,
        "mode_name": "Regional Coach",
        "name": "Hunt Pl/Princes Hwy",
        "nearby_stops": [
          {
            "distance": 43.742370964921356,
            "id": "5-50648",
            "mode_name": "Regional Coach",
            "name": "Hunt Pl/Princes Hwy"
          }
        ],
        "reliability_score": 14.285715103149414,
        "route_ids": [
          "aus:vic:vic-05-BDE:",
          "aus:vic:vic-05-V43:"
        ]
      }
    },
    {
      "type": "Feature",
      "geometry": {
        "type": "Point",
        "coordinates": [
          145.47592172,
          -38.54945514
        ]
      },
      "properties": {
        "average_wait_time": 410.86669921875,
        "color": "#e74c3c",
        "connectivity_score": 11.271429061889648,
        "coverage_score": 10.0,
        "frequency_score": 10.5,
        "id": "5-17384",
        "mode_id": 5,
        "mode_name": "Regional Coach",
        "name": "Peppermint Rd/Bass Hwy",
        "nearby_stops": [
          {
            "distance": 21.133689039118963,
            "id": "5-17385",
            "mode_name": "Regional Coach",
            "name": "Peppermint Rd/Bass Hwy"
          }
        ],
        "reliability_score": 14.285715103149414,
        "route_ids": [
          "aus:vic:vic-05-V15:"
        ]
      }
    },
    {
      "type": "Feature",
      "geometry": {
        "type": "Point",
        "coordinates": [
          145.89458919,
          -36.3309256
        ]
      },
      "properties": {
        "average_wait_time": 632.4000244140625,
        "color": "#e74c3c",
        "connectivity_score": 9.471428871154785,
        "coverage_score": 10.0,
        "frequency_score": 6.0,
        "id": "5-17239",
        "mode_id": 5,
        "mode_name": "Regional Coach",
        "name": "Town Hall/Devenish Rd",
        "nearby_stops": [
          {
            "distance": 20.276799029140825,
            "id": "5-17238",
            "mode_name": "Regional Coach",
            "name": "Town Hall/Devenish Rd"
          }
        ],
        "reliability_score": 14.285715103149414,
        "route_ids": [
          "aus:vic:vic-05-V36:"
        ]
      }
    },
    {
      "type": "Feature",
      "geometry": {
        "type": "Point",
        "coordinates": [
          144.01250963,
          -37.67541448
        ]
      },
      "properties": {
        "average_wait_time": 999.0000610351562,
        "color": "#e74c3c",
        "connectivity_score": 7.0714287757873535,
        "coverage_score": 10.0,
        "frequency_score": 0.0,
        "id": "5-8312",
        "mode_id": 5,
        "mode_name": "Regional Coach",
        "name": "Eaglesons Rd/Clarendon-Lal Lal Rd",
        "nearby_stops": [
          {
            "distance": 32.68168165031535,
            "id": "5-8441",
            "mode_name": "Regional Coach",
            "name": "Eaglesons Rd/Clarendon-Lal Lal Rd"
          }
        ],
        "reliability_score": 14.285715103149414,
        "route_ids": [
          "aus:vic:vic-05-V02:"
        ]
      }
    },
    {
      "type": "Feature",
      "geometry": {
        "type": "Point",
        "coordinates": [
          144.70103877,
          -36.91516538
        ]
      },
      "properties": {
        "average_wait_time": 340.7166748046875,
        "color": "#e74c3c",
        "connectivity_score": 28.4714298248291,
        "coverage_score": 30.0,
        "frequency_score": 36.0,
        "id": "5-35872",
        "mode_id": 5,
        "mode_name": "Regional Coach",
        "name": "Mitchell St/High St",
        "nearby_stops": [
          {
            "distance": 66.16462289132073,
            "id": "5-41216",
            "mode_name": "Regional Coach",
            "name": "Mitchell St/High St"
          }
        ],
        "reliability_score": 14.285715103149414,
        "route_ids": [
          "aus:vic:vic-05-V07:",
          "aus:vic:vic-05-V10:",
          "aus:vic:vic-05-V20:"
        ]
      }
    },
    {
      "type": "Feature",
      "geometry": {
        "type": "Point",
        "coordinates": [
          143.93113076,
          -37.07958099
        ]
      },
      "properties": {
        "average_wait_time": 341.75,
        "color": "#e74c3c",
        "connectivity_score": 11.271429061889648,
        "coverage_score": 10.0,
        "frequency_score": 10.5,
        "id": "5-17140",
        "mode_id": 5,
        "mode_name": "Regional Coach",
        "name": "Locks Lane/Pyrenees Hwy",
        "nearby_stops": [
          {
            "distance": 16.665658141464114,
            "id": "5-17141",
            "mode_name": "Regional Coach",
            "name": "Locks Lane/Pyrenees Hwy"
          }
        ],
        "reliability_score": 14.285715103149414,
        "route_ids": [
          "aus:vic:vic-05-V27:"
        ]
      }
    },
    {
      "type": "Feature",
      "geometry": {
        "type": "Point",
        "coordinates": [
          142.2906242,
          -37.87484287
        ]
      },
      "properties": {
        "average_wait_time": 999.0000610351562,
        "color": "#e74c3c",
        "connectivity_score": 7.0714287757873535,
        "coverage_score": 10.0,
        "frequency_score": 0.0,
        "id": "5-2604",
        "mode_id": 5,
        "mode_name": "Regional Coach",
        "name": "Post Office/Hamilton Hwy",
        "nearby_stops": [
          {
            "distance": 76.82126776377211,
            "id": "5-2609",
            "mode_name": "Regional Coach",
            "name": "Post Office/Hamilton Hwy"
          }
        ],
        "reliability_score": 14.285715103149414,
        "route_ids": [
          "aus:vic:vic-05-V16:"
        ]
      }
    },
    {
      "type": "Feature",
      "geometry": {
        "type": "Point",
        "coordinates": [
          150.07678779,
          -36.42710817
        ]
      },
      "properties": {
        "average_wait_time": 999.0000610351562,
        "color": "#e74c3c",
        "connectivity_score": 7.0714287757873535,
        "coverage_score": 10.0,
        "frequency_score": 0.0,
        "id": "5-46542",
        "mode_id": 5,
        "mode_name": "Regional Coach",
        "name": "Bermagui Motor Inn/Lamont St",
        "nearby_stops": [],
        "reliability_score": 14.285715103149414,
        "route_ids": [
          "aus:vic:vic-05-V09:"
        ]
      }
    },
    {
      "type": "Feature",
      "geometry": {
        "type": "Point",
        "coordinates": [
          143.89097684,
          -38.63499833
        ]
      },
      "properties": {
        "average_wait_time": 331.2500305175781,
        "color": "#e74c3c",
        "connectivity_score": 19.671430587768555,
        "coverage_score": 10.0,
        "frequency_score": 31.500001907348633,
        "id": "5-17713",
        "mode_id": 5,
        "mode_name": "Regional Coach",
        "name": "McRae Rd/Great Ocean Rd",
        "nearby_stops": [
          {
            "distance": 24.579681122858194,
            "id": "5-17714",
            "mode_name": "Regional Coach",
            "name": "McRae Rd/Great Ocean Rd"
          }
        ],
        "reliability_score": 14.285715103149414,
        "route_ids": [
          "aus:vic:vic-05-V50:"
        ]
      }
    },
    {
      "type": "Feature",
      "geometry": {
        "type": "Point",
        "coordinates": [
          144.858128,
          -37.12183397
        ]
      },
      "properties": {
        "average_wait_time": 599.4000244140625,
        "color": "#e74c3c",
        "connectivity_score": 26.571428298950195,
        "coverage_score": 20.0,
        "frequency_score": 40.0,
        "id": "5-13767",
        "mode_id": 5,
        "mode_name": "Regional Coach",
        "name": "Power St/High St",
        "nearby_stops": [
          {
            "distance": 19.703864628987727,
            "id": "5-13768",
            "mode_name": "Regional Coach",
            "name": "Power St/High St"
          }
        ],
        "reliability_score": 14.285715103149414,
        "route_ids": [
          "aus:vic:vic-05-V07:"
        ]
      }
    },
    {
      "type": "Feature",
      "geometry": {
        "type": "Point",
        "coordinates": [
          145.37443735,
          -37.6576
        ]
      },
      "properties": {
        "average_wait_time": 656.4000244140625,
        "color": "#e74c3c",
        "connectivity_score": 9.471428871154785,
        "coverage_score": 10.0,
        "frequency_score": 6.0,
        "id": "5-22098",
        "mode_id": 5,
        "mode_name": "Regional Coach",
        "name": "Herbert St/Melba Hwy",
        "nearby_stops": [
          {
            "distance": 72.3779515692887,
            "id": "5-22099",
            "mode_name": "Regional Coach",
            "name": "Herbert St/Melba Hwy"
          }
        ],
        "reliability_score": 14.285715103149414,
        "route_ids": [
          "aus:vic:vic-05-V28:"
        ]
      }
    },
    {
      "type": "Feature",
      "geometry": {
        "type": "Point",
        "coordinates": [
          143.97235249,
          -37.63649258
        ]
      },
      "properties": {
        "average_wait_time": 999.0000610351562,
        "color": "#e74c3c",
        "connectivity_score": 7.0714287757873535,
        "coverage_score": 10.0,
        "frequency_score": 0.0,
        "id": "5-12451",
        "mode_id": 5,
        "mode_name": "Regional Coach",
        "name": "Yendon Rd/Harbours Rd",
        "nearby_stops": [
          {
            "distance": 12.631066090989819,
            "id": "5-10545",
            "mode_name": "Regional Coach",
            "name": "Yendon Rd/Harbours Rd"
          }
        ],
        "reliability_score": 14.285715103149414,
        "route_ids": [
          "aus:vic:vic-05-V02:"
        ]
      }
    },
    {
      "type": "Feature",
      "geometry": {
        "type": "Point",
        "coordinates": [
          144.79893942,
          -37.04444076
        ]
      },
      "properties": {
        "average_wait_time": 339.20001220703125,
        "color": "#e74c3c",
        "connectivity_score": 27.871427536010742,
        "coverage_score": 30.0,
        "frequency_score": 34.5,
        "id": "5-13770",
        "mode_id": 5,
        "mode_name": "Regional Coach",
        "name": "General Store/Northern Hwy",
        "nearby_stops": [
          {
            "distance": 65.29787354243784,
            "id": "5-13769",
            "mode_name": "Regional Coach",
            "name": "General Store/Northern Hwy"
          }
        ],
        "reliability_score": 14.285715103149414,
        "route_ids": [
          "aus:vic:vic-05-V10:",
          "aus:vic:vic-05-V20:",
          "aus:vic:vic-05-V07:"
        ]
      }
    },
    {
      "type": "Feature",
      "geometry": {
        "type": "Point",
        "coordinates": [
          144.53578566,
          -36.27173852
        ]
      },
      "properties": {
        "average_wait_time": 999.0000610351562,
        "color": "#e74c3c",
        "connectivity_score": 7.0714287757873535,
        "coverage_score": 10.0,
        "frequency_score": 0.0,
        "id": "5-15118",
        "mode_id": 5,
        "mode_name": "Regional Coach",
        "name": "Singer Rd/Lockington Rd",
        "nearby_stops": [
          {
            "distance": 7.95676624529093,
            "id": "5-15119",
            "mode_name": "Regional Coach",
            "name": "Singer Rd/Lockington Rd"
          }
        ],
        "reliability_score": 14.285715103149414,
        "route_ids": [
          "aus:vic:vic-05-V10:"
        ]
      }
    },
    {
      "type": "Feature",
      "geometry": {
        "type": "Point",
        "coordinates": [
          142.98266729,
          -36.3706669
        ]
      },
      "properties": {
        "average_wait_time": 782.8500366210938,
        "color": "#e74c3c",
        "connectivity_score": 12.371429443359375,
        "coverage_score": 20.0,
        "frequency_score": 4.5,
        "id": "5-17989",
        "mode_id": 5,
        "mode_name": "Regional Coach",
        "name": "Post Office/Sunraysia Hwy",
        "nearby_stops": [
          {
            "distance": 29.675850000160153,
            "id": "5-17990",
            "mode_name": "Regional Coach",
            "name": "Post Office/Sunraysia Hwy"
          }
        ],
        "reliability_score": 14.285715103149414,
        "route_ids": [
          "aus:vic:vic-05-V34:",
          "aus:vic:vic-05-V19:"
        ]
      }
    },
    {
      "type": "Feature",
      "geometry": {
        "type": "Point",
        "coordinates": [
          146.92432663,
          -36.08424346
        ]
      },
      "properties": {
        "average_wait_time": 337.5833435058594,
        "color": "#e74c3c",
        "connectivity_score": 21.77142906188965,
        "coverage_score": 40.0,
        "frequency_score": 10.5,
        "id": "5-17419",
        "mode_id": 5,
        "mode_name": "Regional Coach",
        "name": "Albury Station/Hume Hwy ",
        "nearby_stops": [],
        "reliability_score": 14.285715103149414,
        "route_ids": [
          "aus:vic:vic-05-ABY:",
          "aus:vic:vic-05-V47:",
          "aus:vic:vic-05-V14:",
          "aus:vic:vic-05-V31:"
        ]
      }
    },
    {
      "type": "Feature",
      "geometry": {
        "type": "Point",
        "coordinates": [
          145.35912367,
          -38.51534543
        ]
      },
      "properties": {
        "average_wait_time": 347.1675109863281,
        "color": "#e74c3c",
        "connectivity_score": 11.271429061889648,
        "coverage_score": 10.0,
        "frequency_score": 10.5,
        "id": "5-17380",
        "mode_id": 5,
        "mode_name": "Regional Coach",
        "name": "Forrest Ave/Phillip Island Rd",
        "nearby_stops": [
          {
            "distance": 155.77398368825303,
            "id": "5-17379",
            "mode_name": "Regional Coach",
            "name": "Forrest Ave/Phillip Island Rd"
          }
        ],
        "reliability_score": 14.285715103149414,
        "route_ids": [
          "aus:vic:vic-05-V15:"
        ]
      }
    },
    {
      "type": "Feature",
      "geometry": {
        "type": "Point",
        "coordinates": [
          147.16098706,
          -36.73798576
        ]
      },
      "properties": {
        "average_wait_time": 999.0000610351562,
        "color": "#e74c3c",
        "connectivity_score": 7.0714287757873535,
        "coverage_score": 10.0,
        "frequency_score": 0.0,
        "id": "5-18690",
        "mode_id": 5,
        "mode_name": "Regional Coach",
        "name": "Falls Creek Coaches/233 Kiewa Valley Hwy",
        "nearby_stops": [],
        "reliability_score": 14.285715103149414,
        "route_ids": [
          "aus:vic:vic-05-mtb:"
        ]
      }
    },
    {
      "type": "Feature",
      "geometry": {
        "type": "Point",
        "coordinates": [
          145.28832657,
          -37.32069712
        ]
      },
      "properties": {
        "average_wait_time": 999.0000610351562,
        "color": "#e74c3c",
        "connectivity_score": 7.0714287757873535,
        "coverage_score": 10.0,
        "frequency_score": 0.0,
        "id": "5-17589",
        "mode_id": 5,
        "mode_name": "Regional Coach",
        "name": "Flowerdale Hotel/Whittlesea-Yea Rd",
        "nearby_stops": [
          {
            "distance": 61.290129429472636,
            "id": "5-17590",
            "mode_name": "Regional Coach",
            "name": "Flowerdale Hotel/Whittlesea-Yea Rd"
          }
        ],
        "reliability_score": 14.285715103149414,
        "route_ids": [
          "aus:vic:vic-05-V28:"
        ]
      }
    },
    {
      "type": "Feature",
      "geometry": {
        "type": "Point",
        "coordinates": [
          142.93459916,
          -38.62173473
        ]
      },
      "properties": {
        "average_wait_time": 672.4000244140625,
        "color": "#e74c3c",
        "connectivity_score": 9.471428871154785,
        "coverage_score": 10.0,
        "frequency_score": 6.0,
        "id": "5-17727",
        "mode_id": 5,
        "mode_name": "Regional Coach",
        "name": "London Bridge/Great Ocean Rd",
        "nearby_stops": [],
        "reliability_score": 14.285715103149414,
        "route_ids": [
          "aus:vic:vic-05-V50:"
        ]
      }
    },
    {
      "type": "Feature",
      "geometry": {
        "type": "Point",
        "coordinates": [
          144.14103784,
          -37.34271004
        ]
      },
      "properties": {
        "average_wait_time": 356.8500061035156,
        "color": "#e74c3c",
        "connectivity_score": 14.771429061889648,
        "coverage_score": 20.0,
        "frequency_score": 10.5,
        "id": "5-17148",
        "mode_id": 5,
        "mode_name": "Regional Coach",
        "name": "CFA/Bridport St",
        "nearby_stops": [],
        "reliability_score": 14.285715103149414,
        "route_ids": [
          "aus:vic:vic-05-V22:",
          "aus:vic:vic-05-V18:"
        ]
      }
    },
    {
      "type": "Feature",
      "geometry": {
        "type": "Point",
        "coordinates": [
          145.23690373,
          -37.47577134
        ]
      },
      "properties": {
        "average_wait_time": 719.4000244140625,
        "color": "#e74c3c",
        "connectivity_score": 9.471428871154785,
        "coverage_score": 10.0,
        "frequency_score": 6.0,
        "id": "5-46509",
        "mode_id": 5,
        "mode_name": "Regional Coach",
        "name": "General Store/Whittlesea-Yea Rd",
        "nearby_stops": [
          {
            "distance": 20.2539632613408,
            "id": "5-17584",
            "mode_name": "Regional Coach",
            "name": "General Store/Whittlesea-Yea Rd"
          }
        ],
        "reliability_score": 14.285715103149414,
        "route_ids": [
          "aus:vic:vic-05-V28:"
        ]
      }
    },
    {
      "type": "Feature",
      "geometry": {
        "type": "Point",
        "coordinates": [
          139.45259128,
          -35.25353901
        ]
      },
      "properties": {
        "average_wait_time": 740.175048828125,
        "color": "#e74c3c",
        "connectivity_score": 12.371429443359375,
        "coverage_score": 20.0,
        "frequency_score": 4.5,
        "id": "5-20811",
        "mode_id": 5,
        "mode_name": "Regional Coach",
        "name": "Shell Roadhouse/North Tce",
        "nearby_stops": [],
        "reliability_score": 14.285715103149414,
        "route_ids": [
          "aus:vic:vic-05-V03:",
          "aus:vic:vic-05-V47:"
        ]
      }
    },
    {
      "type": "Feature",
      "geometry": {
        "type": "Point",
        "coordinates": [
          145.20462519,
          -37.09338544
        ]
      },
      "properties": {
        "average_wait_time": 999.0000610351562,
        "color": "#e74c3c",
        "connectivity_score": 7.0714287757873535,
        "coverage_score": 10.0,
        "frequency_score": 0.0,
        "id": "5-41625",
        "mode_id": 5,
        "mode_name": "Regional Coach",
        "name": "Upper Goulburn Rd/Goulburn Valley Hwy",
        "nearby_stops": [
          {
            "distance": 246.8341120793195,
            "id": "5-49022",
            "mode_name": "Regional Coach",
            "name": "Upper Goulburn Rd/Goulburn Valley Hwy"
          }
        ],
        "reliability_score": 14.285715103149414,
        "route_ids": [
          "aus:vic:vic-05-als:"
        ]
      }
    },
    {
      "type": "Feature",
      "geometry": {
        "type": "Point",
        "coordinates": [
          144.51656586,
          -36.02893281
        ]
      },
      "properties": {
        "average_wait_time": 999.0000610351562,
        "color": "#e74c3c",
        "connectivity_score": 7.0714287757873535,
        "coverage_score": 10.0,
        "frequency_score": 0.0,
        "id": "5-15117",
        "mode_id": 5,
        "mode_name": "Regional Coach",
        "name": "General Store/Murray Valley Hwy",
        "nearby_stops": [],
        "reliability_score": 14.285715103149414,
        "route_ids": [
          "aus:vic:vic-05-V10:"
        ]
      }
    },
    {
      "type": "Feature",
      "geometry": {
        "type": "Point",
        "coordinates": [
          146.01414418,
          -38.57774587
        ]
      },
      "properties": {
        "average_wait_time": 407.9000244140625,
        "color": "#e74c3c",
        "connectivity_score": 11.271429061889648,
        "coverage_score": 10.0,
        "frequency_score": 10.5,
        "id": "5-17352",
        "mode_id": 5,
        "mode_name": "Regional Coach",
        "name": "Welsford St/South Gippsland Hwy",
        "nearby_stops": [
          {
            "distance": 274.49680573368255,
            "id": "5-17353",
            "mode_name": "Regional Coach",
            "name": "Welsford St/South Gippsland Hwy"
          }
        ],
        "reliability_score": 14.285715103149414,
        "route_ids": [
          "aus:vic:vic-05-V52:"
        ]
      }
    },
    {
      "type": "Feature",
      "geometry": {
        "type": "Point",
        "coordinates": [
          146.38371636,
          -36.4432623
        ]
      },
      "properties": {
        "average_wait_time": 999.0000610351562,
        "color": "#e74c3c",
        "connectivity_score": 7.0714287757873535,
        "coverage_score": 10.0,
        "frequency_score": 0.0,
        "id": "5-39129",
        "mode_id": 5,
        "mode_name": "Regional Coach",
        "name": "Ely St/Snow Rd",
        "nearby_stops": [
          {
            "distance": 73.40907484927322,
            "id": "5-39130",
            "mode_name": "Regional Coach",
            "name": "Ely St/Snow Rd"
          }
        ],
        "reliability_score": 14.285715103149414,
        "route_ids": [
          "aus:vic:vic-05-mtb:"
        ]
      }
    },
    {
      "type": "Feature",
      "geometry": {
        "type": "Point",
        "coordinates": [
          144.91879769,
          -37.68342238
        ]
      },
      "properties": {
        "average_wait_time": 999.0000610351562,
        "color": "#e74c3c",
        "connectivity_score": 7.0714287757873535,
        "coverage_score": 10.0,
        "frequency_score": 0.0,
        "id": "5-52535",
        "mode_id": 5,
        "mode_name": "Regional Coach",
        "name": "Broadmeadows Station/Pascoe Vale Rd",
        "nearby_stops": [],
        "reliability_score": 14.285715103149414,
        "route_ids": [
          "aus:vic:vic-05-SER:"
        ]
      }
    },
    {
      "type": "Feature",
      "geometry": {
        "type": "Point",
        "coordinates": [
          145.21708767,
          -36.6165746
        ]
      },
      "properties": {
        "average_wait_time": 351.3399963378906,
        "color": "#e74c3c",
        "connectivity_score": 14.771429061889648,
        "coverage_score": 20.0,
        "frequency_score": 10.5,
        "id": "5-17155",
        "mode_id": 5,
        "mode_name": "Regional Coach",
        "name": "Murchison/Stevenson St",
        "nearby_stops": [
          {
            "distance": 125.25549753932061,
            "id": "5-15145",
            "mode_name": "Regional Coach",
            "name": "Murchison/Stevenson St"
          }
        ],
        "reliability_score": 14.285715103149414,
        "route_ids": [
          "aus:vic:vic-05-V41:",
          "aus:vic:vic-05-EC2:"
        ]
      }
    },
    {
      "type": "Feature",
      "geometry": {
        "type": "Point",
        "coordinates": [
          143.2870591,
          -36.13901268
        ]
      },
      "properties": {
        "average_wait_time": 999.0000610351562,
        "color": "#e74c3c",
        "connectivity_score": 7.0714287757873535,
        "coverage_score": 10.0,
        "frequency_score": 0.0,
        "id": "5-16257",
        "mode_id": 5,
        "mode_name": "Regional Coach",
        "name": "Glenloth Rd/Calder Hwy",
        "nearby_stops": [],
        "reliability_score": 14.285715103149414,
        "route_ids": [
          "aus:vic:vic-05-V39:"
        ]
      }
    },
    {
      "type": "Feature",
      "geometry": {
        "type": "Point",
        "coordinates": [
          142.42274648,
          -35.83498679
        ]
      },
      "properties": {
        "average_wait_time": 999.0000610351562,
        "color": "#e74c3c",
        "connectivity_score": 7.0714287757873535,
        "coverage_score": 10.0,
        "frequency_score": 0.0,
        "id": "5-17824",
        "mode_id": 5,
        "mode_name": "Regional Coach",
        "name": "Rosebery Station/Henty Hwy",
        "nearby_stops": [
          {
            "distance": 23.99036207855675,
            "id": "5-17823",
            "mode_name": "Regional Coach",
            "name": "Rosebery Station/Henty Hwy"
          }
        ],
        "reliability_score": 14.285715103149414,
        "route_ids": [
          "aus:vic:vic-05-V38:"
        ]
      }
    },
    {
      "type": "Feature",
      "geometry": {
        "type": "Point",
        "coordinates": [
          143.78313558,
          -38.33625389
        ]
      },
      "properties": {
        "average_wait_time": 699.6000366210938,
        "color": "#e74c3c",
        "connectivity_score": 19.071430206298828,
        "coverage_score": 10.0,
        "frequency_score": 30.000001907348633,
        "id": "5-41703",
        "mode_id": 5,
        "mode_name": "Regional Coach",
        "name": "Austin St/Warncoort-Birregurra Rd",
        "nearby_stops": [
          {
            "distance": 34.06928287416148,
            "id": "5-2767",
            "mode_name": "Regional Coach",
            "name": "Austin St/Warncoort-Birregurra Rd"
          }
        ],
        "reliability_score": 14.285715103149414,
        "route_ids": [
          "aus:vic:vic-05-WBL:"
        ]
      }
    },
    {
      "type": "Feature",
      "geometry": {
        "type": "Point",
        "coordinates": [
          144.33362986,
          -38.12014271
        ]
      },
      "properties": {
        "average_wait_time": 386.875,
        "color": "#e74c3c",
        "connectivity_score": 14.771429061889648,
        "coverage_score": 20.0,
        "frequency_score": 10.5,
        "id": "5-30402",
        "mode_id": 5,
        "mode_name": "Regional Coach",
        "name": "Calvert St/Ballarat Rd",
        "nearby_stops": [
          {
            "distance": 86.07768149129923,
            "id": "5-30479",
            "mode_name": "Regional Coach",
            "name": "Calvert St/Ballarat Rd"
          }
        ],
        "reliability_score": 14.285715103149414,
        "route_ids": [
          "aus:vic:vic-05-V02:",
          "aus:vic:vic-05-V22:"
        ]
      }
    },
    {
      "type": "Feature",
      "geometry": {
        "type": "Point",
        "coordinates": [
          142.83328629,
          -34.8539898
        ]
      },
      "properties": {
        "average_wait_time": 770.8499755859375,
        "color": "#e74c3c",
        "connectivity_score": 8.871429443359375,
        "coverage_score": 10.0,
        "frequency_score": 4.5,
        "id": "5-16968",
        "mode_id": 5,
        "mode_name": "Regional Coach",
        "name": "Annuello turn off/Robinvale - Sea Lake Rd",
        "nearby_stops": [],
        "reliability_score": 14.285715103149414,
        "route_ids": [
          "aus:vic:vic-05-V35:"
        ]
      }
    },
    {
      "type": "Feature",
      "geometry": {
        "type": "Point",
        "coordinates": [
          146.32459765,
          -36.35350309
        ]
      },
      "properties": {
        "average_wait_time": 324.7961120605469,
        "color": "#e74c3c",
        "connectivity_score": 20.671428680419922,
        "coverage_score": 30.0,
        "frequency_score": 16.5,
        "id": "5-37621",
        "mode_id": 5,
        "mode_name": "Regional Coach",
        "name": "Ovens St/Rowan St",
        "nearby_stops": [
          {
            "distance": 25.0241765834611,
            "id": "5-37583",
            "mode_name": "Regional Coach",
            "name": "Wangaratta Coach Stop/Rowan St "
          }
        ],
        "reliability_score": 14.285715103149414,
        "route_ids": [
          "aus:vic:vic-05-V17:",
          "aus:vic:vic-05-ABY:",
          "aus:vic:vic-05-mtb:"
        ]
      }
    },
    {
      "type": "Feature",
      "geometry": {
        "type": "Point",
        "coordinates": [
          144.24442333,
          -38.36794099
        ]
      },
      "properties": {
        "average_wait_time": 351.1050109863281,
        "color": "#e74c3c",
        "connectivity_score": 31.457143783569336,
        "coverage_score": 20.0,
        "frequency_score": 16.5,
        "id": "5-43841",
        "mode_id": 5,
        "mode_name": "Regional Coach",
        "name": "Jarosite Rd/Great Ocean Rd",
        "nearby_stops": [
          {
            "distance": 55.62626275323036,
            "id": "5-43906",
            "mode_name": "Regional Coach",
            "name": "Jarosite Rd/Great Ocean Rd"
          }
        ],
        "reliability_score": 71.42857360839844,
        "route_ids": [
          "aus:vic:vic-05-GVL:",
          "aus:vic:vic-05-V50:"
        ]
      }
    },
    {
      "type": "Feature",
      "geometry": {
        "type": "Point",
        "coordinates": [
          142.98239994,
          -36.3706669
        ]
      },
      "properties": {
        "average_wait_time": 782.8500366210938,
        "color": "#e74c3c",
        "connectivity_score": 12.371429443359375,
        "coverage_score": 20.0,
        "frequency_score": 4.5,
        "id": "5-17990",
        "mode_id": 5,
        "mode_name": "Regional Coach",
        "name": "Post Office/Sunraysia Hwy",
        "nearby_stops": [
          {
            "distance": 29.675850000160153,
            "id": "5-17989",
            "mode_name": "Regional Coach",
            "name": "Post Office/Sunraysia Hwy"
          }
        ],
        "reliability_score": 14.285715103149414,
        "route_ids": [
          "aus:vic:vic-05-V19:",
          "aus:vic:vic-05-V34:"
        ]
      }
    },
    {
      "type": "Feature",
      "geometry": {
        "type": "Point",
        "coordinates": [
          146.91142381,
          -36.70015422
        ]
      },
      "properties": {
        "average_wait_time": 619.0,
        "color": "#e74c3c",
        "connectivity_score": 9.471428871154785,
        "coverage_score": 10.0,
        "frequency_score": 6.0,
        "id": "5-18688",
        "mode_id": 5,
        "mode_name": "Regional Coach",
        "name": "Bailey St/Nicholson St",
        "nearby_stops": [],
        "reliability_score": 14.285715103149414,
        "route_ids": [
          "aus:vic:vic-05-mtb:"
        ]
      }
    },
    {
      "type": "Feature",
      "geometry": {
        "type": "Point",
        "coordinates": [
          141.13198937,
          -36.36262462
        ]
      },
      "properties": {
        "average_wait_time": 636.4000244140625,
        "color": "#e74c3c",
        "connectivity_score": 9.471428871154785,
        "coverage_score": 10.0,
        "frequency_score": 6.0,
        "id": "5-48536",
        "mode_id": 5,
        "mode_name": "Regional Coach",
        "name": "Station Rd/Commercial Rd",
        "nearby_stops": [],
        "reliability_score": 14.285715103149414,
        "route_ids": [
          "aus:vic:vic-05-V03:"
        ]
      }
    },
    {
      "type": "Feature",
      "geometry": {
        "type": "Point",
        "coordinates": [
          146.01819064,
          -38.64981007
        ]
      },
      "properties": {
        "average_wait_time": 407.9000244140625,
        "color": "#e74c3c",
        "connectivity_score": 11.271429061889648,
        "coverage_score": 10.0,
        "frequency_score": 10.5,
        "id": "5-17354",
        "mode_id": 5,
        "mode_name": "Regional Coach",
        "name": "Neals Rd/Meeniyan - Promontory Rd",
        "nearby_stops": [
          {
            "distance": 9.164174051033896,
            "id": "5-17355",
            "mode_name": "Regional Coach",
            "name": "Neals Rd/Meeniyan - Promontory Rd"
          }
        ],
        "reliability_score": 14.285715103149414,
        "route_ids": [
          "aus:vic:vic-05-V52:"
        ]
      }
    },
    {
      "type": "Feature",
      "geometry": {
        "type": "Point",
        "coordinates": [
          145.73968008,
          -35.35885716
        ]
      },
      "properties": {
        "average_wait_time": 999.0000610351562,
        "color": "#e74c3c",
        "connectivity_score": 7.0714287757873535,
        "coverage_score": 10.0,
        "frequency_score": 0.0,
        "id": "5-17486",
        "mode_id": 5,
        "mode_name": "Regional Coach",
        "name": "Caltex Roadhouse/Newell Hwy",
        "nearby_stops": [
          {
            "distance": 46.01779233176226,
            "id": "5-17531",
            "mode_name": "Regional Coach",
            "name": "Caltex Roadhouse/Newell Hwy"
          }
        ],
        "reliability_score": 14.285715103149414,
        "route_ids": [
          "aus:vic:vic-05-V41:"
        ]
      }
    },
    {
      "type": "Feature",
      "geometry": {
        "type": "Point",
        "coordinates": [
          144.40745822,
          -37.32618935
        ]
      },
      "properties": {
        "average_wait_time": 373.7833557128906,
        "color": "#e74c3c",
        "connectivity_score": 11.271429061889648,
        "coverage_score": 10.0,
        "frequency_score": 10.5,
        "id": "5-20917",
        "mode_id": 5,
        "mode_name": "Regional Coach",
        "name": "Tylden Produce Store/Tylden-Woodend Rd",
        "nearby_stops": [],
        "reliability_score": 14.285715103149414,
        "route_ids": [
          "aus:vic:vic-05-V18:"
        ]
      }
    },
    {
      "type": "Feature",
      "geometry": {
        "type": "Point",
        "coordinates": [
          145.5631672,
          -38.3721301
        ]
      },
      "properties": {
        "average_wait_time": 336.70001220703125,
        "color": "#e74c3c",
        "connectivity_score": 11.271429061889648,
        "coverage_score": 10.0,
        "frequency_score": 10.5,
        "id": "5-38068",
        "mode_id": 5,
        "mode_name": "Regional Coach",
        "name": "Gurdies - St Helier Rd/Bass Hwy",
        "nearby_stops": [
          {
            "distance": 67.37657262167022,
            "id": "5-17970",
            "mode_name": "Regional Coach",
            "name": "Gurdies - St Helier Rd/Bass Hwy"
          }
        ],
        "reliability_score": 14.285715103149414,
        "route_ids": [
          "aus:vic:vic-05-V15:"
        ]
      }
    },
    {
      "type": "Feature",
      "geometry": {
        "type": "Point",
        "coordinates": [
          142.02663605,
          -36.45363054
        ]
      },
      "properties": {
        "average_wait_time": 619.4000244140625,
        "color": "#e74c3c",
        "connectivity_score": 12.971427917480469,
        "coverage_score": 20.0,
        "frequency_score": 6.0,
        "id": "5-17831",
        "mode_id": 5,
        "mode_name": "Regional Coach",
        "name": "Car Park Rear Toilet Block/Lloyd St",
        "nearby_stops": [],
        "reliability_score": 14.285715103149414,
        "route_ids": [
          "aus:vic:vic-05-V03:",
          "aus:vic:vic-05-V37:"
        ]
      }
    },
    {
      "type": "Feature",
      "geometry": {
        "type": "Point",
        "coordinates": [
          145.42398128,
          -37.21116216
        ]
      },
      "properties": {
        "average_wait_time": 390.8000183105469,
        "color": "#e74c3c",
        "connectivity_score": 14.771429061889648,
        "coverage_score": 20.0,
        "frequency_score": 10.5,
        "id": "5-18671",
        "mode_id": 5,
        "mode_name": "Regional Coach",
        "name": "east of Pechell St/High St",
        "nearby_stops": [],
        "reliability_score": 14.285715103149414,
        "route_ids": [
          "aus:vic:vic-05-als:",
          "aus:vic:vic-05-V28:"
        ]
      }
    },
    {
      "type": "Feature",
      "geometry": {
        "type": "Point",
        "coordinates": [
          145.53038754,
          -38.40695913
        ]
      },
      "properties": {
        "average_wait_time": 336.6625061035156,
        "color": "#e74c3c",
        "connectivity_score": 11.271429061889648,
        "coverage_score": 10.0,
        "frequency_score": 10.5,
        "id": "5-17368",
        "mode_id": 5,
        "mode_name": "Regional Coach",
        "name": "Pier Rd/Bass Hwy",
        "nearby_stops": [
          {
            "distance": 137.64152850677272,
            "id": "5-17369",
            "mode_name": "Regional Coach",
            "name": "Grantville-Glen Alvie Rd/Bass Hwy"
          }
        ],
        "reliability_score": 14.285715103149414,
        "route_ids": [
          "aus:vic:vic-05-V15:"
        ]
      }
    },
    {
      "type": "Feature",
      "geometry": {
        "type": "Point",
        "coordinates": [
          145.52161129,
          -38.41837454
        ]
      },
      "properties": {
        "average_wait_time": 336.5875244140625,
        "color": "#e74c3c",
        "connectivity_score": 11.271429061889648,
        "coverage_score": 10.0,
        "frequency_score": 10.5,
        "id": "5-44135",
        "mode_id": 5,
        "mode_name": "Regional Coach",
        "name": "Stanley Rd/Bass Hwy",
        "nearby_stops": [
          {
            "distance": 125.37627679342305,
            "id": "5-44130",
            "mode_name": "Regional Coach",
            "name": "Stanley Rd/Bass Hwy"
          }
        ],
        "reliability_score": 14.285715103149414,
        "route_ids": [
          "aus:vic:vic-05-V15:"
        ]
      }
    },
    {
      "type": "Feature",
      "geometry": {
        "type": "Point",
        "coordinates": [
          145.12569523,
          -37.81808204
        ]
      },
      "properties": {
        "average_wait_time": 678.4000244140625,
        "color": "#e74c3c",
        "connectivity_score": 9.471428871154785,
        "coverage_score": 10.0,
        "frequency_score": 6.0,
        "id": "5-5102",
        "mode_id": 5,
        "mode_name": "Regional Coach",
        "name": "Watts St/Whitehorse Rd",
        "nearby_stops": [
          {
            "distance": 85.53066676086974,
            "id": "5-39770",
            "mode_name": "Regional Coach",
            "name": "Watts St/Whitehorse Rd"
          }
        ],
        "reliability_score": 14.285715103149414,
        "route_ids": [
          "aus:vic:vic-05-V28:"
        ]
      }
    },
    {
      "type": "Feature",
      "geometry": {
        "type": "Point",
        "coordinates": [
          143.72064645,
          -37.5897012
        ]
      },
      "properties": {
        "average_wait_time": 646.4000244140625,
        "color": "#e74c3c",
        "connectivity_score": 9.471428871154785,
        "coverage_score": 10.0,
        "frequency_score": 6.0,
        "id": "5-536",
        "mode_id": 5,
        "mode_name": "Regional Coach",
        "name": "Memorial Dr/Sago Hill Rd",
        "nearby_stops": [
          {
            "distance": 19.676381020006648,
            "id": "5-406",
            "mode_name": "Regional Coach",
            "name": "Memorial Dr/Sago Hill Rd"
          }
        ],
        "reliability_score": 14.285715103149414,
        "route_ids": [
          "aus:vic:vic-05-V06:"
        ]
      }
    },
    {
      "type": "Feature",
      "geometry": {
        "type": "Point",
        "coordinates": [
          146.06286623,
          -38.20334522
        ]
      },
      "properties": {
        "average_wait_time": 609.5333251953125,
        "color": "#e74c3c",
        "connectivity_score": 11.871429443359375,
        "coverage_score": 10.0,
        "frequency_score": 12.0,
        "id": "5-16096",
        "mode_id": 5,
        "mode_name": "Regional Coach",
        "name": "Yarragon Station/Princes Hwy ",
        "nearby_stops": [],
        "reliability_score": 14.285715103149414,
        "route_ids": [
          "aus:vic:vic-05-TRN:"
        ]
      }
    },
    {
      "type": "Feature",
      "geometry": {
        "type": "Point",
        "coordinates": [
          144.04188515,
          -37.36727537
        ]
      },
      "properties": {
        "average_wait_time": 999.0000610351562,
        "color": "#e74c3c",
        "connectivity_score": 7.0714287757873535,
        "coverage_score": 10.0,
        "frequency_score": 0.0,
        "id": "5-17150",
        "mode_id": 5,
        "mode_name": "Regional Coach",
        "name": "Hotel/Midland Hwy",
        "nearby_stops": [
          {
            "distance": 39.54571640311502,
            "id": "5-17149",
            "mode_name": "Regional Coach",
            "name": "Hotel/Midland Hwy"
          }
        ],
        "reliability_score": 14.285715103149414,
        "route_ids": [
          "aus:vic:vic-05-V22:"
        ]
      }
    },
    {
      "type": "Feature",
      "geometry": {
        "type": "Point",
        "coordinates": [
          144.71229911,
          -36.92746867
        ]
      },
      "properties": {
        "average_wait_time": 340.20001220703125,
        "color": "#e74c3c",
        "connectivity_score": 28.4714298248291,
        "coverage_score": 30.0,
        "frequency_score": 36.0,
        "id": "5-15097",
        "mode_id": 5,
        "mode_name": "Regional Coach",
        "name": "Jennings St/Northern Hwy",
        "nearby_stops": [
          {
            "distance": 50.11907009572889,
            "id": "5-15096",
            "mode_name": "Regional Coach",
            "name": "Jennings St/Northern Hwy"
          }
        ],
        "reliability_score": 14.285715103149414,
        "route_ids": [
          "aus:vic:vic-05-V07:",
          "aus:vic:vic-05-V10:"
        ]
      }
    },
    {
      "type": "Feature",
      "geometry": {
        "type": "Point",
        "coordinates": [
          142.42480251,
          -35.34531466
        ]
      },
      "properties": {
        "average_wait_time": 999.0000610351562,
        "color": "#e74c3c",
        "connectivity_score": 10.571428298950195,
        "coverage_score": 20.0,
        "frequency_score": 0.0,
        "id": "5-17977",
        "mode_id": 5,
        "mode_name": "Regional Coach",
        "name": "General Store/Sunraysia Hwy",
        "nearby_stops": [
          {
            "distance": 41.784710612093264,
            "id": "5-17978",
            "mode_name": "Regional Coach",
            "name": "General Store/Sunraysia Hwy"
          }
        ],
        "reliability_score": 14.285715103149414,
        "route_ids": [
          "aus:vic:vic-05-V34:",
          "aus:vic:vic-05-V38:"
        ]
      }
    },
    {
      "type": "Feature",
      "geometry": {
        "type": "Point",
        "coordinates": [
          143.61884476,
          -35.96952367
        ]
      },
      "properties": {
        "average_wait_time": 999.0000610351562,
        "color": "#e74c3c",
        "connectivity_score": 7.0714287757873535,
        "coverage_score": 10.0,
        "frequency_score": 0.0,
        "id": "5-16939",
        "mode_id": 5,
        "mode_name": "Regional Coach",
        "name": "Township/Boort - Quambatook Rd",
        "nearby_stops": [
          {
            "distance": 7.452551324431426,
            "id": "5-20891",
            "mode_name": "Regional Coach",
            "name": "Township/Boort - Quambatook Rd"
          }
        ],
        "reliability_score": 14.285715103149414,
        "route_ids": [
          "aus:vic:vic-05-SWL:"
        ]
      }
    },
    {
      "type": "Feature",
      "geometry": {
        "type": "Point",
        "coordinates": [
          142.57929181,
          -35.6078462
        ]
      },
      "properties": {
        "average_wait_time": 999.0000610351562,
        "color": "#e74c3c",
        "connectivity_score": 10.571428298950195,
        "coverage_score": 20.0,
        "frequency_score": 0.0,
        "id": "5-17984",
        "mode_id": 5,
        "mode_name": "Regional Coach",
        "name": "Boree St/Sunraysia Hwy",
        "nearby_stops": [
          {
            "distance": 5.473850628230999,
            "id": "5-17983",
            "mode_name": "Regional Coach",
            "name": "Boree St/Sunraysia Hwy"
          }
        ],
        "reliability_score": 14.285715103149414,
        "route_ids": [
          "aus:vic:vic-05-V38:",
          "aus:vic:vic-05-V34:"
        ]
      }
    },
    {
      "type": "Feature",
      "geometry": {
        "type": "Point",
        "coordinates": [
          145.89448047,
          -36.26997429
        ]
      },
      "properties": {
        "average_wait_time": 439.25,
        "color": "#e74c3c",
        "connectivity_score": 11.271429061889648,
        "coverage_score": 10.0,
        "frequency_score": 10.5,
        "id": "5-17241",
        "mode_id": 5,
        "mode_name": "Regional Coach",
        "name": "St James Rd/Devenish Rd",
        "nearby_stops": [
          {
            "distance": 10.317093706910448,
            "id": "5-17240",
            "mode_name": "Regional Coach",
            "name": "St James Rd/Devenish Rd"
          }
        ],
        "reliability_score": 14.285715103149414,
        "route_ids": [
          "aus:vic:vic-05-V36:"
        ]
      }
    },
    {
      "type": "Feature",
      "geometry": {
        "type": "Point",
        "coordinates": [
          142.42254316,
          -35.83506009
        ]
      },
      "properties": {
        "average_wait_time": 999.0000610351562,
        "color": "#e74c3c",
        "connectivity_score": 7.0714287757873535,
        "coverage_score": 10.0,
        "frequency_score": 0.0,
        "id": "5-17823",
        "mode_id": 5,
        "mode_name": "Regional Coach",
        "name": "Rosebery Station/Henty Hwy",
        "nearby_stops": [
          {
            "distance": 23.99036207855675,
            "id": "5-17824",
            "mode_name": "Regional Coach",
            "name": "Rosebery Station/Henty Hwy"
          }
        ],
        "reliability_score": 14.285715103149414,
        "route_ids": [
          "aus:vic:vic-05-V38:"
        ]
      }
    },
    {
      "type": "Feature",
      "geometry": {
        "type": "Point",
        "coordinates": [
          145.40472403,
          -36.36254759
        ]
      },
      "properties": {
        "average_wait_time": 417.3500061035156,
        "color": "#e74c3c",
        "connectivity_score": 14.771429061889648,
        "coverage_score": 20.0,
        "frequency_score": 10.5,
        "id": "5-36852",
        "mode_id": 5,
        "mode_name": "Regional Coach",
        "name": "Goulburn Valley Health/Graham St",
        "nearby_stops": [],
        "reliability_score": 14.285715103149414,
        "route_ids": [
          "aus:vic:vic-05-V41:",
          "aus:vic:vic-05-V07:"
        ]
      }
    },
    {
      "type": "Feature",
      "geometry": {
        "type": "Point",
        "coordinates": [
          147.92730531,
          -37.84035154
        ]
      },
      "properties": {
        "average_wait_time": 332.6500244140625,
        "color": "#e74c3c",
        "connectivity_score": 13.671428680419922,
        "coverage_score": 10.0,
        "frequency_score": 16.5,
        "id": "5-46449",
        "mode_id": 5,
        "mode_name": "Regional Coach",
        "name": "Forest Tech/Princes Hwy",
        "nearby_stops": [
          {
            "distance": 11.005414675597756,
            "id": "5-46441",
            "mode_name": "Regional Coach",
            "name": "Forest Tech/Princes Hwy"
          }
        ],
        "reliability_score": 14.285715103149414,
        "route_ids": [
          "aus:vic:vic-05-V25:"
        ]
      }
    },
    {
      "type": "Feature",
      "geometry": {
        "type": "Point",
        "coordinates": [
          143.39094776,
          -38.681322
        ]
      },
      "properties": {
        "average_wait_time": 632.4000244140625,
        "color": "#e74c3c",
        "connectivity_score": 9.471428871154785,
        "coverage_score": 10.0,
        "frequency_score": 6.0,
        "id": "5-52183",
        "mode_id": 5,
        "mode_name": "Regional Coach",
        "name": "Great Ocean Rd",
        "nearby_stops": [
          {
            "distance": 79.14599172144747,
            "id": "5-17721",
            "mode_name": "Regional Coach",
            "name": "Great Ocean Rd"
          }
        ],
        "reliability_score": 14.285715103149414,
        "route_ids": [
          "aus:vic:vic-05-V50:"
        ]
      }
    },
    {
      "type": "Feature",
      "geometry": {
        "type": "Point",
        "coordinates": [
          145.69053807,
          -35.9119365
        ]
      },
      "properties": {
        "average_wait_time": 999.0000610351562,
        "color": "#e74c3c",
        "connectivity_score": 7.0714287757873535,
        "coverage_score": 10.0,
        "frequency_score": 0.0,
        "id": "5-17567",
        "mode_id": 5,
        "mode_name": "Regional Coach",
        "name": "General Store/Nangunia St",
        "nearby_stops": [
          {
            "distance": 50.65426349882706,
            "id": "5-17568",
            "mode_name": "Regional Coach",
            "name": "General Store/Nangunia St"
          }
        ],
        "reliability_score": 14.285715103149414,
        "route_ids": [
          "aus:vic:vic-05-V41:"
        ]
      }
    },
    {
      "type": "Feature",
      "geometry": {
        "type": "Point",
        "coordinates": [
          142.31538293,
          -35.07105832
        ]
      },
      "properties": {
        "average_wait_time": 643.9000244140625,
        "color": "#e74c3c",
        "connectivity_score": 16.47142791748047,
        "coverage_score": 30.0,
        "frequency_score": 6.0,
        "id": "5-41477",
        "mode_id": 5,
        "mode_name": "Regional Coach",
        "name": "Ouyen Community Park/Oke St",
        "nearby_stops": [
          {
            "distance": 417.6650943067656,
            "id": "5-17840",
            "mode_name": "Regional Coach",
            "name": "Caltex Station/Calder Hwy"
          },
          {
            "distance": 436.97188086906505,
            "id": "5-17841",
            "mode_name": "Regional Coach",
            "name": "Caltex Station/Calder Hwy"
          }
        ],
        "reliability_score": 14.285715103149414,
        "route_ids": [
          "aus:vic:vic-05-V47:",
          "aus:vic:vic-05-V38:"
        ]
      }
    },
    {
      "type": "Feature",
      "geometry": {
        "type": "Point",
        "coordinates": [
          145.55563334,
          -38.37969742
        ]
      },
      "properties": {
        "average_wait_time": 336.70001220703125,
        "color": "#e74c3c",
        "connectivity_score": 11.271429061889648,
        "coverage_score": 10.0,
        "frequency_score": 10.5,
        "id": "5-38019",
        "mode_id": 5,
        "mode_name": "Regional Coach",
        "name": "Pioneer Bay/Bass Hwy",
        "nearby_stops": [
          {
            "distance": 354.55961416729326,
            "id": "5-38018",
            "mode_name": "Regional Coach",
            "name": "Pioneer Bay/Bass Hwy"
          }
        ],
        "reliability_score": 14.285715103149414,
        "route_ids": [
          "aus:vic:vic-05-V15:"
        ]
      }
    },
    {
      "type": "Feature",
      "geometry": {
        "type": "Point",
        "coordinates": [
          142.4388373,
          -35.40194436
        ]
      },
      "properties": {
        "average_wait_time": 999.0000610351562,
        "color": "#e74c3c",
        "connectivity_score": 10.571428298950195,
        "coverage_score": 20.0,
        "frequency_score": 0.0,
        "id": "5-17979",
        "mode_id": 5,
        "mode_name": "Regional Coach",
        "name": "Service Station/Sunraysia Hwy",
        "nearby_stops": [
          {
            "distance": 26.55643847741707,
            "id": "5-17980",
            "mode_name": "Regional Coach",
            "name": "Service Station/Sunraysia Hwy"
          }
        ],
        "reliability_score": 14.285715103149414,
        "route_ids": [
          "aus:vic:vic-05-V34:",
          "aus:vic:vic-05-V38:"
        ]
      }
    },
    {
      "type": "Feature",
      "geometry": {
        "type": "Point",
        "coordinates": [
          141.79635169,
          -37.85869292
        ]
      },
      "properties": {
        "average_wait_time": 649.2000122070312,
        "color": "#e74c3c",
        "connectivity_score": 9.471428871154785,
        "coverage_score": 10.0,
        "frequency_score": 6.0,
        "id": "5-46475",
        "mode_id": 5,
        "mode_name": "Regional Coach",
        "name": "Hotel and Post Office/Brown St",
        "nearby_stops": [],
        "reliability_score": 14.285715103149414,
        "route_ids": [
          "aus:vic:vic-05-V16:"
        ]
      }
    },
    {
      "type": "Feature",
      "geometry": {
        "type": "Point",
        "coordinates": [
          149.03042553,
          -34.96853875
        ]
      },
      "properties": {
        "average_wait_time": 999.0000610351562,
        "color": "#e74c3c",
        "connectivity_score": 7.0714287757873535,
        "coverage_score": 10.0,
        "frequency_score": 0.0,
        "id": "5-20826",
        "mode_id": 5,
        "mode_name": "Regional Coach",
        "name": "Murrumbateman Hotel/Barton Hwy",
        "nearby_stops": [
          {
            "distance": 73.48562738043182,
            "id": "5-48734",
            "mode_name": "Regional Coach",
            "name": "Jones Park Rest Area/Barton Hwy"
          }
        ],
        "reliability_score": 14.285715103149414,
        "route_ids": [
          "aus:vic:vic-05-V14:"
        ]
      }
    },
    {
      "type": "Feature",
      "geometry": {
        "type": "Point",
        "coordinates": [
          143.92142229,
          -37.37182128
        ]
      },
      "properties": {
        "average_wait_time": 636.800048828125,
        "color": "#e74c3c",
        "connectivity_score": 9.471428871154785,
        "coverage_score": 10.0,
        "frequency_score": 6.0,
        "id": "5-20880",
        "mode_id": 5,
        "mode_name": "Regional Coach",
        "name": "Creswick-Newstead Rd",
        "nearby_stops": [
          {
            "distance": 51.09222377338678,
            "id": "5-42022",
            "mode_name": "Regional Coach",
            "name": "Creswick-Newstead Rd"
          }
        ],
        "reliability_score": 14.285715103149414,
        "route_ids": [
          "aus:vic:vic-05-V32:"
        ]
      }
    },
    {
      "type": "Feature",
      "geometry": {
        "type": "Point",
        "coordinates": [
          143.68450433,
          -37.64502753
        ]
      },
      "properties": {
        "average_wait_time": 634.0,
        "color": "#e74c3c",
        "connectivity_score": 12.971427917480469,
        "coverage_score": 20.0,
        "frequency_score": 6.0,
        "id": "5-17774",
        "mode_id": 5,
        "mode_name": "Regional Coach",
        "name": "Loader St/Glenelg Hwy",
        "nearby_stops": [
          {
            "distance": 19.422499294660547,
            "id": "5-17773",
            "mode_name": "Regional Coach",
            "name": "Loader St/Glenelg Hwy"
          }
        ],
        "reliability_score": 14.285715103149414,
        "route_ids": [
          "aus:vic:vic-05-V06:",
          "aus:vic:vic-05-V29:"
        ]
      }
    },
    {
      "type": "Feature",
      "geometry": {
        "type": "Point",
        "coordinates": [
          148.9136206,
          -34.84361954
        ]
      },
      "properties": {
        "average_wait_time": 999.0000610351562,
        "color": "#e74c3c",
        "connectivity_score": 7.0714287757873535,
        "coverage_score": 10.0,
        "frequency_score": 0.0,
        "id": "5-41697",
        "mode_id": 5,
        "mode_name": "Regional Coach",
        "name": "Bus Interchange/Lead St",
        "nearby_stops": [],
        "reliability_score": 14.285715103149414,
        "route_ids": [
          "aus:vic:vic-05-V14:"
        ]
      }
    },
    {
      "type": "Feature",
      "geometry": {
        "type": "Point",
        "coordinates": [
          143.25862018,
          -36.61529496
        ]
      },
      "properties": {
        "average_wait_time": 410.0500183105469,
        "color": "#e74c3c",
        "connectivity_score": 18.27142906188965,
        "coverage_score": 30.0,
        "frequency_score": 10.5,
        "id": "5-17991",
        "mode_id": 5,
        "mode_name": "Regional Coach",
        "name": "Dundas St/Market St",
        "nearby_stops": [
          {
            "distance": 7.431650609550495,
            "id": "5-17992",
            "mode_name": "Regional Coach",
            "name": "Dundas St/Market St"
          }
        ],
        "reliability_score": 14.285715103149414,
        "route_ids": [
          "aus:vic:vic-05-V03:",
          "aus:vic:vic-05-V19:",
          "aus:vic:vic-05-V34:"
        ]
      }
    },
    {
      "type": "Feature",
      "geometry": {
        "type": "Point",
        "coordinates": [
          145.9478891,
          -38.47713866
        ]
      },
      "properties": {
        "average_wait_time": 342.6750183105469,
        "color": "#e74c3c",
        "connectivity_score": 11.271429061889648,
        "coverage_score": 10.0,
        "frequency_score": 10.5,
        "id": "5-17351",
        "mode_id": 5,
        "mode_name": "Regional Coach",
        "name": "Leongatha Railway Station/Long St",
        "nearby_stops": [],
        "reliability_score": 14.285715103149414,
        "route_ids": [
          "aus:vic:vic-05-V52:"
        ]
      }
    },
    {
      "type": "Feature",
      "geometry": {
        "type": "Point",
        "coordinates": [
          145.23944695,
          -38.48161727
        ]
      },
      "properties": {
        "average_wait_time": 409.9000244140625,
        "color": "#e74c3c",
        "connectivity_score": 11.271429061889648,
        "coverage_score": 10.0,
        "frequency_score": 10.5,
        "id": "5-37991",
        "mode_id": 5,
        "mode_name": "Regional Coach",
        "name": "Ventnor Beach Rd/Gap Rd",
        "nearby_stops": [
          {
            "distance": 20.846902406714683,
            "id": "5-37992",
            "mode_name": "Regional Coach",
            "name": "Ventnor Beach Rd/Gap Rd"
          }
        ],
        "reliability_score": 14.285715103149414,
        "route_ids": [
          "aus:vic:vic-05-V15:"
        ]
      }
    },
    {
      "type": "Feature",
      "geometry": {
        "type": "Point",
        "coordinates": [
          144.26357552,
          -38.33831461
        ]
      },
      "properties": {
        "average_wait_time": 351.1700134277344,
        "color": "#e74c3c",
        "connectivity_score": 31.457143783569336,
        "coverage_score": 20.0,
        "frequency_score": 16.5,
        "id": "5-41304",
        "mode_id": 5,
        "mode_name": "Regional Coach",
        "name": "School Rd/Great Ocean Rd",
        "nearby_stops": [
          {
            "distance": 101.4237245998927,
            "id": "5-45502",
            "mode_name": "Regional Coach",
            "name": "School Rd/Great Ocean Rd"
          }
        ],
        "reliability_score": 71.42857360839844,
        "route_ids": [
          "aus:vic:vic-05-GVL:",
          "aus:vic:vic-05-V50:"
        ]
      }
    },
    {
      "type": "Feature",
      "geometry": {
        "type": "Point",
        "coordinates": [
          144.04542492,
          -37.06866306
        ]
      },
      "properties": {
        "average_wait_time": 623.800048828125,
        "color": "#e74c3c",
        "connectivity_score": 9.471428871154785,
        "coverage_score": 10.0,
        "frequency_score": 6.0,
        "id": "5-40744",
        "mode_id": 5,
        "mode_name": "Regional Coach",
        "name": "Gully Rd/Maldon-Newstead Rd",
        "nearby_stops": [
          {
            "distance": 21.52449118089779,
            "id": "5-46416",
            "mode_name": "Regional Coach",
            "name": "Gully Rd/Maldon-Newstead Rd"
          }
        ],
        "reliability_score": 14.285715103149414,
        "route_ids": [
          "aus:vic:vic-05-V32:"
        ]
      }
    },
    {
      "type": "Feature",
      "geometry": {
        "type": "Point",
        "coordinates": [
          145.70970798,
          -37.19360942
        ]
      },
      "properties": {
        "average_wait_time": 779.25,
        "color": "#e74c3c",
        "connectivity_score": 8.871429443359375,
        "coverage_score": 10.0,
        "frequency_score": 4.5,
        "id": "5-44822",
        "mode_id": 5,
        "mode_name": "Regional Coach",
        "name": "Bayley St/Nihil St",
        "nearby_stops": [],
        "reliability_score": 14.285715103149414,
        "route_ids": [
          "aus:vic:vic-05-als:"
        ]
      }
    },
    {
      "type": "Feature",
      "geometry": {
        "type": "Point",
        "coordinates": [
          142.51384556,
          -36.91783546
        ]
      },
      "properties": {
        "average_wait_time": 337.88336181640625,
        "color": "#e74c3c",
        "connectivity_score": 14.771429061889648,
        "coverage_score": 20.0,
        "frequency_score": 10.5,
        "id": "5-22623",
        "mode_id": 5,
        "mode_name": "Regional Coach",
        "name": "Dadswells Bridge Motel/Western Hwy",
        "nearby_stops": [
          {
            "distance": 4.194166982924903,
            "id": "5-22622",
            "mode_name": "Regional Coach",
            "name": "Dadswells Bridge Motel/Western Hwy"
          }
        ],
        "reliability_score": 14.285715103149414,
        "route_ids": [
          "aus:vic:vic-05-V02:",
          "aus:vic:vic-05-V37:"
        ]
      }
    },
    {
      "type": "Feature",
      "geometry": {
        "type": "Point",
        "coordinates": [
          142.66395343,
          -36.90666687
        ]
      },
      "properties": {
        "average_wait_time": 999.0000610351562,
        "color": "#e74c3c",
        "connectivity_score": 7.0714287757873535,
        "coverage_score": 10.0,
        "frequency_score": 0.0,
        "id": "5-17807",
        "mode_id": 5,
        "mode_name": "Regional Coach",
        "name": "Wills St/Edwards St",
        "nearby_stops": [
          {
            "distance": 75.38853374654943,
            "id": "5-17808",
            "mode_name": "Regional Coach",
            "name": "Wills St/Edwards St"
          }
        ],
        "reliability_score": 14.285715103149414,
        "route_ids": [
          "aus:vic:vic-05-V38:"
        ]
      }
    },
    {
      "type": "Feature",
      "geometry": {
        "type": "Point",
        "coordinates": [
          142.99377651,
          -38.61920367
        ]
      },
      "properties": {
        "average_wait_time": 668.4000244140625,
        "color": "#e74c3c",
        "connectivity_score": 9.471428871154785,
        "coverage_score": 10.0,
        "frequency_score": 6.0,
        "id": "5-17726",
        "mode_id": 5,
        "mode_name": "Regional Coach",
        "name": "Surf Club/Tregea St",
        "nearby_stops": [],
        "reliability_score": 14.285715103149414,
        "route_ids": [
          "aus:vic:vic-05-V50:"
        ]
      }
    },
    {
      "type": "Feature",
      "geometry": {
        "type": "Point",
        "coordinates": [
          142.32267479,
          -38.10675693
        ]
      },
      "properties": {
        "average_wait_time": 999.0000610351562,
        "color": "#e74c3c",
        "connectivity_score": 7.0714287757873535,
        "coverage_score": 10.0,
        "frequency_score": 0.0,
        "id": "5-2366",
        "mode_id": 5,
        "mode_name": "Regional Coach",
        "name": "Austin St/Penhurst-Warrnambool Rd",
        "nearby_stops": [
          {
            "distance": 76.19171400626414,
            "id": "5-2310",
            "mode_name": "Regional Coach",
            "name": "Austin St/Penhurst-Warrnambool Rd"
          }
        ],
        "reliability_score": 14.285715103149414,
        "route_ids": [
          "aus:vic:vic-05-V16:"
        ]
      }
    },
    {
      "type": "Feature",
      "geometry": {
        "type": "Point",
        "coordinates": [
          143.5208407,
          -35.85081227
        ]
      },
      "properties": {
        "average_wait_time": 999.0000610351562,
        "color": "#e74c3c",
        "connectivity_score": 7.0714287757873535,
        "coverage_score": 10.0,
        "frequency_score": 0.0,
        "id": "5-16559",
        "mode_id": 5,
        "mode_name": "Regional Coach",
        "name": "Quambatook Hotel/Guthrie St ",
        "nearby_stops": [],
        "reliability_score": 14.285715103149414,
        "route_ids": [
          "aus:vic:vic-05-SWL:"
        ]
      }
    },
    {
      "type": "Feature",
      "geometry": {
        "type": "Point",
        "coordinates": [
          141.95573176,
          -37.77519725
        ]
      },
      "properties": {
        "average_wait_time": 999.0000610351562,
        "color": "#e74c3c",
        "connectivity_score": 7.0714287757873535,
        "coverage_score": 10.0,
        "frequency_score": 0.0,
        "id": "5-36330",
        "mode_id": 5,
        "mode_name": "Regional Coach",
        "name": "Kirkwoods Rd/Henty Hwy",
        "nearby_stops": [],
        "reliability_score": 14.285715103149414,
        "route_ids": [
          "aus:vic:vic-05-V16:"
        ]
      }
    },
    {
      "type": "Feature",
      "geometry": {
        "type": "Point",
        "coordinates": [
          139.85506654,
          -35.69359165
        ]
      },
      "properties": {
        "average_wait_time": 999.0000610351562,
        "color": "#e74c3c",
        "connectivity_score": 7.0714287757873535,
        "coverage_score": 10.0,
        "frequency_score": 0.0,
        "id": "5-20810",
        "mode_id": 5,
        "mode_name": "Regional Coach",
        "name": "BP Roadhouse/North Tce",
        "nearby_stops": [],
        "reliability_score": 14.285715103149414,
        "route_ids": [
          "aus:vic:vic-05-V03:"
        ]
      }
    },
    {
      "type": "Feature",
      "geometry": {
        "type": "Point",
        "coordinates": [
          144.84988358,
          -37.67417409
        ]
      },
      "properties": {
        "average_wait_time": 644.4000244140625,
        "color": "#e74c3c",
        "connectivity_score": 12.971427917480469,
        "coverage_score": 20.0,
        "frequency_score": 6.0,
        "id": "5-52172",
        "mode_id": 5,
        "mode_name": "Regional Coach",
        "name": "Melbourne Airport/Grants Rd",
        "nearby_stops": [],
        "reliability_score": 14.285715103149414,
        "route_ids": [
          "aus:vic:vic-05-V10:",
          "aus:vic:vic-05-V20:"
        ]
      }
    },
    {
      "type": "Feature",
      "geometry": {
        "type": "Point",
        "coordinates": [
          148.08919067,
          -37.73390306
        ]
      },
      "properties": {
        "average_wait_time": 619.75,
        "color": "#e74c3c",
        "connectivity_score": 12.971427917480469,
        "coverage_score": 20.0,
        "frequency_score": 6.0,
        "id": "5-21710",
        "mode_id": 5,
        "mode_name": "Regional Coach",
        "name": "Nowa Nowa/Princes Hwy",
        "nearby_stops": [
          {
            "distance": 320.07176124277885,
            "id": "5-20856",
            "mode_name": "Regional Coach",
            "name": "Nowa Nowa General Store/Princes Hwy"
          }
        ],
        "reliability_score": 14.285715103149414,
        "route_ids": [
          "aus:vic:vic-05-V09:",
          "aus:vic:vic-05-V25:"
        ]
      }
    },
    {
      "type": "Feature",
      "geometry": {
        "type": "Point",
        "coordinates": [
          142.54166959,
          -37.17295903
        ]
      },
      "properties": {
        "average_wait_time": 624.5999755859375,
        "color": "#e74c3c",
        "connectivity_score": 9.471428871154785,
        "coverage_score": 10.0,
        "frequency_score": 6.0,
        "id": "5-51746",
        "mode_id": 5,
        "mode_name": "Regional Coach",
        "name": "Lakeside Caravan Park/Tymna Dr",
        "nearby_stops": [],
        "reliability_score": 14.285715103149414,
        "route_ids": [
          "aus:vic:vic-05-V24:"
        ]
      }
    },
    {
      "type": "Feature",
      "geometry": {
        "type": "Point",
        "coordinates": [
          149.15196334,
          -37.5653043
        ]
      },
      "properties": {
        "average_wait_time": 650.4000244140625,
        "color": "#e74c3c",
        "connectivity_score": 9.471428871154785,
        "coverage_score": 10.0,
        "frequency_score": 6.0,
        "id": "5-20851",
        "mode_id": 5,
        "mode_name": "Regional Coach",
        "name": "Cann River Police Station/Ward St",
        "nearby_stops": [],
        "reliability_score": 14.285715103149414,
        "route_ids": [
          "aus:vic:vic-05-V09:"
        ]
      }
    },
    {
      "type": "Feature",
      "geometry": {
        "type": "Point",
        "coordinates": [
          144.68287735,
          -36.72081587
        ]
      },
      "properties": {
        "average_wait_time": 663.9000244140625,
        "color": "#e74c3c",
        "connectivity_score": 12.971427917480469,
        "coverage_score": 20.0,
        "frequency_score": 6.0,
        "id": "5-15099",
        "mode_id": 5,
        "mode_name": "Regional Coach",
        "name": "Axedale Rd/Northern Hwy",
        "nearby_stops": [
          {
            "distance": 14.846894989965284,
            "id": "5-15098",
            "mode_name": "Regional Coach",
            "name": "Axedale Rd/Northern Hwy"
          }
        ],
        "reliability_score": 14.285715103149414,
        "route_ids": [
          "aus:vic:vic-05-V10:",
          "aus:vic:vic-05-V20:"
        ]
      }
    },
    {
      "type": "Feature",
      "geometry": {
        "type": "Point",
        "coordinates": [
          143.75083494,
          -36.29183171
        ]
      },
      "properties": {
        "average_wait_time": 999.0000610351562,
        "color": "#e74c3c",
        "connectivity_score": 7.0714287757873535,
        "coverage_score": 10.0,
        "frequency_score": 0.0,
        "id": "5-42313",
        "mode_id": 5,
        "mode_name": "Regional Coach",
        "name": "Borung/Boort-Wederburn Rd ",
        "nearby_stops": [
          {
            "distance": 13.839399029165936,
            "id": "5-42318",
            "mode_name": "Regional Coach",
            "name": "Borung/Boort-Wederburn Rd "
          }
        ],
        "reliability_score": 14.285715103149414,
        "route_ids": [
          "aus:vic:vic-05-SWL:"
        ]
      }
    },
    {
      "type": "Feature",
      "geometry": {
        "type": "Point",
        "coordinates": [
          142.91791241,
          -35.98126529
        ]
      },
      "properties": {
        "average_wait_time": 999.0000610351562,
        "color": "#e74c3c",
        "connectivity_score": 10.571428298950195,
        "coverage_score": 20.0,
        "frequency_score": 0.0,
        "id": "5-17987",
        "mode_id": 5,
        "mode_name": "Regional Coach",
        "name": "Memorial Park/Cumming Ave",
        "nearby_stops": [],
        "reliability_score": 14.285715103149414,
        "route_ids": [
          "aus:vic:vic-05-V39:",
          "aus:vic:vic-05-V34:"
        ]
      }
    },
    {
      "type": "Feature",
      "geometry": {
        "type": "Point",
        "coordinates": [
          139.8011374,
          -35.31876656
        ]
      },
      "properties": {
        "average_wait_time": 663.4000244140625,
        "color": "#e74c3c",
        "connectivity_score": 9.471428871154785,
        "coverage_score": 10.0,
        "frequency_score": 6.0,
        "id": "5-20838",
        "mode_id": 5,
        "mode_name": "Regional Coach",
        "name": "Sherlock Store/Mallee Hwy",
        "nearby_stops": [
          {
            "distance": 23.258648356620615,
            "id": "5-48735",
            "mode_name": "Regional Coach",
            "name": "Hambidge St/Mallee Hwy"
          }
        ],
        "reliability_score": 14.285715103149414,
        "route_ids": [
          "aus:vic:vic-05-V47:"
        ]
      }
    },
    {
      "type": "Feature",
      "geometry": {
        "type": "Point",
        "coordinates": [
          144.79860486,
          -37.04395689
        ]
      },
      "properties": {
        "average_wait_time": 339.20001220703125,
        "color": "#e74c3c",
        "connectivity_score": 27.871427536010742,
        "coverage_score": 30.0,
        "frequency_score": 34.5,
        "id": "5-13769",
        "mode_id": 5,
        "mode_name": "Regional Coach",
        "name": "General Store/Northern Hwy",
        "nearby_stops": [
          {
            "distance": 65.29787354243784,
            "id": "5-13770",
            "mode_name": "Regional Coach",
            "name": "General Store/Northern Hwy"
          }
        ],
        "reliability_score": 14.285715103149414,
        "route_ids": [
          "aus:vic:vic-05-V07:",
          "aus:vic:vic-05-V10:",
          "aus:vic:vic-05-V20:"
        ]
      }
    },
    {
      "type": "Feature",
      "geometry": {
        "type": "Point",
        "coordinates": [
          145.46691857,
          -38.48326617
        ]
      },
      "properties": {
        "average_wait_time": 336.4750061035156,
        "color": "#e74c3c",
        "connectivity_score": 11.271429061889648,
        "coverage_score": 10.0,
        "frequency_score": 10.5,
        "id": "5-17376",
        "mode_id": 5,
        "mode_name": "Regional Coach",
        "name": "63-65 Hade Ave",
        "nearby_stops": [
          {
            "distance": 100.28051574107242,
            "id": "5-17375",
            "mode_name": "Regional Coach",
            "name": "5 Bass School Rd"
          }
        ],
        "reliability_score": 14.285715103149414,
        "route_ids": [
          "aus:vic:vic-05-V15:"
        ]
      }
    },
    {
      "type": "Feature",
      "geometry": {
        "type": "Point",
        "coordinates": [
          144.26098202,
          -36.99682825
        ]
      },
      "properties": {
        "average_wait_time": 999.0000610351562,
        "color": "#e74c3c",
        "connectivity_score": 7.0714287757873535,
        "coverage_score": 10.0,
        "frequency_score": 0.0,
        "id": "5-17144",
        "mode_id": 5,
        "mode_name": "Regional Coach",
        "name": "Market St/Harmony Way ",
        "nearby_stops": [],
        "reliability_score": 14.285715103149414,
        "route_ids": [
          "aus:vic:vic-05-V22:"
        ]
      }
    },
    {
      "type": "Feature",
      "geometry": {
        "type": "Point",
        "coordinates": [
          143.91737947,
          -37.58467401
        ]
      },
      "properties": {
        "average_wait_time": 999.0000610351562,
        "color": "#e74c3c",
        "connectivity_score": 7.0714287757873535,
        "coverage_score": 10.0,
        "frequency_score": 0.0,
        "id": "5-16272",
        "mode_id": 5,
        "mode_name": "Regional Coach",
        "name": "Warrenheip Rd/Navigators Rd",
        "nearby_stops": [
          {
            "distance": 20.870182836928468,
            "id": "5-16271",
            "mode_name": "Regional Coach",
            "name": "Warrenheip Rd/Navigators Rd"
          }
        ],
        "reliability_score": 14.285715103149414,
        "route_ids": [
          "aus:vic:vic-05-V02:"
        ]
      }
    },
    {
      "type": "Feature",
      "geometry": {
        "type": "Point",
        "coordinates": [
          143.94643874,
          -37.20346837
        ]
      },
      "properties": {
        "average_wait_time": 630.5999755859375,
        "color": "#e74c3c",
        "connectivity_score": 9.471428871154785,
        "coverage_score": 10.0,
        "frequency_score": 6.0,
        "id": "5-20882",
        "mode_id": 5,
        "mode_name": "Regional Coach",
        "name": "Opposite Old Garage/Creswick-Newstead Rd",
        "nearby_stops": [],
        "reliability_score": 14.285715103149414,
        "route_ids": [
          "aus:vic:vic-05-V32:"
        ]
      }
    },
    {
      "type": "Feature",
      "geometry": {
        "type": "Point",
        "coordinates": [
          142.09442381,
          -37.76587622
        ]
      },
      "properties": {
        "average_wait_time": 691.4000244140625,
        "color": "#e74c3c",
        "connectivity_score": 9.471428871154785,
        "coverage_score": 10.0,
        "frequency_score": 6.0,
        "id": "5-45966",
        "mode_id": 5,
        "mode_name": "Regional Coach",
        "name": "Tarrington Lutheran School/Hamilton Hwy",
        "nearby_stops": [
          {
            "distance": 21.97717028700829,
            "id": "5-2574",
            "mode_name": "Regional Coach",
            "name": "Tarrington Lutheran School/Hamilton Hwy"
          }
        ],
        "reliability_score": 14.285715103149414,
        "route_ids": [
          "aus:vic:vic-05-V16:"
        ]
      }
    },
    {
      "type": "Feature",
      "geometry": {
        "type": "Point",
        "coordinates": [
          144.33264242,
          -38.24796735
        ]
      },
      "properties": {
        "average_wait_time": 616.7333984375,
        "color": "#e74c3c",
        "connectivity_score": 9.471428871154785,
        "coverage_score": 10.0,
        "frequency_score": 6.0,
        "id": "5-41394",
        "mode_id": 5,
        "mode_name": "Regional Coach",
        "name": "Mount Duneed Rd/Surf Coast Hwy",
        "nearby_stops": [],
        "reliability_score": 14.285715103149414,
        "route_ids": [
          "aus:vic:vic-05-V50:"
        ]
      }
    },
    {
      "type": "Feature",
      "geometry": {
        "type": "Point",
        "coordinates": [
          146.78468804,
          -38.15099192
        ]
      },
      "properties": {
        "average_wait_time": 366.5666809082031,
        "color": "#e74c3c",
        "connectivity_score": 18.27142906188965,
        "coverage_score": 30.0,
        "frequency_score": 10.5,
        "id": "5-16298",
        "mode_id": 5,
        "mode_name": "Regional Coach",
        "name": "Latrobe St/Princes Hwy",
        "nearby_stops": [
          {
            "distance": 171.39904179616323,
            "id": "5-16299",
            "mode_name": "Regional Coach",
            "name": "Latrobe St/Princes Hwy"
          }
        ],
        "reliability_score": 14.285715103149414,
        "route_ids": [
          "aus:vic:vic-05-V43:",
          "aus:vic:vic-05-BDE:"
        ]
      }
    },
    {
      "type": "Feature",
      "geometry": {
        "type": "Point",
        "coordinates": [
          146.43164796,
          -36.44980171
        ]
      },
      "properties": {
        "average_wait_time": 999.0000610351562,
        "color": "#e74c3c",
        "connectivity_score": 7.0714287757873535,
        "coverage_score": 10.0,
        "frequency_score": 0.0,
        "id": "5-39134",
        "mode_id": 5,
        "mode_name": "Regional Coach",
        "name": "Milawa-Bobinawarrah Rd/Snow Rd",
        "nearby_stops": [
          {
            "distance": 36.80179359952339,
            "id": "5-39133",
            "mode_name": "Regional Coach",
            "name": "Milawa-Bobinawarrah Rd/Snow Rd"
          }
        ],
        "reliability_score": 14.285715103149414,
        "route_ids": [
          "aus:vic:vic-05-mtb:"
        ]
      }
    },
    {
      "type": "Feature",
      "geometry": {
        "type": "Point",
        "coordinates": [
          143.34179386,
          -36.19738169
        ]
      },
      "properties": {
        "average_wait_time": 999.0000610351562,
        "color": "#e74c3c",
        "connectivity_score": 7.0714287757873535,
        "coverage_score": 10.0,
        "frequency_score": 0.0,
        "id": "5-16255",
        "mode_id": 5,
        "mode_name": "Regional Coach",
        "name": "Teddywaddy Rd/Calder Hwy",
        "nearby_stops": [
          {
            "distance": 0.0,
            "id": "5-16254",
            "mode_name": "Regional Coach",
            "name": "Teddywaddy Rd/Calder Hwy"
          }
        ],
        "reliability_score": 14.285715103149414,
        "route_ids": [
          "aus:vic:vic-05-V39:"
        ]
      }
    },
    {
      "type": "Feature",
      "geometry": {
        "type": "Point",
        "coordinates": [
          144.04444012,
          -38.47182009
        ]
      },
      "properties": {
        "average_wait_time": 339.2125244140625,
        "color": "#e74c3c",
        "connectivity_score": 29.057144165039062,
        "coverage_score": 20.0,
        "frequency_score": 10.5,
        "id": "5-17708",
        "mode_id": 5,
        "mode_name": "Regional Coach",
        "name": "Golf Links Rd/Great Ocean Rd",
        "nearby_stops": [
          {
            "distance": 74.59532834760776,
            "id": "5-17707",
            "mode_name": "Regional Coach",
            "name": "Golf Links Rd/Great Ocean Rd"
          }
        ],
        "reliability_score": 71.42857360839844,
        "route_ids": [
          "aus:vic:vic-05-GVL:",
          "aus:vic:vic-05-V50:"
        ]
      }
    },
    {
      "type": "Feature",
      "geometry": {
        "type": "Point",
        "coordinates": [
          148.32267849,
          -37.75406389
        ]
      },
      "properties": {
        "average_wait_time": 621.5,
        "color": "#e74c3c",
        "connectivity_score": 12.971427917480469,
        "coverage_score": 20.0,
        "frequency_score": 6.0,
        "id": "5-46430",
        "mode_id": 5,
        "mode_name": "Regional Coach",
        "name": "Waygara Rd/Princes Hwy",
        "nearby_stops": [],
        "reliability_score": 14.285715103149414,
        "route_ids": [
          "aus:vic:vic-05-V25:",
          "aus:vic:vic-05-V09:"
        ]
      }
    },
    {
      "type": "Feature",
      "geometry": {
        "type": "Point",
        "coordinates": [
          145.6754448,
          -38.09166622
        ]
      },
      "properties": {
        "average_wait_time": 617.5,
        "color": "#e74c3c",
        "connectivity_score": 12.971427917480469,
        "coverage_score": 20.0,
        "frequency_score": 6.0,
        "id": "5-21466",
        "mode_id": 5,
        "mode_name": "Regional Coach",
        "name": "Garfield Station/Nar Nar Goon - Longwarry Rd ",
        "nearby_stops": [],
        "reliability_score": 14.285715103149414,
        "route_ids": [
          "aus:vic:vic-05-TRN:",
          "aus:vic:vic-05-BDE:"
        ]
      }
    },
    {
      "type": "Feature",
      "geometry": {
        "type": "Point",
        "coordinates": [
          141.18358761,
          -35.26243151
        ]
      },
      "properties": {
        "average_wait_time": 616.4000244140625,
        "color": "#e74c3c",
        "connectivity_score": 9.471428871154785,
        "coverage_score": 10.0,
        "frequency_score": 6.0,
        "id": "5-20848",
        "mode_id": 5,
        "mode_name": "Regional Coach",
        "name": "Murrayville Hotel/Mallee Hwy",
        "nearby_stops": [],
        "reliability_score": 14.285715103149414,
        "route_ids": [
          "aus:vic:vic-05-V47:"
        ]
      }
    },
    {
      "type": "Feature",
      "geometry": {
        "type": "Point",
        "coordinates": [
          145.57422268,
          -35.88773088
        ]
      },
      "properties": {
        "average_wait_time": 999.0000610351562,
        "color": "#e74c3c",
        "connectivity_score": 7.0714287757873535,
        "coverage_score": 10.0,
        "frequency_score": 0.0,
        "id": "5-41301",
        "mode_id": 5,
        "mode_name": "Regional Coach",
        "name": "Big Strawberry Restaurant/Goulburn Valley Hwy",
        "nearby_stops": [
          {
            "distance": 153.22132542480486,
            "id": "5-52525",
            "mode_name": "Regional Coach",
            "name": "Big Strawberry Restaurant/Cobram-Koonoomoo Rd "
          }
        ],
        "reliability_score": 14.285715103149414,
        "route_ids": [
          "aus:vic:vic-05-V41:"
        ]
      }
    },
    {
      "type": "Feature",
      "geometry": {
        "type": "Point",
        "coordinates": [
          146.47042552,
          -36.18627209
        ]
      },
      "properties": {
        "average_wait_time": 414.4250183105469,
        "color": "#e74c3c",
        "connectivity_score": 11.271429061889648,
        "coverage_score": 10.0,
        "frequency_score": 10.5,
        "id": "5-22490",
        "mode_id": 5,
        "mode_name": "Regional Coach",
        "name": "Post Office/Anzac Rd",
        "nearby_stops": [],
        "reliability_score": 14.285715103149414,
        "route_ids": [
          "aus:vic:vic-05-V17:"
        ]
      }
    },
    {
      "type": "Feature",
      "geometry": {
        "type": "Point",
        "coordinates": [
          144.10024911,
          -38.46473806
        ]
      },
      "properties": {
        "average_wait_time": 345.3166809082031,
        "color": "#e74c3c",
        "connectivity_score": 29.057144165039062,
        "coverage_score": 20.0,
        "frequency_score": 10.5,
        "id": "5-17703",
        "mode_id": 5,
        "mode_name": "Regional Coach",
        "name": "Bambra Rd/Great Ocean Rd",
        "nearby_stops": [
          {
            "distance": 16.160629216882956,
            "id": "5-17704",
            "mode_name": "Regional Coach",
            "name": "Bambra Rd/Great Ocean Rd"
          }
        ],
        "reliability_score": 71.42857360839844,
        "route_ids": [
          "aus:vic:vic-05-GVL:",
          "aus:vic:vic-05-V50:"
        ]
      }
    },
    {
      "type": "Feature",
      "geometry": {
        "type": "Point",
        "coordinates": [
          143.71031548,
          -38.72459802
        ]
      },
      "properties": {
        "average_wait_time": 337.8000183105469,
        "color": "#e74c3c",
        "connectivity_score": 14.871429443359375,
        "coverage_score": 10.0,
        "frequency_score": 19.5,
        "id": "5-36580",
        "mode_id": 5,
        "mode_name": "Regional Coach",
        "name": "Skenes Creek Valley Rd/Great Ocean Rd",
        "nearby_stops": [
          {
            "distance": 49.19636454718423,
            "id": "5-17717",
            "mode_name": "Regional Coach",
            "name": "Skenes Creek Valley Rd/Great Ocean Rd"
          }
        ],
        "reliability_score": 14.285715103149414,
        "route_ids": [
          "aus:vic:vic-05-V50:"
        ]
      }
    },
    {
      "type": "Feature",
      "geometry": {
        "type": "Point",
        "coordinates": [
          147.42178007,
          -37.88101185
        ]
      },
      "properties": {
        "average_wait_time": 649.5,
        "color": "#e74c3c",
        "connectivity_score": 12.971427917480469,
        "coverage_score": 20.0,
        "frequency_score": 6.0,
        "id": "5-16307",
        "mode_id": 5,
        "mode_name": "Regional Coach",
        "name": "Lindenow Rd/Princes Hwy",
        "nearby_stops": [
          {
            "distance": 30.346591280330674,
            "id": "5-16308",
            "mode_name": "Regional Coach",
            "name": "Lindenow Rd/Princes Hwy"
          }
        ],
        "reliability_score": 14.285715103149414,
        "route_ids": [
          "aus:vic:vic-05-V25:"
        ]
      }
    },
    {
      "type": "Feature",
      "geometry": {
        "type": "Point",
        "coordinates": [
          141.62979346,
          -38.13295155
        ]
      },
      "properties": {
        "average_wait_time": 621.7200317382812,
        "color": "#e74c3c",
        "connectivity_score": 12.971427917480469,
        "coverage_score": 20.0,
        "frequency_score": 6.0,
        "id": "5-17746",
        "mode_id": 5,
        "mode_name": "Regional Coach",
        "name": "Lindsay St/Princes Hwy",
        "nearby_stops": [
          {
            "distance": 87.89092094163036,
            "id": "5-36334",
            "mode_name": "Regional Coach",
            "name": "Lindsay St/Princes Hwy"
          }
        ],
        "reliability_score": 14.285715103149414,
        "route_ids": [
          "aus:vic:vic-05-V16:",
          "aus:vic:vic-05-V30:"
        ]
      }
    },
    {
      "type": "Feature",
      "geometry": {
        "type": "Point",
        "coordinates": [
          144.74303644,
          -37.3501213
        ]
      },
      "properties": {
        "average_wait_time": 702.4000244140625,
        "color": "#e74c3c",
        "connectivity_score": 12.971427917480469,
        "coverage_score": 20.0,
        "frequency_score": 6.0,
        "id": "5-13766",
        "mode_id": 5,
        "mode_name": "Regional Coach",
        "name": "Romsey Community Hub/Main St",
        "nearby_stops": [
          {
            "distance": 25.197268404234592,
            "id": "5-13765",
            "mode_name": "Regional Coach",
            "name": "Romsey Community Hub/Main St"
          }
        ],
        "reliability_score": 14.285715103149414,
        "route_ids": [
          "aus:vic:vic-05-V10:"
        ]
      }
    },
    {
      "type": "Feature",
      "geometry": {
        "type": "Point",
        "coordinates": [
          142.02383233,
          -35.13594174
        ]
      },
      "properties": {
        "average_wait_time": 607.2000122070312,
        "color": "#e74c3c",
        "connectivity_score": 14.271429061889648,
        "coverage_score": 10.0,
        "frequency_score": 18.0,
        "id": "5-20850",
        "mode_id": 5,
        "mode_name": "Regional Coach",
        "name": "General Store/Mallee Hwy",
        "nearby_stops": [],
        "reliability_score": 14.285715103149414,
        "route_ids": [
          "aus:vic:vic-05-V47:"
        ]
      }
    },
    {
      "type": "Feature",
      "geometry": {
        "type": "Point",
        "coordinates": [
          144.06148717,
          -37.10668349
        ]
      },
      "properties": {
        "average_wait_time": 327.70001220703125,
        "color": "#e74c3c",
        "connectivity_score": 16.571428298950195,
        "coverage_score": 20.0,
        "frequency_score": 15.0,
        "id": "5-17142",
        "mode_id": 5,
        "mode_name": "Regional Coach",
        "name": "Panmure St/Pyrenees Hwy",
        "nearby_stops": [
          {
            "distance": 26.42672157457807,
            "id": "5-17143",
            "mode_name": "Regional Coach",
            "name": "Panmure St/Pyrenees Hwy"
          }
        ],
        "reliability_score": 14.285715103149414,
        "route_ids": [
          "aus:vic:vic-05-V27:",
          "aus:vic:vic-05-V32:"
        ]
      }
    },
    {
      "type": "Feature",
      "geometry": {
        "type": "Point",
        "coordinates": [
          143.9310688,
          -37.07944423
        ]
      },
      "properties": {
        "average_wait_time": 341.75,
        "color": "#e74c3c",
        "connectivity_score": 11.271429061889648,
        "coverage_score": 10.0,
        "frequency_score": 10.5,
        "id": "5-17141",
        "mode_id": 5,
        "mode_name": "Regional Coach",
        "name": "Locks Lane/Pyrenees Hwy",
        "nearby_stops": [
          {
            "distance": 16.665658141464114,
            "id": "5-17140",
            "mode_name": "Regional Coach",
            "name": "Locks Lane/Pyrenees Hwy"
          }
        ],
        "reliability_score": 14.285715103149414,
        "route_ids": [
          "aus:vic:vic-05-V27:"
        ]
      }
    },
    {
      "type": "Feature",
      "geometry": {
        "type": "Point",
        "coordinates": [
          147.73609542,
          -35.27748355
        ]
      },
      "properties": {
        "average_wait_time": 624.4000244140625,
        "color": "#e74c3c",
        "connectivity_score": 9.471428871154785,
        "coverage_score": 10.0,
        "frequency_score": 6.0,
        "id": "5-20823",
        "mode_id": 5,
        "mode_name": "Regional Coach",
        "name": "Caltex Service Station/Sydney St",
        "nearby_stops": [
          {
            "distance": 183.50517086799033,
            "id": "5-48733",
            "mode_name": "Regional Coach",
            "name": "Paddy Osborne Park/Sydney St"
          }
        ],
        "reliability_score": 14.285715103149414,
        "route_ids": [
          "aus:vic:vic-05-V14:"
        ]
      }
    },
    {
      "type": "Feature",
      "geometry": {
        "type": "Point",
        "coordinates": [
          145.53794141,
          -38.39810509
        ]
      },
      "properties": {
        "average_wait_time": 410.86669921875,
        "color": "#e74c3c",
        "connectivity_score": 11.271429061889648,
        "coverage_score": 10.0,
        "frequency_score": 10.5,
        "id": "5-44164",
        "mode_id": 5,
        "mode_name": "Regional Coach",
        "name": "Deep Creek St/Bass Hwy",
        "nearby_stops": [
          {
            "distance": 69.42929984143035,
            "id": "5-38017",
            "mode_name": "Regional Coach",
            "name": "Deep Creek St/Bass Hwy"
          }
        ],
        "reliability_score": 14.285715103149414,
        "route_ids": [
          "aus:vic:vic-05-V15:"
        ]
      }
    },
    {
      "type": "Feature",
      "geometry": {
        "type": "Point",
        "coordinates": [
          146.00201932,
          -38.18627015
        ]
      },
      "properties": {
        "average_wait_time": 999.0000610351562,
        "color": "#e74c3c",
        "connectivity_score": 7.0714287757873535,
        "coverage_score": 10.0,
        "frequency_score": 0.0,
        "id": "5-16091",
        "mode_id": 5,
        "mode_name": "Regional Coach",
        "name": "Princes Fwy",
        "nearby_stops": [],
        "reliability_score": 14.285715103149414,
        "route_ids": [
          "aus:vic:vic-05-TRN:"
        ]
      }
    },
    {
      "type": "Feature",
      "geometry": {
        "type": "Point",
        "coordinates": [
          142.40769462,
          -35.99533033
        ]
      },
      "properties": {
        "average_wait_time": 999.0000610351562,
        "color": "#e74c3c",
        "connectivity_score": 7.0714287757873535,
        "coverage_score": 10.0,
        "frequency_score": 0.0,
        "id": "5-17819",
        "mode_id": 5,
        "mode_name": "Regional Coach",
        "name": "Galaquil West Rd/Henty Hwy",
        "nearby_stops": [
          {
            "distance": 39.27639630237463,
            "id": "5-17820",
            "mode_name": "Regional Coach",
            "name": "Galaquil West Rd/Henty Hwy"
          }
        ],
        "reliability_score": 14.285715103149414,
        "route_ids": [
          "aus:vic:vic-05-V38:"
        ]
      }
    },
    {
      "type": "Feature",
      "geometry": {
        "type": "Point",
        "coordinates": [
          142.36250943,
          -38.29165772
        ]
      },
      "properties": {
        "average_wait_time": 304.2500305175781,
        "color": "#e74c3c",
        "connectivity_score": 33.97142791748047,
        "coverage_score": 20.0,
        "frequency_score": 58.5,
        "id": "5-17737",
        "mode_id": 5,
        "mode_name": "Regional Coach",
        "name": "Spring St/Commercial Rd",
        "nearby_stops": [
          {
            "distance": 36.089175331103576,
            "id": "5-45962",
            "mode_name": "Regional Coach",
            "name": "Village Green/North Rd"
          },
          {
            "distance": 48.957009048344204,
            "id": "5-45961",
            "mode_name": "Regional Coach",
            "name": "Village Green/North Rd"
          }
        ],
        "reliability_score": 14.285715103149414,
        "route_ids": [
          "aus:vic:vic-05-V30:"
        ]
      }
    },
    {
      "type": "Feature",
      "geometry": {
        "type": "Point",
        "coordinates": [
          142.57925681,
          -35.60788094
        ]
      },
      "properties": {
        "average_wait_time": 999.0000610351562,
        "color": "#e74c3c",
        "connectivity_score": 10.571428298950195,
        "coverage_score": 20.0,
        "frequency_score": 0.0,
        "id": "5-17983",
        "mode_id": 5,
        "mode_name": "Regional Coach",
        "name": "Boree St/Sunraysia Hwy",
        "nearby_stops": [
          {
            "distance": 5.473850628230999,
            "id": "5-17984",
            "mode_name": "Regional Coach",
            "name": "Boree St/Sunraysia Hwy"
          }
        ],
        "reliability_score": 14.285715103149414,
        "route_ids": [
          "aus:vic:vic-05-V34:",
          "aus:vic:vic-05-V38:"
        ]
      }
    },
    {
      "type": "Feature",
      "geometry": {
        "type": "Point",
        "coordinates": [
          145.28240193,
          -38.10143813
        ]
      },
      "properties": {
        "average_wait_time": 346.510009765625,
        "color": "#e74c3c",
        "connectivity_score": 11.271429061889648,
        "coverage_score": 10.0,
        "frequency_score": 10.5,
        "id": "5-17265",
        "mode_id": 5,
        "mode_name": "Regional Coach",
        "name": "Station St/High St",
        "nearby_stops": [
          {
            "distance": 40.48005566273132,
            "id": "5-16834",
            "mode_name": "Regional Coach",
            "name": "Station St/High St"
          }
        ],
        "reliability_score": 14.285715103149414,
        "route_ids": [
          "aus:vic:vic-05-V15:"
        ]
      }
    },
    {
      "type": "Feature",
      "geometry": {
        "type": "Point",
        "coordinates": [
          147.31417089,
          -35.72359238
        ]
      },
      "properties": {
        "average_wait_time": 604.4000244140625,
        "color": "#e74c3c",
        "connectivity_score": 16.671428680419922,
        "coverage_score": 10.0,
        "frequency_score": 24.0,
        "id": "5-48732",
        "mode_id": 5,
        "mode_name": "Regional Coach",
        "name": "Hume St/Albury St",
        "nearby_stops": [
          {
            "distance": 25.774376803071366,
            "id": "5-20822",
            "mode_name": "Regional Coach",
            "name": "Westpac Bank/Albury St"
          }
        ],
        "reliability_score": 14.285715103149414,
        "route_ids": [
          "aus:vic:vic-05-V14:"
        ]
      }
    },
    {
      "type": "Feature",
      "geometry": {
        "type": "Point",
        "coordinates": [
          143.92156438,
          -37.37138347
        ]
      },
      "properties": {
        "average_wait_time": 636.800048828125,
        "color": "#e74c3c",
        "connectivity_score": 9.471428871154785,
        "coverage_score": 10.0,
        "frequency_score": 6.0,
        "id": "5-42022",
        "mode_id": 5,
        "mode_name": "Regional Coach",
        "name": "Creswick-Newstead Rd",
        "nearby_stops": [
          {
            "distance": 51.09222377338678,
            "id": "5-20880",
            "mode_name": "Regional Coach",
            "name": "Creswick-Newstead Rd"
          }
        ],
        "reliability_score": 14.285715103149414,
        "route_ids": [
          "aus:vic:vic-05-V32:"
        ]
      }
    },
    {
      "type": "Feature",
      "geometry": {
        "type": "Point",
        "coordinates": [
          142.31875431,
          -35.06938737
        ]
      },
      "properties": {
        "average_wait_time": 643.9000244140625,
        "color": "#e74c3c",
        "connectivity_score": 16.47142791748047,
        "coverage_score": 30.0,
        "frequency_score": 6.0,
        "id": "5-17840",
        "mode_id": 5,
        "mode_name": "Regional Coach",
        "name": "Caltex Station/Calder Hwy",
        "nearby_stops": [
          {
            "distance": 39.1335731654585,
            "id": "5-17841",
            "mode_name": "Regional Coach",
            "name": "Caltex Station/Calder Hwy"
          },
          {
            "distance": 417.6650943067656,
            "id": "5-41477",
            "mode_name": "Regional Coach",
            "name": "Ouyen Community Park/Oke St"
          }
        ],
        "reliability_score": 14.285715103149414,
        "route_ids": [
          "aus:vic:vic-05-V34:"
        ]
      }
    },
    {
      "type": "Feature",
      "geometry": {
        "type": "Point",
        "coordinates": [
          143.3753287,
          -35.67077283
        ]
      },
      "properties": {
        "average_wait_time": 999.0000610351562,
        "color": "#e74c3c",
        "connectivity_score": 7.0714287757873535,
        "coverage_score": 10.0,
        "frequency_score": 0.0,
        "id": "5-16266",
        "mode_id": 5,
        "mode_name": "Regional Coach",
        "name": "McGregor's Garage/Donald - Swan Hill Rd",
        "nearby_stops": [],
        "reliability_score": 14.285715103149414,
        "route_ids": [
          "aus:vic:vic-05-SWL:"
        ]
      }
    },
    {
      "type": "Feature",
      "geometry": {
        "type": "Point",
        "coordinates": [
          145.71066844,
          -36.97759824
        ]
      },
      "properties": {
        "average_wait_time": 653.9000244140625,
        "color": "#e74c3c",
        "connectivity_score": 9.471428871154785,
        "coverage_score": 10.0,
        "frequency_score": 6.0,
        "id": "5-18677",
        "mode_id": 5,
        "mode_name": "Regional Coach",
        "name": "Euroa-Mansfield Rd/Maroondah Hwy",
        "nearby_stops": [
          {
            "distance": 35.682339294120716,
            "id": "5-18676",
            "mode_name": "Regional Coach",
            "name": "Euroa - Mansfield Rd/Maroondah Hwy"
          }
        ],
        "reliability_score": 14.285715103149414,
        "route_ids": [
          "aus:vic:vic-05-V28:"
        ]
      }
    },
    {
      "type": "Feature",
      "geometry": {
        "type": "Point",
        "coordinates": [
          143.67234498,
          -37.49003443
        ]
      },
      "properties": {
        "average_wait_time": 779.8500366210938,
        "color": "#e74c3c",
        "connectivity_score": 8.871429443359375,
        "coverage_score": 10.0,
        "frequency_score": 4.5,
        "id": "5-36255",
        "mode_id": 5,
        "mode_name": "Regional Coach",
        "name": "Lake Burrumbeet Caravan Park/Remembrance Dr",
        "nearby_stops": [
          {
            "distance": 52.550063840557726,
            "id": "5-49362",
            "mode_name": "Regional Coach",
            "name": "Lake Burrumbeet Caravan Pk/Rememberance Dr "
          }
        ],
        "reliability_score": 14.285715103149414,
        "route_ids": [
          "aus:vic:vic-05-V37:"
        ]
      }
    },
    {
      "type": "Feature",
      "geometry": {
        "type": "Point",
        "coordinates": [
          142.82742848,
          -38.58486519
        ]
      },
      "properties": {
        "average_wait_time": 999.0000610351562,
        "color": "#e74c3c",
        "connectivity_score": 7.0714287757873535,
        "coverage_score": 10.0,
        "frequency_score": 0.0,
        "id": "5-17731",
        "mode_id": 5,
        "mode_name": "Regional Coach",
        "name": "Bay  of Islands",
        "nearby_stops": [],
        "reliability_score": 14.285715103149414,
        "route_ids": [
          "aus:vic:vic-05-V50:"
        ]
      }
    },
    {
      "type": "Feature",
      "geometry": {
        "type": "Point",
        "coordinates": [
          141.64912222,
          -36.33391706
        ]
      },
      "properties": {
        "average_wait_time": 620.4000244140625,
        "color": "#e74c3c",
        "connectivity_score": 12.971427917480469,
        "coverage_score": 20.0,
        "frequency_score": 6.0,
        "id": "5-17835",
        "mode_id": 5,
        "mode_name": "Regional Coach",
        "name": "Information Centre/Western Hwy",
        "nearby_stops": [
          {
            "distance": 48.67615582799219,
            "id": "5-17834",
            "mode_name": "Regional Coach",
            "name": "Information Centre/Western Hwy"
          }
        ],
        "reliability_score": 14.285715103149414,
        "route_ids": [
          "aus:vic:vic-05-V03:"
        ]
      }
    },
    {
      "type": "Feature",
      "geometry": {
        "type": "Point",
        "coordinates": [
          141.69355916,
          -37.59836391
        ]
      },
      "properties": {
        "average_wait_time": 654.300048828125,
        "color": "#e74c3c",
        "connectivity_score": 12.971427917480469,
        "coverage_score": 20.0,
        "frequency_score": 6.0,
        "id": "5-17752",
        "mode_id": 5,
        "mode_name": "Regional Coach",
        "name": "Whyte St/Henty St",
        "nearby_stops": [],
        "reliability_score": 14.285715103149414,
        "route_ids": [
          "aus:vic:vic-05-V29:",
          "aus:vic:vic-05-V16:"
        ]
      }
    },
    {
      "type": "Feature",
      "geometry": {
        "type": "Point",
        "coordinates": [
          145.23928893,
          -38.48151577
        ]
      },
      "properties": {
        "average_wait_time": 409.9000244140625,
        "color": "#e74c3c",
        "connectivity_score": 11.271429061889648,
        "coverage_score": 10.0,
        "frequency_score": 10.5,
        "id": "5-37992",
        "mode_id": 5,
        "mode_name": "Regional Coach",
        "name": "Ventnor Beach Rd/Gap Rd",
        "nearby_stops": [
          {
            "distance": 20.846902406714683,
            "id": "5-37991",
            "mode_name": "Regional Coach",
            "name": "Ventnor Beach Rd/Gap Rd"
          }
        ],
        "reliability_score": 14.285715103149414,
        "route_ids": [
          "aus:vic:vic-05-V15:"
        ]
      }
    },
    {
      "type": "Feature",
      "geometry": {
        "type": "Point",
        "coordinates": [
          143.88864776,
          -37.44440575
        ]
      },
      "properties": {
        "average_wait_time": 641.800048828125,
        "color": "#e74c3c",
        "connectivity_score": 9.471428871154785,
        "coverage_score": 10.0,
        "frequency_score": 6.0,
        "id": "5-35277",
        "mode_id": 5,
        "mode_name": "Regional Coach",
        "name": "Lakeside Dr/Midland Hwy",
        "nearby_stops": [
          {
            "distance": 24.284237326665814,
            "id": "5-35252",
            "mode_name": "Regional Coach",
            "name": "Lakeside Dr/Midland Hwy"
          }
        ],
        "reliability_score": 14.285715103149414,
        "route_ids": [
          "aus:vic:vic-05-V32:"
        ]
      }
    },
    {
      "type": "Feature",
      "geometry": {
        "type": "Point",
        "coordinates": [
          141.794298,
          -36.36301082
        ]
      },
      "properties": {
        "average_wait_time": 999.0000610351562,
        "color": "#e74c3c",
        "connectivity_score": 7.0714287757873535,
        "coverage_score": 10.0,
        "frequency_score": 0.0,
        "id": "5-17832",
        "mode_id": 5,
        "mode_name": "Regional Coach",
        "name": "Hotel/Western Hwy",
        "nearby_stops": [
          {
            "distance": 20.982990599176425,
            "id": "5-17833",
            "mode_name": "Regional Coach",
            "name": "Western Hwy"
          }
        ],
        "reliability_score": 14.285715103149414,
        "route_ids": [
          "aus:vic:vic-05-V37:"
        ]
      }
    },
    {
      "type": "Feature",
      "geometry": {
        "type": "Point",
        "coordinates": [
          143.37712514,
          -35.18548445
        ]
      },
      "properties": {
        "average_wait_time": 613.6000366210938,
        "color": "#e74c3c",
        "connectivity_score": 16.47142791748047,
        "coverage_score": 30.0,
        "frequency_score": 6.0,
        "id": "5-41396",
        "mode_id": 5,
        "mode_name": "Regional Coach",
        "name": "Two Bays Roadhouse/Murray Valley Hwy",
        "nearby_stops": [],
        "reliability_score": 14.285715103149414,
        "route_ids": [
          "aus:vic:vic-05-V35:",
          "aus:vic:vic-05-V31:",
          "aus:vic:vic-05-V47:"
        ]
      }
    },
    {
      "type": "Feature",
      "geometry": {
        "type": "Point",
        "coordinates": [
          144.98085811,
          -36.39707478
        ]
      },
      "properties": {
        "average_wait_time": 999.0000610351562,
        "color": "#e74c3c",
        "connectivity_score": 7.0714287757873535,
        "coverage_score": 10.0,
        "frequency_score": 0.0,
        "id": "5-15137",
        "mode_id": 5,
        "mode_name": "Regional Coach",
        "name": "Milk Bar/Station St",
        "nearby_stops": [],
        "reliability_score": 14.285715103149414,
        "route_ids": [
          "aus:vic:vic-05-V07:"
        ]
      }
    },
    {
      "type": "Feature",
      "geometry": {
        "type": "Point",
        "coordinates": [
          145.58293695,
          -38.58988209
        ]
      },
      "properties": {
        "average_wait_time": 410.8666687011719,
        "color": "#e74c3c",
        "connectivity_score": 11.271429061889648,
        "coverage_score": 10.0,
        "frequency_score": 10.5,
        "id": "5-37977",
        "mode_id": 5,
        "mode_name": "Regional Coach",
        "name": "Wonthaggi Community Garden/Bass Hwy",
        "nearby_stops": [
          {
            "distance": 26.001139198084687,
            "id": "5-37978",
            "mode_name": "Regional Coach",
            "name": "South Dudley Rd/Bass Hwy"
          }
        ],
        "reliability_score": 14.285715103149414,
        "route_ids": [
          "aus:vic:vic-05-V15:"
        ]
      }
    },
    {
      "type": "Feature",
      "geometry": {
        "type": "Point",
        "coordinates": [
          145.87864456,
          -35.99538572
        ]
      },
      "properties": {
        "average_wait_time": 999.0000610351562,
        "color": "#e74c3c",
        "connectivity_score": 7.0714287757873535,
        "coverage_score": 10.0,
        "frequency_score": 0.0,
        "id": "5-41397",
        "mode_id": 5,
        "mode_name": "Regional Coach",
        "name": "Tungamah Rd/Murray Valley Hwy",
        "nearby_stops": [],
        "reliability_score": 14.285715103149414,
        "route_ids": [
          "aus:vic:vic-05-V31:"
        ]
      }
    },
    {
      "type": "Feature",
      "geometry": {
        "type": "Point",
        "coordinates": [
          142.40786772,
          -35.99502172
        ]
      },
      "properties": {
        "average_wait_time": 999.0000610351562,
        "color": "#e74c3c",
        "connectivity_score": 7.0714287757873535,
        "coverage_score": 10.0,
        "frequency_score": 0.0,
        "id": "5-17820",
        "mode_id": 5,
        "mode_name": "Regional Coach",
        "name": "Galaquil West Rd/Henty Hwy",
        "nearby_stops": [
          {
            "distance": 39.27639630237463,
            "id": "5-17819",
            "mode_name": "Regional Coach",
            "name": "Galaquil West Rd/Henty Hwy"
          }
        ],
        "reliability_score": 14.285715103149414,
        "route_ids": [
          "aus:vic:vic-05-V38:"
        ]
      }
    },
    {
      "type": "Feature",
      "geometry": {
        "type": "Point",
        "coordinates": [
          142.51919478,
          -37.14038799
        ]
      },
      "properties": {
        "average_wait_time": 322.1000061035156,
        "color": "#e74c3c",
        "connectivity_score": 18.4714298248291,
        "coverage_score": 10.0,
        "frequency_score": 28.5,
        "id": "5-30992",
        "mode_id": 5,
        "mode_name": "Regional Coach",
        "name": "Information Centre/Grampians Rd",
        "nearby_stops": [
          {
            "distance": 35.4582998562506,
            "id": "5-17806",
            "mode_name": "Regional Coach",
            "name": "Information Centre/Grampians Rd"
          }
        ],
        "reliability_score": 14.285715103149414,
        "route_ids": [
          "aus:vic:vic-05-V24:"
        ]
      }
    },
    {
      "type": "Feature",
      "geometry": {
        "type": "Point",
        "coordinates": [
          143.78714184,
          -37.29429099
        ]
      },
      "properties": {
        "average_wait_time": 999.0000610351562,
        "color": "#e74c3c",
        "connectivity_score": 7.0714287757873535,
        "coverage_score": 10.0,
        "frequency_score": 0.0,
        "id": "5-18005",
        "mode_id": 5,
        "mode_name": "Regional Coach",
        "name": "Butcher Shop/Service St",
        "nearby_stops": [
          {
            "distance": 23.138471845415257,
            "id": "5-18004",
            "mode_name": "Regional Coach",
            "name": "Butcher Shop/Service St"
          }
        ],
        "reliability_score": 14.285715103149414,
        "route_ids": [
          "aus:vic:vic-05-V34:"
        ]
      }
    },
    {
      "type": "Feature",
      "geometry": {
        "type": "Point",
        "coordinates": [
          141.2408399,
          -36.37883167
        ]
      },
      "properties": {
        "average_wait_time": 632.4000244140625,
        "color": "#e74c3c",
        "connectivity_score": 9.471428871154785,
        "coverage_score": 10.0,
        "frequency_score": 6.0,
        "id": "5-17837",
        "mode_id": 5,
        "mode_name": "Regional Coach",
        "name": "Kaniva Community Roadhouse/Western Hwy",
        "nearby_stops": [
          {
            "distance": 28.1182532350722,
            "id": "5-17836",
            "mode_name": "Regional Coach",
            "name": "Kaniva Community Roadhouse/Western Hwy"
          }
        ],
        "reliability_score": 14.285715103149414,
        "route_ids": [
          "aus:vic:vic-05-V03:"
        ]
      }
    },
    {
      "type": "Feature",
      "geometry": {
        "type": "Point",
        "coordinates": [
          144.33929936,
          -38.20295916
        ]
      },
      "properties": {
        "average_wait_time": 354.1700134277344,
        "color": "#e74c3c",
        "connectivity_score": 31.457143783569336,
        "coverage_score": 20.0,
        "frequency_score": 16.5,
        "id": "5-51750",
        "mode_id": 5,
        "mode_name": "Regional Coach",
        "name": "Jennifer Ct/Pioneer Rd",
        "nearby_stops": [
          {
            "distance": 234.29085317455295,
            "id": "5-30848",
            "mode_name": "Regional Coach",
            "name": "Reserve Rd/Torquay Rd"
          }
        ],
        "reliability_score": 71.42857360839844,
        "route_ids": [
          "aus:vic:vic-05-GVL:",
          "aus:vic:vic-05-V50:"
        ]
      }
    },
    {
      "type": "Feature",
      "geometry": {
        "type": "Point",
        "coordinates": [
          142.53859337,
          -37.12867383
        ]
      },
      "properties": {
        "average_wait_time": 638.2000122070312,
        "color": "#e74c3c",
        "connectivity_score": 9.471428871154785,
        "coverage_score": 10.0,
        "frequency_score": 6.0,
        "id": "5-51742",
        "mode_id": 5,
        "mode_name": "Regional Coach",
        "name": "Grampians Gardens Caravan Park/Grampians Rd",
        "nearby_stops": [
          {
            "distance": 39.23545752391181,
            "id": "5-51741",
            "mode_name": "Regional Coach",
            "name": "Grampians Gardens Caravan Park/Grampians Rd"
          }
        ],
        "reliability_score": 14.285715103149414,
        "route_ids": [
          "aus:vic:vic-05-V24:"
        ]
      }
    },
    {
      "type": "Feature",
      "geometry": {
        "type": "Point",
        "coordinates": [
          144.4369815,
          -37.68747435
        ]
      },
      "properties": {
        "average_wait_time": 999.0000610351562,
        "color": "#e74c3c",
        "connectivity_score": 7.0714287757873535,
        "coverage_score": 10.0,
        "frequency_score": 0.0,
        "id": "5-20912",
        "mode_id": 5,
        "mode_name": "Regional Coach",
        "name": "Bacchus Marsh Station ",
        "nearby_stops": [],
        "reliability_score": 14.285715103149414,
        "route_ids": [
          "aus:vic:vic-05-BAT:"
        ]
      }
    },
    {
      "type": "Feature",
      "geometry": {
        "type": "Point",
        "coordinates": [
          143.04686094,
          -37.99666224
        ]
      },
      "properties": {
        "average_wait_time": 999.0000610351562,
        "color": "#e74c3c",
        "connectivity_score": 7.0714287757873535,
        "coverage_score": 10.0,
        "frequency_score": 0.0,
        "id": "5-48863",
        "mode_id": 5,
        "mode_name": "Regional Coach",
        "name": "Hall St/Ware St",
        "nearby_stops": [
          {
            "distance": 54.71284924486049,
            "id": "5-48862",
            "mode_name": "Regional Coach",
            "name": "Hall St/Ware St"
          }
        ],
        "reliability_score": 14.285715103149414,
        "route_ids": [
          "aus:vic:vic-05-V06:"
        ]
      }
    },
    {
      "type": "Feature",
      "geometry": {
        "type": "Point",
        "coordinates": [
          144.98305595,
          -37.29330072
        ]
      },
      "properties": {
        "average_wait_time": 999.0000610351562,
        "color": "#e74c3c",
        "connectivity_score": 7.0714287757873535,
        "coverage_score": 10.0,
        "frequency_score": 0.0,
        "id": "5-52548",
        "mode_id": 5,
        "mode_name": "Regional Coach",
        "name": "Kilmore East Station/O'Gradys Rd ",
        "nearby_stops": [],
        "reliability_score": 14.285715103149414,
        "route_ids": [
          "aus:vic:vic-05-SER:"
        ]
      }
    },
    {
      "type": "Feature",
      "geometry": {
        "type": "Point",
        "coordinates": [
          145.13212045,
          -36.31521144
        ]
      },
      "properties": {
        "average_wait_time": 650.933349609375,
        "color": "#e74c3c",
        "connectivity_score": 9.471428871154785,
        "coverage_score": 10.0,
        "frequency_score": 6.0,
        "id": "5-39021",
        "mode_id": 5,
        "mode_name": "Regional Coach",
        "name": "Lancaster-Mooroopna Rd/Byrneside-Kyabram Rd",
        "nearby_stops": [
          {
            "distance": 51.345151889540034,
            "id": "5-39020",
            "mode_name": "Regional Coach",
            "name": "Lancaster-Mooroopna Rd/Byrneside-Kyabram Rd"
          }
        ],
        "reliability_score": 14.285715103149414,
        "route_ids": [
          "aus:vic:vic-05-EC2:"
        ]
      }
    },
    {
      "type": "Feature",
      "geometry": {
        "type": "Point",
        "coordinates": [
          149.12856264,
          -35.27741115
        ]
      },
      "properties": {
        "average_wait_time": 999.0000610351562,
        "color": "#e74c3c",
        "connectivity_score": 7.0714287757873535,
        "coverage_score": 10.0,
        "frequency_score": 0.0,
        "id": "5-20827",
        "mode_id": 5,
        "mode_name": "Regional Coach",
        "name": "Jolimont Centre/Northbourne Ave",
        "nearby_stops": [],
        "reliability_score": 14.285715103149414,
        "route_ids": [
          "aus:vic:vic-05-V14:"
        ]
      }
    },
    {
      "type": "Feature",
      "geometry": {
        "type": "Point",
        "coordinates": [
          139.94940224,
          -35.36510917
        ]
      },
      "properties": {
        "average_wait_time": 658.6000366210938,
        "color": "#e74c3c",
        "connectivity_score": 9.471428871154785,
        "coverage_score": 10.0,
        "frequency_score": 6.0,
        "id": "5-20840",
        "mode_id": 5,
        "mode_name": "Regional Coach",
        "name": "Peake Hotel/Mallee Hwy",
        "nearby_stops": [],
        "reliability_score": 14.285715103149414,
        "route_ids": [
          "aus:vic:vic-05-V47:"
        ]
      }
    },
    {
      "type": "Feature",
      "geometry": {
        "type": "Point",
        "coordinates": [
          142.52871691,
          -37.15671723
        ]
      },
      "properties": {
        "average_wait_time": 310.70001220703125,
        "color": "#e74c3c",
        "connectivity_score": 22.071428298950195,
        "coverage_score": 10.0,
        "frequency_score": 37.5,
        "id": "5-51745",
        "mode_id": 5,
        "mode_name": "Regional Coach",
        "name": "Brambuk the National Park and Cultural Centre/Grampians Rd",
        "nearby_stops": [
          {
            "distance": 17.459476086688078,
            "id": "5-51744",
            "mode_name": "Regional Coach",
            "name": "Brambuk the National Park and Cultural Centre/Grampians Rd"
          }
        ],
        "reliability_score": 14.285715103149414,
        "route_ids": [
          "aus:vic:vic-05-V24:"
        ]
      }
    },
    {
      "type": "Feature",
      "geometry": {
        "type": "Point",
        "coordinates": [
          146.5384242,
          -38.19442587
        ]
      },
      "properties": {
        "average_wait_time": 320.88909912109375,
        "color": "#e74c3c",
        "connectivity_score": 24.171428680419922,
        "coverage_score": 40.0,
        "frequency_score": 16.5,
        "id": "5-16297",
        "mode_id": 5,
        "mode_name": "Regional Coach",
        "name": "Traralgon Plaza SC/Franklin St",
        "nearby_stops": [
          {
            "distance": 433.34304741325485,
            "id": "5-16295",
            "mode_name": "Regional Coach",
            "name": "Traralgon Station/Princes St "
          }
        ],
        "reliability_score": 14.285715103149414,
        "route_ids": [
          "aus:vic:vic-05-BDE:",
          "aus:vic:vic-05-V43:",
          "aus:vic:vic-05-TRN:"
        ]
      }
    },
    {
      "type": "Feature",
      "geometry": {
        "type": "Point",
        "coordinates": [
          145.13744507,
          -37.0252921
        ]
      },
      "properties": {
        "average_wait_time": 335.3055725097656,
        "color": "#e74c3c",
        "connectivity_score": 25.27142906188965,
        "coverage_score": 50.0,
        "frequency_score": 10.5,
        "id": "5-17191",
        "mode_id": 5,
        "mode_name": "Regional Coach",
        "name": "Seymour Station/Railway Pl ",
        "nearby_stops": [],
        "reliability_score": 14.285715103149414,
        "route_ids": [
          "aus:vic:vic-05-SER:",
          "aus:vic:vic-05-V41:",
          "aus:vic:vic-05-EC2:",
          "aus:vic:vic-05-ABY:",
          "aus:vic:vic-05-als:"
        ]
      }
    },
    {
      "type": "Feature",
      "geometry": {
        "type": "Point",
        "coordinates": [
          144.06800304,
          -36.99597244
        ]
      },
      "properties": {
        "average_wait_time": 620.800048828125,
        "color": "#e74c3c",
        "connectivity_score": 9.471428871154785,
        "coverage_score": 10.0,
        "frequency_score": 6.0,
        "id": "5-20884",
        "mode_id": 5,
        "mode_name": "Regional Coach",
        "name": "Maldon Post Office/High St",
        "nearby_stops": [
          {
            "distance": 21.31969221123609,
            "id": "5-48748",
            "mode_name": "Regional Coach",
            "name": "Francis St/High St"
          }
        ],
        "reliability_score": 14.285715103149414,
        "route_ids": [
          "aus:vic:vic-05-V32:"
        ]
      }
    },
    {
      "type": "Feature",
      "geometry": {
        "type": "Point",
        "coordinates": [
          146.43171728,
          -36.44947749
        ]
      },
      "properties": {
        "average_wait_time": 999.0000610351562,
        "color": "#e74c3c",
        "connectivity_score": 7.0714287757873535,
        "coverage_score": 10.0,
        "frequency_score": 0.0,
        "id": "5-39133",
        "mode_id": 5,
        "mode_name": "Regional Coach",
        "name": "Milawa-Bobinawarrah Rd/Snow Rd",
        "nearby_stops": [
          {
            "distance": 36.80179359952339,
            "id": "5-39134",
            "mode_name": "Regional Coach",
            "name": "Milawa-Bobinawarrah Rd/Snow Rd"
          }
        ],
        "reliability_score": 14.285715103149414,
        "route_ids": [
          "aus:vic:vic-05-mtb:"
        ]
      }
    },
    {
      "type": "Feature",
      "geometry": {
        "type": "Point",
        "coordinates": [
          145.61707799,
          -37.10118546
        ]
      },
      "properties": {
        "average_wait_time": 653.9000244140625,
        "color": "#e74c3c",
        "connectivity_score": 9.471428871154785,
        "coverage_score": 10.0,
        "frequency_score": 6.0,
        "id": "5-18674",
        "mode_id": 5,
        "mode_name": "Regional Coach",
        "name": "Wrights St/Maroondah Hwy",
        "nearby_stops": [
          {
            "distance": 28.375869875282643,
            "id": "5-18675",
            "mode_name": "Regional Coach",
            "name": "Wrights St/Maroondah Hwy"
          }
        ],
        "reliability_score": 14.285715103149414,
        "route_ids": [
          "aus:vic:vic-05-V28:"
        ]
      }
    },
    {
      "type": "Feature",
      "geometry": {
        "type": "Point",
        "coordinates": [
          144.30649305,
          -38.33873228
        ]
      },
      "properties": {
        "average_wait_time": 351.52001953125,
        "color": "#e74c3c",
        "connectivity_score": 31.457143783569336,
        "coverage_score": 20.0,
        "frequency_score": 16.5,
        "id": "5-30952",
        "mode_id": 5,
        "mode_name": "Regional Coach",
        "name": "Ocean View Cres/Great Ocean Rd",
        "nearby_stops": [
          {
            "distance": 66.88393765490746,
            "id": "5-17689",
            "mode_name": "Regional Coach",
            "name": "Ocean View Cres/Great Ocean Rd"
          }
        ],
        "reliability_score": 71.42857360839844,
        "route_ids": [
          "aus:vic:vic-05-V50:",
          "aus:vic:vic-05-GVL:"
        ]
      }
    },
    {
      "type": "Feature",
      "geometry": {
        "type": "Point",
        "coordinates": [
          144.08554253,
          -38.46797662
        ]
      },
      "properties": {
        "average_wait_time": 339.0625,
        "color": "#e74c3c",
        "connectivity_score": 29.057144165039062,
        "coverage_score": 20.0,
        "frequency_score": 10.5,
        "id": "5-17706",
        "mode_id": 5,
        "mode_name": "Regional Coach",
        "name": "Yarringa Rd/Great Ocean Rd",
        "nearby_stops": [
          {
            "distance": 60.85856455502567,
            "id": "5-17705",
            "mode_name": "Regional Coach",
            "name": "Yarringa Rd/Great Ocean Rd"
          }
        ],
        "reliability_score": 71.42857360839844,
        "route_ids": [
          "aus:vic:vic-05-V50:",
          "aus:vic:vic-05-GVL:"
        ]
      }
    },
    {
      "type": "Feature",
      "geometry": {
        "type": "Point",
        "coordinates": [
          144.94151017,
          -37.80630984
        ]
      },
      "properties": {
        "average_wait_time": 999.0000610351562,
        "color": "#e74c3c",
        "connectivity_score": 7.0714287757873535,
        "coverage_score": 10.0,
        "frequency_score": 0.0,
        "id": "5-16275",
        "mode_id": 5,
        "mode_name": "Regional Coach",
        "name": "North Melbourne Station/Railway Pl ",
        "nearby_stops": [],
        "reliability_score": 14.285715103149414,
        "route_ids": [
          "aus:vic:vic-05-SER:"
        ]
      }
    },
    {
      "type": "Feature",
      "geometry": {
        "type": "Point",
        "coordinates": [
          145.13194128,
          -36.31478498
        ]
      },
      "properties": {
        "average_wait_time": 650.933349609375,
        "color": "#e74c3c",
        "connectivity_score": 9.471428871154785,
        "coverage_score": 10.0,
        "frequency_score": 6.0,
        "id": "5-39020",
        "mode_id": 5,
        "mode_name": "Regional Coach",
        "name": "Lancaster-Mooroopna Rd/Byrneside-Kyabram Rd",
        "nearby_stops": [
          {
            "distance": 51.345151889540034,
            "id": "5-39021",
            "mode_name": "Regional Coach",
            "name": "Lancaster-Mooroopna Rd/Byrneside-Kyabram Rd"
          }
        ],
        "reliability_score": 14.285715103149414,
        "route_ids": [
          "aus:vic:vic-05-EC2:"
        ]
      }
    },
    {
      "type": "Feature",
      "geometry": {
        "type": "Point",
        "coordinates": [
          142.54041234,
          -37.17729791
        ]
      },
      "properties": {
        "average_wait_time": 624.6000366210938,
        "color": "#e74c3c",
        "connectivity_score": 9.471428871154785,
        "coverage_score": 10.0,
        "frequency_score": 6.0,
        "id": "5-51747",
        "mode_id": 5,
        "mode_name": "Regional Coach",
        "name": "Lake Bellfield/Tymna Dr",
        "nearby_stops": [],
        "reliability_score": 14.285715103149414,
        "route_ids": [
          "aus:vic:vic-05-V24:"
        ]
      }
    },
    {
      "type": "Feature",
      "geometry": {
        "type": "Point",
        "coordinates": [
          149.88913731,
          -36.38691228
        ]
      },
      "properties": {
        "average_wait_time": 999.0000610351562,
        "color": "#e74c3c",
        "connectivity_score": 7.0714287757873535,
        "coverage_score": 10.0,
        "frequency_score": 0.0,
        "id": "5-20868",
        "mode_id": 5,
        "mode_name": "Regional Coach",
        "name": "Service Station/Tarlington St",
        "nearby_stops": [],
        "reliability_score": 14.285715103149414,
        "route_ids": [
          "aus:vic:vic-05-V09:"
        ]
      }
    },
    {
      "type": "Feature",
      "geometry": {
        "type": "Point",
        "coordinates": [
          145.56745752,
          -35.81180484
        ]
      },
      "properties": {
        "average_wait_time": 614.4000244140625,
        "color": "#e74c3c",
        "connectivity_score": 9.471428871154785,
        "coverage_score": 10.0,
        "frequency_score": 6.0,
        "id": "5-17566",
        "mode_id": 5,
        "mode_name": "Regional Coach",
        "name": "Deniliquin Rd/Morris St",
        "nearby_stops": [],
        "reliability_score": 14.285715103149414,
        "route_ids": [
          "aus:vic:vic-05-V41:"
        ]
      }
    },
    {
      "type": "Feature",
      "geometry": {
        "type": "Point",
        "coordinates": [
          144.35512172,
          -38.14499296
        ]
      },
      "properties": {
        "average_wait_time": 321.88812255859375,
        "color": "#f1c40f",
        "connectivity_score": 41.95714569091797,
        "coverage_score": 50.0,
        "frequency_score": 16.5,
        "id": "5-3252",
        "mode_id": 5,
        "mode_name": "Regional Coach",
        "name": "Geelong Station/Railway Tce",
        "nearby_stops": [],
        "reliability_score": 71.42857360839844,
        "route_ids": [
          "aus:vic:vic-05-V50:",
          "aus:vic:vic-05-V22:",
          "aus:vic:vic-05-WBL:",
          "aus:vic:vic-05-GVL:",
          "aus:vic:vic-05-V02:"
        ]
      }
    },
    {
      "type": "Feature",
      "geometry": {
        "type": "Point",
        "coordinates": [
          148.43191515,
          -37.73541087
        ]
      },
      "properties": {
        "average_wait_time": 622.300048828125,
        "color": "#e74c3c",
        "connectivity_score": 12.971427917480469,
        "coverage_score": 20.0,
        "frequency_score": 6.0,
        "id": "5-20862",
        "mode_id": 5,
        "mode_name": "Regional Coach",
        "name": "Warrens Rd/Princes Hwy",
        "nearby_stops": [
          {
            "distance": 36.54544829961123,
            "id": "5-46431",
            "mode_name": "Regional Coach",
            "name": "Warrens Rd/Princes Hwy"
          }
        ],
        "reliability_score": 14.285715103149414,
        "route_ids": [
          "aus:vic:vic-05-V25:",
          "aus:vic:vic-05-V09:"
        ]
      }
    },
    {
      "type": "Feature",
      "geometry": {
        "type": "Point",
        "coordinates": [
          146.00486227,
          -36.01306976
        ]
      },
      "properties": {
        "average_wait_time": 412.20001220703125,
        "color": "#e74c3c",
        "connectivity_score": 14.771429061889648,
        "coverage_score": 20.0,
        "frequency_score": 10.5,
        "id": "5-37630",
        "mode_id": 5,
        "mode_name": "Regional Coach",
        "name": "Town Hall/Orr St ",
        "nearby_stops": [],
        "reliability_score": 14.285715103149414,
        "route_ids": [
          "aus:vic:vic-05-V31:",
          "aus:vic:vic-05-V36:"
        ]
      }
    },
    {
      "type": "Feature",
      "geometry": {
        "type": "Point",
        "coordinates": [
          145.04285962,
          -37.20727014
        ]
      },
      "properties": {
        "average_wait_time": 999.0000610351562,
        "color": "#e74c3c",
        "connectivity_score": 7.0714287757873535,
        "coverage_score": 10.0,
        "frequency_score": 0.0,
        "id": "5-17226",
        "mode_id": 5,
        "mode_name": "Regional Coach",
        "name": "Broadford Station/High St ",
        "nearby_stops": [],
        "reliability_score": 14.285715103149414,
        "route_ids": [
          "aus:vic:vic-05-SER:"
        ]
      }
    },
    {
      "type": "Feature",
      "geometry": {
        "type": "Point",
        "coordinates": [
          142.36263148,
          -38.29135637
        ]
      },
      "properties": {
        "average_wait_time": 304.2500305175781,
        "color": "#e74c3c",
        "connectivity_score": 33.97142791748047,
        "coverage_score": 20.0,
        "frequency_score": 58.5,
        "id": "5-45962",
        "mode_id": 5,
        "mode_name": "Regional Coach",
        "name": "Village Green/North Rd",
        "nearby_stops": [
          {
            "distance": 18.607141762027126,
            "id": "5-45961",
            "mode_name": "Regional Coach",
            "name": "Village Green/North Rd"
          },
          {
            "distance": 36.089175331103576,
            "id": "5-17737",
            "mode_name": "Regional Coach",
            "name": "Spring St/Commercial Rd"
          }
        ],
        "reliability_score": 14.285715103149414,
        "route_ids": [
          "aus:vic:vic-05-V16:"
        ]
      }
    },
    {
      "type": "Feature",
      "geometry": {
        "type": "Point",
        "coordinates": [
          145.47577011,
          -38.54957031
        ]
      },
      "properties": {
        "average_wait_time": 410.86669921875,
        "color": "#e74c3c",
        "connectivity_score": 11.271429061889648,
        "coverage_score": 10.0,
        "frequency_score": 10.5,
        "id": "5-17385",
        "mode_id": 5,
        "mode_name": "Regional Coach",
        "name": "Peppermint Rd/Bass Hwy",
        "nearby_stops": [
          {
            "distance": 21.133689039118963,
            "id": "5-17384",
            "mode_name": "Regional Coach",
            "name": "Peppermint Rd/Bass Hwy"
          }
        ],
        "reliability_score": 14.285715103149414,
        "route_ids": [
          "aus:vic:vic-05-V15:"
        ]
      }
    },
    {
      "type": "Feature",
      "geometry": {
        "type": "Point",
        "coordinates": [
          145.16035666,
          -36.7854641
        ]
      },
      "properties": {
        "average_wait_time": 372.10003662109375,
        "color": "#e74c3c",
        "connectivity_score": 14.771429061889648,
        "coverage_score": 20.0,
        "frequency_score": 10.5,
        "id": "5-52552",
        "mode_id": 5,
        "mode_name": "Regional Coach",
        "name": "Nagambie Station/Prentice St ",
        "nearby_stops": [],
        "reliability_score": 14.285715103149414,
        "route_ids": [
          "aus:vic:vic-05-V41:",
          "aus:vic:vic-05-EC2:"
        ]
      }
    },
    {
      "type": "Feature",
      "geometry": {
        "type": "Point",
        "coordinates": [
          144.34270785,
          -38.17516753
        ]
      },
      "properties": {
        "average_wait_time": 356.0450134277344,
        "color": "#e74c3c",
        "connectivity_score": 31.457143783569336,
        "coverage_score": 20.0,
        "frequency_score": 16.5,
        "id": "5-30750",
        "mode_id": 5,
        "mode_name": "Regional Coach",
        "name": "Roslyn Rd/High St",
        "nearby_stops": [
          {
            "distance": 159.5985267878234,
            "id": "5-30819",
            "mode_name": "Regional Coach",
            "name": "Roslyn Rd/High St"
          }
        ],
        "reliability_score": 71.42857360839844,
        "route_ids": [
          "aus:vic:vic-05-V50:",
          "aus:vic:vic-05-GVL:"
        ]
      }
    },
    {
      "type": "Feature",
      "geometry": {
        "type": "Point",
        "coordinates": [
          143.89952241,
          -36.74013899
        ]
      },
      "properties": {
        "average_wait_time": 670.800048828125,
        "color": "#e74c3c",
        "connectivity_score": 9.471428871154785,
        "coverage_score": 10.0,
        "frequency_score": 6.0,
        "id": "5-42328",
        "mode_id": 5,
        "mode_name": "Regional Coach",
        "name": "Newbridge General Store/Wimmera Hwy",
        "nearby_stops": [
          {
            "distance": 10.338500730722266,
            "id": "5-42321",
            "mode_name": "Regional Coach",
            "name": "Newbridge General Store/Wimmera Hwy"
          }
        ],
        "reliability_score": 14.285715103149414,
        "route_ids": [
          "aus:vic:vic-05-V19:"
        ]
      }
    },
    {
      "type": "Feature",
      "geometry": {
        "type": "Point",
        "coordinates": [
          146.00026715,
          -34.56782338
        ]
      },
      "properties": {
        "average_wait_time": 999.0000610351562,
        "color": "#e74c3c",
        "connectivity_score": 7.0714287757873535,
        "coverage_score": 10.0,
        "frequency_score": 0.0,
        "id": "5-48741",
        "mode_id": 5,
        "mode_name": "Regional Coach",
        "name": "Stock St/Bridge Rd",
        "nearby_stops": [
          {
            "distance": 19.01788137282209,
            "id": "5-17453",
            "mode_name": "Regional Coach",
            "name": "Rivadestra Pizza & Pasta/Bridge Rd"
          }
        ],
        "reliability_score": 14.285715103149414,
        "route_ids": [
          "aus:vic:vic-05-V41:"
        ]
      }
    },
    {
      "type": "Feature",
      "geometry": {
        "type": "Point",
        "coordinates": [
          145.85370763,
          -37.02655103
        ]
      },
      "properties": {
        "average_wait_time": 653.9000244140625,
        "color": "#e74c3c",
        "connectivity_score": 9.471428871154785,
        "coverage_score": 10.0,
        "frequency_score": 6.0,
        "id": "5-18680",
        "mode_id": 5,
        "mode_name": "Regional Coach",
        "name": "Phillip St/Bon Cres",
        "nearby_stops": [
          {
            "distance": 3.2079071063602713,
            "id": "5-46510",
            "mode_name": "Regional Coach",
            "name": "Phillip St/Bon Cres"
          }
        ],
        "reliability_score": 14.285715103149414,
        "route_ids": [
          "aus:vic:vic-05-V28:"
        ]
      }
    },
    {
      "type": "Feature",
      "geometry": {
        "type": "Point",
        "coordinates": [
          144.1311965,
          -35.64357276
        ]
      },
      "properties": {
        "average_wait_time": 999.0000610351562,
        "color": "#e74c3c",
        "connectivity_score": 7.0714287757873535,
        "coverage_score": 10.0,
        "frequency_score": 0.0,
        "id": "5-15113",
        "mode_id": 5,
        "mode_name": "Regional Coach",
        "name": "Thompson St/Main St",
        "nearby_stops": [],
        "reliability_score": 14.285715103149414,
        "route_ids": [
          "aus:vic:vic-05-V10:"
        ]
      }
    },
    {
      "type": "Feature",
      "geometry": {
        "type": "Point",
        "coordinates": [
          143.97426384,
          -36.41040892
        ]
      },
      "properties": {
        "average_wait_time": 607.6000366210938,
        "color": "#e74c3c",
        "connectivity_score": 11.871429443359375,
        "coverage_score": 10.0,
        "frequency_score": 12.0,
        "id": "5-16941",
        "mode_id": 5,
        "mode_name": "Regional Coach",
        "name": "Hunter St/Loddon Valley Hwy",
        "nearby_stops": [
          {
            "distance": 40.73926265939217,
            "id": "5-16942",
            "mode_name": "Regional Coach",
            "name": "Hunter St/Loddon Valley Hwy"
          }
        ],
        "reliability_score": 14.285715103149414,
        "route_ids": [
          "aus:vic:vic-05-V35:"
        ]
      }
    },
    {
      "type": "Feature",
      "geometry": {
        "type": "Point",
        "coordinates": [
          145.23679407,
          -37.4756255
        ]
      },
      "properties": {
        "average_wait_time": 719.4000244140625,
        "color": "#e74c3c",
        "connectivity_score": 9.471428871154785,
        "coverage_score": 10.0,
        "frequency_score": 6.0,
        "id": "5-17584",
        "mode_id": 5,
        "mode_name": "Regional Coach",
        "name": "General Store/Whittlesea-Yea Rd",
        "nearby_stops": [
          {
            "distance": 20.2539632613408,
            "id": "5-46509",
            "mode_name": "Regional Coach",
            "name": "General Store/Whittlesea-Yea Rd"
          }
        ],
        "reliability_score": 14.285715103149414,
        "route_ids": [
          "aus:vic:vic-05-V28:"
        ]
      }
    },
    {
      "type": "Feature",
      "geometry": {
        "type": "Point",
        "coordinates": [
          145.9673232,
          -38.16978406
        ]
      },
      "properties": {
        "average_wait_time": 999.0000610351562,
        "color": "#e74c3c",
        "connectivity_score": 7.0714287757873535,
        "coverage_score": 10.0,
        "frequency_score": 0.0,
        "id": "5-6285",
        "mode_id": 5,
        "mode_name": "Regional Coach",
        "name": "Bloomfield Rd/Queen St",
        "nearby_stops": [],
        "reliability_score": 14.285715103149414,
        "route_ids": [
          "aus:vic:vic-05-TRN:"
        ]
      }
    },
    {
      "type": "Feature",
      "geometry": {
        "type": "Point",
        "coordinates": [
          145.39976262,
          -36.37950029
        ]
      },
      "properties": {
        "average_wait_time": 624.47998046875,
        "color": "#e74c3c",
        "connectivity_score": 16.47142791748047,
        "coverage_score": 30.0,
        "frequency_score": 6.0,
        "id": "5-15128",
        "mode_id": 5,
        "mode_name": "Regional Coach",
        "name": "Fraser St/Wyndham St",
        "nearby_stops": [
          {
            "distance": 49.97481368188182,
            "id": "5-15127",
            "mode_name": "Regional Coach",
            "name": "Fraser St/Wyndham St"
          }
        ],
        "reliability_score": 14.285715103149414,
        "route_ids": [
          "aus:vic:vic-05-V07:",
          "aus:vic:vic-05-V41:",
          "aus:vic:vic-05-EC2:"
        ]
      }
    },
    {
      "type": "Feature",
      "geometry": {
        "type": "Point",
        "coordinates": [
          143.67533409,
          -38.74167837
        ]
      },
      "properties": {
        "average_wait_time": 339.6000061035156,
        "color": "#e74c3c",
        "connectivity_score": 13.071428298950195,
        "coverage_score": 10.0,
        "frequency_score": 15.0,
        "id": "5-17719",
        "mode_id": 5,
        "mode_name": "Regional Coach",
        "name": "Pisces Holiday Park/Great Ocean Rd",
        "nearby_stops": [
          {
            "distance": 7.467221134959257,
            "id": "5-17718",
            "mode_name": "Regional Coach",
            "name": "Pisces Holiday Park/Great Ocean Rd"
          }
        ],
        "reliability_score": 14.285715103149414,
        "route_ids": [
          "aus:vic:vic-05-V50:"
        ]
      }
    },
    {
      "type": "Feature",
      "geometry": {
        "type": "Point",
        "coordinates": [
          144.95780731,
          -36.01725216
        ]
      },
      "properties": {
        "average_wait_time": 715.0,
        "color": "#e74c3c",
        "connectivity_score": 9.471428871154785,
        "coverage_score": 10.0,
        "frequency_score": 6.0,
        "id": "5-15130",
        "mode_id": 5,
        "mode_name": "Regional Coach",
        "name": "Barmah Hotel/Maloney St",
        "nearby_stops": [],
        "reliability_score": 14.285715103149414,
        "route_ids": [
          "aus:vic:vic-05-V07:"
        ]
      }
    },
    {
      "type": "Feature",
      "geometry": {
        "type": "Point",
        "coordinates": [
          141.81026609,
          -35.16985947
        ]
      },
      "properties": {
        "average_wait_time": 599.4000244140625,
        "color": "#e74c3c",
        "connectivity_score": 23.071428298950195,
        "coverage_score": 10.0,
        "frequency_score": 40.0,
        "id": "5-20849",
        "mode_id": 5,
        "mode_name": "Regional Coach",
        "name": "General Store/Mallee Hwy",
        "nearby_stops": [],
        "reliability_score": 14.285715103149414,
        "route_ids": [
          "aus:vic:vic-05-V47:"
        ]
      }
    },
    {
      "type": "Feature",
      "geometry": {
        "type": "Point",
        "coordinates": [
          144.05503919,
          -37.1125247
        ]
      },
      "properties": {
        "average_wait_time": 626.4000244140625,
        "color": "#e74c3c",
        "connectivity_score": 9.471428871154785,
        "coverage_score": 10.0,
        "frequency_score": 6.0,
        "id": "5-40745",
        "mode_id": 5,
        "mode_name": "Regional Coach",
        "name": "Railway Hotel/Creswick - Newstead Rd",
        "nearby_stops": [
          {
            "distance": 10.629020885662975,
            "id": "5-46417",
            "mode_name": "Regional Coach",
            "name": "Railway Hotel/Creswick - Newstead Rd"
          }
        ],
        "reliability_score": 14.285715103149414,
        "route_ids": [
          "aus:vic:vic-05-V32:"
        ]
      }
    },
    {
      "type": "Feature",
      "geometry": {
        "type": "Point",
        "coordinates": [
          146.72496984,
          -36.56129153
        ]
      },
      "properties": {
        "average_wait_time": 633.1500244140625,
        "color": "#e74c3c",
        "connectivity_score": 9.471428871154785,
        "coverage_score": 10.0,
        "frequency_score": 6.0,
        "id": "5-18686",
        "mode_id": 5,
        "mode_name": "Regional Coach",
        "name": "Post Office/Myrtle St",
        "nearby_stops": [
          {
            "distance": 40.935356147337124,
            "id": "5-18687",
            "mode_name": "Regional Coach",
            "name": "Post Office/Myrtle St"
          }
        ],
        "reliability_score": 14.285715103149414,
        "route_ids": [
          "aus:vic:vic-05-mtb:"
        ]
      }
    },
    {
      "type": "Feature",
      "geometry": {
        "type": "Point",
        "coordinates": [
          144.18638455,
          -38.40911475
        ]
      },
      "properties": {
        "average_wait_time": 351.375,
        "color": "#e74c3c",
        "connectivity_score": 31.457143783569336,
        "coverage_score": 20.0,
        "frequency_score": 16.5,
        "id": "5-17698",
        "mode_id": 5,
        "mode_name": "Regional Coach",
        "name": "Anglesea Motor Inn/Great Ocean Rd",
        "nearby_stops": [
          {
            "distance": 24.8474211057,
            "id": "5-17697",
            "mode_name": "Regional Coach",
            "name": "Anglesea Motor Inn/Great Ocean Rd"
          }
        ],
        "reliability_score": 71.42857360839844,
        "route_ids": [
          "aus:vic:vic-05-GVL:",
          "aus:vic:vic-05-V50:"
        ]
      }
    },
    {
      "type": "Feature",
      "geometry": {
        "type": "Point",
        "coordinates": [
          143.97603577,
          -38.54273255
        ]
      },
      "properties": {
        "average_wait_time": 340.2750244140625,
        "color": "#e74c3c",
        "connectivity_score": 29.057144165039062,
        "coverage_score": 20.0,
        "frequency_score": 10.5,
        "id": "5-45477",
        "mode_id": 5,
        "mode_name": "Regional Coach",
        "name": "Lorne Hotel/Great Ocean Rd",
        "nearby_stops": [
          {
            "distance": 78.80667008519258,
            "id": "5-45478",
            "mode_name": "Regional Coach",
            "name": "Lorne Hotel/Great Ocean Rd"
          }
        ],
        "reliability_score": 71.42857360839844,
        "route_ids": [
          "aus:vic:vic-05-V50:",
          "aus:vic:vic-05-GVL:"
        ]
      }
    },
    {
      "type": "Feature",
      "geometry": {
        "type": "Point",
        "coordinates": [
          144.32070966,
          -38.19892298
        ]
      },
      "properties": {
        "average_wait_time": 354.9000244140625,
        "color": "#e74c3c",
        "connectivity_score": 31.457143783569336,
        "coverage_score": 20.0,
        "frequency_score": 16.5,
        "id": "5-30778",
        "mode_id": 5,
        "mode_name": "Regional Coach",
        "name": "Waurn Ponds Shopping Centre/Pioneer Rd ",
        "nearby_stops": [
          {
            "distance": 134.36142162158538,
            "id": "5-30769",
            "mode_name": "Regional Coach",
            "name": "Waurn Ponds Shopping Centre/Pioneer Rd "
          }
        ],
        "reliability_score": 71.42857360839844,
        "route_ids": [
          "aus:vic:vic-05-GVL:",
          "aus:vic:vic-05-V50:"
        ]
      }
    },
    {
      "type": "Feature",
      "geometry": {
        "type": "Point",
        "coordinates": [
          143.37748047,
          -35.17551082
        ]
      },
      "properties": {
        "average_wait_time": 613.6800537109375,
        "color": "#e74c3c",
        "connectivity_score": 16.47142791748047,
        "coverage_score": 30.0,
        "frequency_score": 6.0,
        "id": "5-16962",
        "mode_id": 5,
        "mode_name": "Regional Coach",
        "name": "McAlpine Rd/Murray Valley Hwy",
        "nearby_stops": [
          {
            "distance": 62.60252661536661,
            "id": "5-16961",
            "mode_name": "Regional Coach",
            "name": "McAlpine Rd/Murray Valley Hwy"
          }
        ],
        "reliability_score": 14.285715103149414,
        "route_ids": [
          "aus:vic:vic-05-V31:",
          "aus:vic:vic-05-V47:",
          "aus:vic:vic-05-V35:"
        ]
      }
    },
    {
      "type": "Feature",
      "geometry": {
        "type": "Point",
        "coordinates": [
          145.57944397,
          -35.63997707
        ]
      },
      "properties": {
        "average_wait_time": 999.0000610351562,
        "color": "#e74c3c",
        "connectivity_score": 7.0714287757873535,
        "coverage_score": 10.0,
        "frequency_score": 0.0,
        "id": "5-17532",
        "mode_id": 5,
        "mode_name": "Regional Coach",
        "name": "Memorial Park/Wollamai St",
        "nearby_stops": [],
        "reliability_score": 14.285715103149414,
        "route_ids": [
          "aus:vic:vic-05-V41:"
        ]
      }
    },
    {
      "type": "Feature",
      "geometry": {
        "type": "Point",
        "coordinates": [
          143.68433658,
          -37.64497776
        ]
      },
      "properties": {
        "average_wait_time": 634.0,
        "color": "#e74c3c",
        "connectivity_score": 12.971427917480469,
        "coverage_score": 20.0,
        "frequency_score": 6.0,
        "id": "5-17773",
        "mode_id": 5,
        "mode_name": "Regional Coach",
        "name": "Loader St/Glenelg Hwy",
        "nearby_stops": [
          {
            "distance": 19.422499294660547,
            "id": "5-17774",
            "mode_name": "Regional Coach",
            "name": "Loader St/Glenelg Hwy"
          }
        ],
        "reliability_score": 14.285715103149414,
        "route_ids": [
          "aus:vic:vic-05-V29:",
          "aus:vic:vic-05-V06:"
        ]
      }
    },
    {
      "type": "Feature",
      "geometry": {
        "type": "Point",
        "coordinates": [
          143.46984785,
          -37.43685186
        ]
      },
      "properties": {
        "average_wait_time": 404.3166809082031,
        "color": "#e74c3c",
        "connectivity_score": 18.27142906188965,
        "coverage_score": 30.0,
        "frequency_score": 10.5,
        "id": "5-17795",
        "mode_id": 5,
        "mode_name": "Regional Coach",
        "name": "Trawalla PS/Western Hwy",
        "nearby_stops": [],
        "reliability_score": 14.285715103149414,
        "route_ids": [
          "aus:vic:vic-05-V02:",
          "aus:vic:vic-05-V38:",
          "aus:vic:vic-05-V37:"
        ]
      }
    },
    {
      "type": "Feature",
      "geometry": {
        "type": "Point",
        "coordinates": [
          145.61731245,
          -37.10128734
        ]
      },
      "properties": {
        "average_wait_time": 653.9000244140625,
        "color": "#e74c3c",
        "connectivity_score": 9.471428871154785,
        "coverage_score": 10.0,
        "frequency_score": 6.0,
        "id": "5-18675",
        "mode_id": 5,
        "mode_name": "Regional Coach",
        "name": "Wrights St/Maroondah Hwy",
        "nearby_stops": [
          {
            "distance": 28.375869875282643,
            "id": "5-18674",
            "mode_name": "Regional Coach",
            "name": "Wrights St/Maroondah Hwy"
          }
        ],
        "reliability_score": 14.285715103149414,
        "route_ids": [
          "aus:vic:vic-05-V28:"
        ]
      }
    },
    {
      "type": "Feature",
      "geometry": {
        "type": "Point",
        "coordinates": [
          146.39773465,
          -38.23684998
        ]
      },
      "properties": {
        "average_wait_time": 607.2000122070312,
        "color": "#e74c3c",
        "connectivity_score": 14.271429061889648,
        "coverage_score": 10.0,
        "frequency_score": 18.0,
        "id": "5-16287",
        "mode_id": 5,
        "mode_name": "Regional Coach",
        "name": "Morwell Station/Princes Dr ",
        "nearby_stops": [],
        "reliability_score": 14.285715103149414,
        "route_ids": [
          "aus:vic:vic-05-TRN:"
        ]
      }
    },
    {
      "type": "Feature",
      "geometry": {
        "type": "Point",
        "coordinates": [
          146.08615816,
          -37.05162694
        ]
      },
      "properties": {
        "average_wait_time": 653.9000244140625,
        "color": "#e74c3c",
        "connectivity_score": 9.471428871154785,
        "coverage_score": 10.0,
        "frequency_score": 6.0,
        "id": "5-18683",
        "mode_id": 5,
        "mode_name": "Regional Coach",
        "name": "MMBL Depot/High St",
        "nearby_stops": [],
        "reliability_score": 14.285715103149414,
        "route_ids": [
          "aus:vic:vic-05-V28:"
        ]
      }
    },
    {
      "type": "Feature",
      "geometry": {
        "type": "Point",
        "coordinates": [
          147.98236928,
          -37.88154412
        ]
      },
      "properties": {
        "average_wait_time": 342.0333557128906,
        "color": "#e74c3c",
        "connectivity_score": 17.171428680419922,
        "coverage_score": 20.0,
        "frequency_score": 16.5,
        "id": "5-16556",
        "mode_id": 5,
        "mode_name": "Regional Coach",
        "name": "Post Office/Princes Hwy",
        "nearby_stops": [
          {
            "distance": 38.72233992990692,
            "id": "5-41029",
            "mode_name": "Regional Coach",
            "name": "Post Office North/Esplanade"
          }
        ],
        "reliability_score": 14.285715103149414,
        "route_ids": [
          "aus:vic:vic-05-V09:",
          "aus:vic:vic-05-V25:"
        ]
      }
    },
    {
      "type": "Feature",
      "geometry": {
        "type": "Point",
        "coordinates": [
          147.95778313,
          -37.87000308
        ]
      },
      "properties": {
        "average_wait_time": 344.260009765625,
        "color": "#e74c3c",
        "connectivity_score": 11.271429061889648,
        "coverage_score": 10.0,
        "frequency_score": 10.5,
        "id": "5-16516",
        "mode_id": 5,
        "mode_name": "Regional Coach",
        "name": "Hunters Lane/Princes Hwy",
        "nearby_stops": [
          {
            "distance": 141.91762202061534,
            "id": "5-16390",
            "mode_name": "Regional Coach",
            "name": "Hunters Lane/Princes Hwy"
          }
        ],
        "reliability_score": 14.285715103149414,
        "route_ids": [
          "aus:vic:vic-05-V25:"
        ]
      }
    },
    {
      "type": "Feature",
      "geometry": {
        "type": "Point",
        "coordinates": [
          142.88233103,
          -35.05506955
        ]
      },
      "properties": {
        "average_wait_time": 406.9000244140625,
        "color": "#e74c3c",
        "connectivity_score": 14.771429061889648,
        "coverage_score": 20.0,
        "frequency_score": 10.5,
        "id": "5-17126",
        "mode_id": 5,
        "mode_name": "Regional Coach",
        "name": "Robinvale - Sea Lake Rd/Mallee Hwy",
        "nearby_stops": [
          {
            "distance": 59.965258946162564,
            "id": "5-17127",
            "mode_name": "Regional Coach",
            "name": "Robinvale - Sea Lake Rd/Mallee Hwy"
          }
        ],
        "reliability_score": 14.285715103149414,
        "route_ids": [
          "aus:vic:vic-05-V47:",
          "aus:vic:vic-05-V35:"
        ]
      }
    },
    {
      "type": "Feature",
      "geometry": {
        "type": "Point",
        "coordinates": [
          143.22357186,
          -37.9478527
        ]
      },
      "properties": {
        "average_wait_time": 999.0000610351562,
        "color": "#e74c3c",
        "connectivity_score": 7.0714287757873535,
        "coverage_score": 10.0,
        "frequency_score": 0.0,
        "id": "5-756",
        "mode_id": 5,
        "mode_name": "Regional Coach",
        "name": "General Store/Hamilton Hwy",
        "nearby_stops": [],
        "reliability_score": 14.285715103149414,
        "route_ids": [
          "aus:vic:vic-05-V06:"
        ]
      }
    },
    {
      "type": "Feature",
      "geometry": {
        "type": "Point",
        "coordinates": [
          143.73078841,
          -36.85835177
        ]
      },
      "properties": {
        "average_wait_time": 311.45001220703125,
        "color": "#e74c3c",
        "connectivity_score": 27.371429443359375,
        "coverage_score": 20.0,
        "frequency_score": 42.0,
        "id": "5-17993",
        "mode_id": 5,
        "mode_name": "Regional Coach",
        "name": "Bull St/Broadway",
        "nearby_stops": [
          {
            "distance": 24.225562125100424,
            "id": "5-17994",
            "mode_name": "Regional Coach",
            "name": "Bull St/Broadway"
          }
        ],
        "reliability_score": 14.285715103149414,
        "route_ids": [
          "aus:vic:vic-05-V03:",
          "aus:vic:vic-05-V19:"
        ]
      }
    },
    {
      "type": "Feature",
      "geometry": {
        "type": "Point",
        "coordinates": [
          145.37469637,
          -37.6581984
        ]
      },
      "properties": {
        "average_wait_time": 656.4000244140625,
        "color": "#e74c3c",
        "connectivity_score": 9.471428871154785,
        "coverage_score": 10.0,
        "frequency_score": 6.0,
        "id": "5-22099",
        "mode_id": 5,
        "mode_name": "Regional Coach",
        "name": "Herbert St/Melba Hwy",
        "nearby_stops": [
          {
            "distance": 72.3779515692887,
            "id": "5-22098",
            "mode_name": "Regional Coach",
            "name": "Herbert St/Melba Hwy"
          }
        ],
        "reliability_score": 14.285715103149414,
        "route_ids": [
          "aus:vic:vic-05-V28:"
        ]
      }
    },
    {
      "type": "Feature",
      "geometry": {
        "type": "Point",
        "coordinates": [
          144.07687147,
          -37.84613413
        ]
      },
      "properties": {
        "average_wait_time": 635.2667236328125,
        "color": "#e74c3c",
        "connectivity_score": 12.971427917480469,
        "coverage_score": 20.0,
        "frequency_score": 6.0,
        "id": "5-4807",
        "mode_id": 5,
        "mode_name": "Regional Coach",
        "name": "Lawler St/Midland Hwy",
        "nearby_stops": [
          {
            "distance": 23.644373649205267,
            "id": "5-4833",
            "mode_name": "Regional Coach",
            "name": "Lawler St/Midland Hwy"
          }
        ],
        "reliability_score": 14.285715103149414,
        "route_ids": [
          "aus:vic:vic-05-V02:",
          "aus:vic:vic-05-V22:"
        ]
      }
    },
    {
      "type": "Feature",
      "geometry": {
        "type": "Point",
        "coordinates": [
          144.31727081,
          -38.32877108
        ]
      },
      "properties": {
        "average_wait_time": 351.8500061035156,
        "color": "#e74c3c",
        "connectivity_score": 31.457143783569336,
        "coverage_score": 20.0,
        "frequency_score": 16.5,
        "id": "5-30935",
        "mode_id": 5,
        "mode_name": "Regional Coach",
        "name": "Torquay Holiday Resort/Surf Coast Hwy",
        "nearby_stops": [
          {
            "distance": 47.45354882640608,
            "id": "5-30958",
            "mode_name": "Regional Coach",
            "name": "Torquay Holiday Resort/Surf Coast Hwy"
          }
        ],
        "reliability_score": 71.42857360839844,
        "route_ids": [
          "aus:vic:vic-05-GVL:",
          "aus:vic:vic-05-V50:"
        ]
      }
    },
    {
      "type": "Feature",
      "geometry": {
        "type": "Point",
        "coordinates": [
          142.47092287,
          -35.45696508
        ]
      },
      "properties": {
        "average_wait_time": 999.0000610351562,
        "color": "#e74c3c",
        "connectivity_score": 7.0714287757873535,
        "coverage_score": 10.0,
        "frequency_score": 0.0,
        "id": "5-17982",
        "mode_id": 5,
        "mode_name": "Regional Coach",
        "name": "CFA/Sunraysia Hwy",
        "nearby_stops": [
          {
            "distance": 23.234430697431222,
            "id": "5-17981",
            "mode_name": "Regional Coach",
            "name": "CFA/Sunraysia Hwy"
          }
        ],
        "reliability_score": 14.285715103149414,
        "route_ids": [
          "aus:vic:vic-05-V38:"
        ]
      }
    },
    {
      "type": "Feature",
      "geometry": {
        "type": "Point",
        "coordinates": [
          144.19283191,
          -37.37203868
        ]
      },
      "properties": {
        "average_wait_time": 373.3166809082031,
        "color": "#e74c3c",
        "connectivity_score": 11.271429061889648,
        "coverage_score": 10.0,
        "frequency_score": 10.5,
        "id": "5-46419",
        "mode_id": 5,
        "mode_name": "Regional Coach",
        "name": "Opposite Station/Daylesford-Trentham Rd",
        "nearby_stops": [
          {
            "distance": 24.62111337512169,
            "id": "5-20913",
            "mode_name": "Regional Coach",
            "name": "Opposite Station/Daylesford-Trentham Rd"
          }
        ],
        "reliability_score": 14.285715103149414,
        "route_ids": [
          "aus:vic:vic-05-V18:"
        ]
      }
    },
    {
      "type": "Feature",
      "geometry": {
        "type": "Point",
        "coordinates": [
          143.92433606,
          -35.73313736
        ]
      },
      "properties": {
        "average_wait_time": 614.7000122070312,
        "color": "#e74c3c",
        "connectivity_score": 16.47142791748047,
        "coverage_score": 30.0,
        "frequency_score": 6.0,
        "id": "5-16955",
        "mode_id": 5,
        "mode_name": "Regional Coach",
        "name": "Kerang Station/Boundary St ",
        "nearby_stops": [],
        "reliability_score": 14.285715103149414,
        "route_ids": [
          "aus:vic:vic-05-V31:",
          "aus:vic:vic-05-V35:",
          "aus:vic:vic-05-V47:"
        ]
      }
    },
    {
      "type": "Feature",
      "geometry": {
        "type": "Point",
        "coordinates": [
          145.8943918,
          -36.26994642
        ]
      },
      "properties": {
        "average_wait_time": 439.25,
        "color": "#e74c3c",
        "connectivity_score": 11.271429061889648,
        "coverage_score": 10.0,
        "frequency_score": 10.5,
        "id": "5-17240",
        "mode_id": 5,
        "mode_name": "Regional Coach",
        "name": "St James Rd/Devenish Rd",
        "nearby_stops": [
          {
            "distance": 10.317093706910448,
            "id": "5-17241",
            "mode_name": "Regional Coach",
            "name": "St James Rd/Devenish Rd"
          }
        ],
        "reliability_score": 14.285715103149414,
        "route_ids": [
          "aus:vic:vic-05-V36:"
        ]
      }
    },
    {
      "type": "Feature",
      "geometry": {
        "type": "Point",
        "coordinates": [
          144.53582101,
          -36.27167616
        ]
      },
      "properties": {
        "average_wait_time": 999.0000610351562,
        "color": "#e74c3c",
        "connectivity_score": 7.0714287757873535,
        "coverage_score": 10.0,
        "frequency_score": 0.0,
        "id": "5-15119",
        "mode_id": 5,
        "mode_name": "Regional Coach",
        "name": "Singer Rd/Lockington Rd",
        "nearby_stops": [
          {
            "distance": 7.95676624529093,
            "id": "5-15118",
            "mode_name": "Regional Coach",
            "name": "Singer Rd/Lockington Rd"
          }
        ],
        "reliability_score": 14.285715103149414,
        "route_ids": [
          "aus:vic:vic-05-V10:"
        ]
      }
    },
    {
      "type": "Feature",
      "geometry": {
        "type": "Point",
        "coordinates": [
          144.13244177,
          -36.73543206
        ]
      },
      "properties": {
        "average_wait_time": 653.4000244140625,
        "color": "#e74c3c",
        "connectivity_score": 12.971427917480469,
        "coverage_score": 20.0,
        "frequency_score": 6.0,
        "id": "5-16246",
        "mode_id": 5,
        "mode_name": "Regional Coach",
        "name": "Marong/Calder Hwy ",
        "nearby_stops": [
          {
            "distance": 43.293000043329954,
            "id": "5-16245",
            "mode_name": "Regional Coach",
            "name": "Marong/Calder Hwy "
          }
        ],
        "reliability_score": 14.285715103149414,
        "route_ids": [
          "aus:vic:vic-05-SWL:",
          "aus:vic:vic-05-V39:"
        ]
      }
    },
    {
      "type": "Feature",
      "geometry": {
        "type": "Point",
        "coordinates": [
          143.65570423,
          -37.66668343
        ]
      },
      "properties": {
        "average_wait_time": 634.5,
        "color": "#e74c3c",
        "connectivity_score": 12.971427917480469,
        "coverage_score": 20.0,
        "frequency_score": 6.0,
        "id": "5-17771",
        "mode_id": 5,
        "mode_name": "Regional Coach",
        "name": "Drummond St/Glenelg Hwy",
        "nearby_stops": [
          {
            "distance": 180.3070515158274,
            "id": "5-17772",
            "mode_name": "Regional Coach",
            "name": "Drummond St/Glenelg Hwy"
          }
        ],
        "reliability_score": 14.285715103149414,
        "route_ids": [
          "aus:vic:vic-05-V06:",
          "aus:vic:vic-05-V29:"
        ]
      }
    },
    {
      "type": "Feature",
      "geometry": {
        "type": "Point",
        "coordinates": [
          144.0456145,
          -37.06870383
        ]
      },
      "properties": {
        "average_wait_time": 623.800048828125,
        "color": "#e74c3c",
        "connectivity_score": 9.471428871154785,
        "coverage_score": 10.0,
        "frequency_score": 6.0,
        "id": "5-46416",
        "mode_id": 5,
        "mode_name": "Regional Coach",
        "name": "Gully Rd/Maldon-Newstead Rd",
        "nearby_stops": [
          {
            "distance": 21.52449118089779,
            "id": "5-40744",
            "mode_name": "Regional Coach",
            "name": "Gully Rd/Maldon-Newstead Rd"
          }
        ],
        "reliability_score": 14.285715103149414,
        "route_ids": [
          "aus:vic:vic-05-V32:"
        ]
      }
    },
    {
      "type": "Feature",
      "geometry": {
        "type": "Point",
        "coordinates": [
          147.62743019,
          -37.82851411
        ]
      },
      "properties": {
        "average_wait_time": 328.44000244140625,
        "color": "#e74c3c",
        "connectivity_score": 24.171428680419922,
        "coverage_score": 40.0,
        "frequency_score": 16.5,
        "id": "5-46442",
        "mode_id": 5,
        "mode_name": "Regional Coach",
        "name": "Bairnsdale Railway Station/MacLeod St",
        "nearby_stops": [
          {
            "distance": 6.518823135886049,
            "id": "5-16309",
            "mode_name": "Regional Coach",
            "name": "Bairnsdale Railway Station/Macleod St "
          },
          {
            "distance": 12.598632466896607,
            "id": "5-37915",
            "mode_name": "Regional Coach",
            "name": "Bairnsdale Railway Station/MacLeod St"
          }
        ],
        "reliability_score": 14.285715103149414,
        "route_ids": [
          "aus:vic:vic-05-V25:"
        ]
      }
    },
    {
      "type": "Feature",
      "geometry": {
        "type": "Point",
        "coordinates": [
          144.17217187,
          -38.04541887
        ]
      },
      "properties": {
        "average_wait_time": 390.04998779296875,
        "color": "#e74c3c",
        "connectivity_score": 14.771429061889648,
        "coverage_score": 20.0,
        "frequency_score": 10.5,
        "id": "5-4806",
        "mode_id": 5,
        "mode_name": "Regional Coach",
        "name": "McPhillips Rd/High St",
        "nearby_stops": [],
        "reliability_score": 14.285715103149414,
        "route_ids": [
          "aus:vic:vic-05-V02:",
          "aus:vic:vic-05-V22:"
        ]
      }
    },
    {
      "type": "Feature",
      "geometry": {
        "type": "Point",
        "coordinates": [
          143.75534605,
          -36.22994843
        ]
      },
      "properties": {
        "average_wait_time": 999.0000610351562,
        "color": "#e74c3c",
        "connectivity_score": 7.0714287757873535,
        "coverage_score": 10.0,
        "frequency_score": 0.0,
        "id": "5-16937",
        "mode_id": 5,
        "mode_name": "Regional Coach",
        "name": "Mysia/Boort-Wedderburn Rd ",
        "nearby_stops": [],
        "reliability_score": 14.285715103149414,
        "route_ids": [
          "aus:vic:vic-05-SWL:"
        ]
      }
    },
    {
      "type": "Feature",
      "geometry": {
        "type": "Point",
        "coordinates": [
          142.53120961,
          -36.38771552
        ]
      },
      "properties": {
        "average_wait_time": 772.050048828125,
        "color": "#e74c3c",
        "connectivity_score": 8.871429443359375,
        "coverage_score": 10.0,
        "frequency_score": 4.5,
        "id": "5-17814",
        "mode_id": 5,
        "mode_name": "Regional Coach",
        "name": "Sheep Hills Rd/Stawell-Warracknabeal Rd",
        "nearby_stops": [
          {
            "distance": 20.394442265787973,
            "id": "5-17815",
            "mode_name": "Regional Coach",
            "name": "Sheep Hills Rd/Stawell-Warracknabeal Rd"
          }
        ],
        "reliability_score": 14.285715103149414,
        "route_ids": [
          "aus:vic:vic-05-V38:"
        ]
      }
    },
    {
      "type": "Feature",
      "geometry": {
        "type": "Point",
        "coordinates": [
          144.22546804,
          -37.6040657
        ]
      },
      "properties": {
        "average_wait_time": 999.0000610351562,
        "color": "#e74c3c",
        "connectivity_score": 7.0714287757873535,
        "coverage_score": 10.0,
        "frequency_score": 0.0,
        "id": "5-25",
        "mode_id": 5,
        "mode_name": "Regional Coach",
        "name": "Ballan Station/Atkinson St ",
        "nearby_stops": [],
        "reliability_score": 14.285715103149414,
        "route_ids": [
          "aus:vic:vic-05-BAT:"
        ]
      }
    },
    {
      "type": "Feature",
      "geometry": {
        "type": "Point",
        "coordinates": [
          145.24038074,
          -36.61304503
        ]
      },
      "properties": {
        "average_wait_time": 420.0,
        "color": "#e74c3c",
        "connectivity_score": 16.571428298950195,
        "coverage_score": 20.0,
        "frequency_score": 15.0,
        "id": "5-17156",
        "mode_id": 5,
        "mode_name": "Regional Coach",
        "name": "Murchison East Station/Cassidys Rd ",
        "nearby_stops": [],
        "reliability_score": 14.285715103149414,
        "route_ids": [
          "aus:vic:vic-05-EC2:",
          "aus:vic:vic-05-V41:"
        ]
      }
    },
    {
      "type": "Feature",
      "geometry": {
        "type": "Point",
        "coordinates": [
          143.88821127,
          -37.4085784
        ]
      },
      "properties": {
        "average_wait_time": 638.800048828125,
        "color": "#e74c3c",
        "connectivity_score": 9.471428871154785,
        "coverage_score": 10.0,
        "frequency_score": 6.0,
        "id": "5-44852",
        "mode_id": 5,
        "mode_name": "Regional Coach",
        "name": "Broomfield Rd/Clunes-Creswick Rd",
        "nearby_stops": [],
        "reliability_score": 14.285715103149414,
        "route_ids": [
          "aus:vic:vic-05-V32:"
        ]
      }
    },
    {
      "type": "Feature",
      "geometry": {
        "type": "Point",
        "coordinates": [
          140.78700232,
          -37.82571763
        ]
      },
      "properties": {
        "average_wait_time": 641.6666870117188,
        "color": "#e74c3c",
        "connectivity_score": 12.971427917480469,
        "coverage_score": 20.0,
        "frequency_score": 6.0,
        "id": "5-17749",
        "mode_id": 5,
        "mode_name": "Regional Coach",
        "name": "Tourist Information Centre/Jubilee Hwy East",
        "nearby_stops": [],
        "reliability_score": 14.285715103149414,
        "route_ids": [
          "aus:vic:vic-05-V29:",
          "aus:vic:vic-05-V30:"
        ]
      }
    },
    {
      "type": "Feature",
      "geometry": {
        "type": "Point",
        "coordinates": [
          144.31840797,
          -38.32305767
        ]
      },
      "properties": {
        "average_wait_time": 352.07000732421875,
        "color": "#e74c3c",
        "connectivity_score": 31.457143783569336,
        "coverage_score": 20.0,
        "frequency_score": 16.5,
        "id": "5-17686",
        "mode_id": 5,
        "mode_name": "Regional Coach",
        "name": "Grossmans Rd/Surf Coast Hwy",
        "nearby_stops": [
          {
            "distance": 46.93547670556645,
            "id": "5-30960",
            "mode_name": "Regional Coach",
            "name": "Grossmans Rd/Surf Coast Hwy"
          }
        ],
        "reliability_score": 71.42857360839844,
        "route_ids": [
          "aus:vic:vic-05-GVL:",
          "aus:vic:vic-05-V50:"
        ]
      }
    },
    {
      "type": "Feature",
      "geometry": {
        "type": "Point",
        "coordinates": [
          143.37730304,
          -35.17604617
        ]
      },
      "properties": {
        "average_wait_time": 613.6800537109375,
        "color": "#e74c3c",
        "connectivity_score": 16.47142791748047,
        "coverage_score": 30.0,
        "frequency_score": 6.0,
        "id": "5-16961",
        "mode_id": 5,
        "mode_name": "Regional Coach",
        "name": "McAlpine Rd/Murray Valley Hwy",
        "nearby_stops": [
          {
            "distance": 62.60252661536661,
            "id": "5-16962",
            "mode_name": "Regional Coach",
            "name": "McAlpine Rd/Murray Valley Hwy"
          }
        ],
        "reliability_score": 14.285715103149414,
        "route_ids": [
          "aus:vic:vic-05-V47:",
          "aus:vic:vic-05-V35:"
        ]
      }
    },
    {
      "type": "Feature",
      "geometry": {
        "type": "Point",
        "coordinates": [
          144.04390765,
          -38.47223009
        ]
      },
      "properties": {
        "average_wait_time": 339.2125244140625,
        "color": "#e74c3c",
        "connectivity_score": 29.057144165039062,
        "coverage_score": 20.0,
        "frequency_score": 10.5,
        "id": "5-17707",
        "mode_id": 5,
        "mode_name": "Regional Coach",
        "name": "Golf Links Rd/Great Ocean Rd",
        "nearby_stops": [
          {
            "distance": 74.59532834760776,
            "id": "5-17708",
            "mode_name": "Regional Coach",
            "name": "Golf Links Rd/Great Ocean Rd"
          }
        ],
        "reliability_score": 71.42857360839844,
        "route_ids": [
          "aus:vic:vic-05-GVL:",
          "aus:vic:vic-05-V50:"
        ]
      }
    },
    {
      "type": "Feature",
      "geometry": {
        "type": "Point",
        "coordinates": [
          144.14944226,
          -36.86944612
        ]
      },
      "properties": {
        "average_wait_time": 999.0000610351562,
        "color": "#e74c3c",
        "connectivity_score": 7.0714287757873535,
        "coverage_score": 10.0,
        "frequency_score": 0.0,
        "id": "5-47916",
        "mode_id": 5,
        "mode_name": "Regional Coach",
        "name": "Pinjarra Dr/Bendigo - Maldon Rd",
        "nearby_stops": [],
        "reliability_score": 14.285715103149414,
        "route_ids": [
          "aus:vic:vic-05-V32:"
        ]
      }
    },
    {
      "type": "Feature",
      "geometry": {
        "type": "Point",
        "coordinates": [
          143.86200041,
          -38.66861995
        ]
      },
      "properties": {
        "average_wait_time": 330.1000061035156,
        "color": "#e74c3c",
        "connectivity_score": 21.4714298248291,
        "coverage_score": 10.0,
        "frequency_score": 36.0,
        "id": "5-45856",
        "mode_id": 5,
        "mode_name": "Regional Coach",
        "name": "Grey River Rd/Hawdon Ave ",
        "nearby_stops": [
          {
            "distance": 19.2753034108866,
            "id": "5-17715",
            "mode_name": "Regional Coach",
            "name": "Hawdon Ave/Great Ocean Rd"
          }
        ],
        "reliability_score": 14.285715103149414,
        "route_ids": [
          "aus:vic:vic-05-V50:"
        ]
      }
    },
    {
      "type": "Feature",
      "geometry": {
        "type": "Point",
        "coordinates": [
          141.24071238,
          -36.37905055
        ]
      },
      "properties": {
        "average_wait_time": 632.4000244140625,
        "color": "#e74c3c",
        "connectivity_score": 9.471428871154785,
        "coverage_score": 10.0,
        "frequency_score": 6.0,
        "id": "5-17836",
        "mode_id": 5,
        "mode_name": "Regional Coach",
        "name": "Kaniva Community Roadhouse/Western Hwy",
        "nearby_stops": [
          {
            "distance": 28.1182532350722,
            "id": "5-17837",
            "mode_name": "Regional Coach",
            "name": "Kaniva Community Roadhouse/Western Hwy"
          }
        ],
        "reliability_score": 14.285715103149414,
        "route_ids": [
          "aus:vic:vic-05-V03:"
        ]
      }
    },
    {
      "type": "Feature",
      "geometry": {
        "type": "Point",
        "coordinates": [
          144.90294004,
          -35.81286407
        ]
      },
      "properties": {
        "average_wait_time": 999.0000610351562,
        "color": "#e74c3c",
        "connectivity_score": 7.0714287757873535,
        "coverage_score": 10.0,
        "frequency_score": 0.0,
        "id": "5-48740",
        "mode_id": 5,
        "mode_name": "Regional Coach",
        "name": "Opposite Caltex/Cobb Hwy",
        "nearby_stops": [
          {
            "distance": 24.76922470134461,
            "id": "5-15110",
            "mode_name": "Regional Coach",
            "name": "Caltex Service Station/Cobb Hwy"
          }
        ],
        "reliability_score": 14.285715103149414,
        "route_ids": [
          "aus:vic:vic-05-V20:"
        ]
      }
    },
    {
      "type": "Feature",
      "geometry": {
        "type": "Point",
        "coordinates": [
          144.95946512,
          -37.68699012
        ]
      },
      "properties": {
        "average_wait_time": 599.6000366210938,
        "color": "#e74c3c",
        "connectivity_score": 26.571428298950195,
        "coverage_score": 20.0,
        "frequency_score": 40.0,
        "id": "5-6923",
        "mode_id": 5,
        "mode_name": "Regional Coach",
        "name": "Campbellfield Plaza/Sydney Rd",
        "nearby_stops": [],
        "reliability_score": 14.285715103149414,
        "route_ids": [
          "aus:vic:vic-05-V07:",
          "aus:vic:vic-05-V20:"
        ]
      }
    },
    {
      "type": "Feature",
      "geometry": {
        "type": "Point",
        "coordinates": [
          145.29545922,
          -37.77044578
        ]
      },
      "properties": {
        "average_wait_time": 667.4000244140625,
        "color": "#e74c3c",
        "connectivity_score": 9.471428871154785,
        "coverage_score": 10.0,
        "frequency_score": 6.0,
        "id": "5-10187",
        "mode_id": 5,
        "mode_name": "Regional Coach",
        "name": "Exeter Rd/Maroondah Hwy",
        "nearby_stops": [
          {
            "distance": 128.30489992211554,
            "id": "5-10121",
            "mode_name": "Regional Coach",
            "name": "Dorset Rd/Maroondah Hwy"
          }
        ],
        "reliability_score": 14.285715103149414,
        "route_ids": [
          "aus:vic:vic-05-V28:"
        ]
      }
    },
    {
      "type": "Feature",
      "geometry": {
        "type": "Point",
        "coordinates": [
          143.63641027,
          -35.46404648
        ]
      },
      "properties": {
        "average_wait_time": 625.2000122070312,
        "color": "#e74c3c",
        "connectivity_score": 12.971427917480469,
        "coverage_score": 20.0,
        "frequency_score": 6.0,
        "id": "5-16958",
        "mode_id": 5,
        "mode_name": "Regional Coach",
        "name": "Murray Valley Hwy",
        "nearby_stops": [
          {
            "distance": 28.878645072547567,
            "id": "5-16957",
            "mode_name": "Regional Coach",
            "name": "Murray Valley Hwy"
          }
        ],
        "reliability_score": 14.285715103149414,
        "route_ids": [
          "aus:vic:vic-05-V47:",
          "aus:vic:vic-05-V35:"
        ]
      }
    },
    {
      "type": "Feature",
      "geometry": {
        "type": "Point",
        "coordinates": [
          145.93133549,
          -38.16388346
        ]
      },
      "properties": {
        "average_wait_time": 610.86669921875,
        "color": "#e74c3c",
        "connectivity_score": 11.871429443359375,
        "coverage_score": 10.0,
        "frequency_score": 12.0,
        "id": "5-37766",
        "mode_id": 5,
        "mode_name": "Regional Coach",
        "name": "Warragul Station/Queen St",
        "nearby_stops": [
          {
            "distance": 208.6372317217998,
            "id": "5-47670",
            "mode_name": "Regional Coach",
            "name": "Warragul Station/Alfred St"
          }
        ],
        "reliability_score": 14.285715103149414,
        "route_ids": [
          "aus:vic:vic-05-TRN:"
        ]
      }
    },
    {
      "type": "Feature",
      "geometry": {
        "type": "Point",
        "coordinates": [
          140.15948676,
          -35.37800874
        ]
      },
      "properties": {
        "average_wait_time": 653.0,
        "color": "#e74c3c",
        "connectivity_score": 9.471428871154785,
        "coverage_score": 10.0,
        "frequency_score": 6.0,
        "id": "5-48746",
        "mode_id": 5,
        "mode_name": "Regional Coach",
        "name": "Geranium Tce/Mallee Hwy",
        "nearby_stops": [
          {
            "distance": 121.49846928673374,
            "id": "5-20842",
            "mode_name": "Regional Coach",
            "name": "Roadside Stop/Mallee Hwy"
          }
        ],
        "reliability_score": 14.285715103149414,
        "route_ids": [
          "aus:vic:vic-05-V47:"
        ]
      }
    },
    {
      "type": "Feature",
      "geometry": {
        "type": "Point",
        "coordinates": [
          143.44109802,
          -36.73118255
        ]
      },
      "properties": {
        "average_wait_time": 768.6000366210938,
        "color": "#e74c3c",
        "connectivity_score": 8.871429443359375,
        "coverage_score": 10.0,
        "frequency_score": 4.5,
        "id": "5-46075",
        "mode_id": 5,
        "mode_name": "Regional Coach",
        "name": "Dunolly Rd",
        "nearby_stops": [
          {
            "distance": 14.17518145522142,
            "id": "5-20898",
            "mode_name": "Regional Coach",
            "name": "Dunolly Rd"
          }
        ],
        "reliability_score": 14.285715103149414,
        "route_ids": [
          "aus:vic:vic-05-V19:"
        ]
      }
    },
    {
      "type": "Feature",
      "geometry": {
        "type": "Point",
        "coordinates": [
          145.18503766,
          -37.8173264
        ]
      },
      "properties": {
        "average_wait_time": 676.4000244140625,
        "color": "#e74c3c",
        "connectivity_score": 9.471428871154785,
        "coverage_score": 10.0,
        "frequency_score": 6.0,
        "id": "5-20900",
        "mode_id": 5,
        "mode_name": "Regional Coach",
        "name": "Walker Park/Whitehorse Rd",
        "nearby_stops": [
          {
            "distance": 3.2319839713911462,
            "id": "5-46512",
            "mode_name": "Regional Coach",
            "name": "Walker Park/Whitehorse Rd"
          }
        ],
        "reliability_score": 14.285715103149414,
        "route_ids": [
          "aus:vic:vic-05-V28:"
        ]
      }
    },
    {
      "type": "Feature",
      "geometry": {
        "type": "Point",
        "coordinates": [
          141.77935062,
          -38.21899099
        ]
      },
      "properties": {
        "average_wait_time": 409.9000244140625,
        "color": "#e74c3c",
        "connectivity_score": 11.271429061889648,
        "coverage_score": 10.0,
        "frequency_score": 10.5,
        "id": "5-45965",
        "mode_id": 5,
        "mode_name": "Regional Coach",
        "name": "Princes Hwy",
        "nearby_stops": [
          {
            "distance": 12.182693385322507,
            "id": "5-17742",
            "mode_name": "Regional Coach",
            "name": "Princes Hwy"
          }
        ],
        "reliability_score": 14.285715103149414,
        "route_ids": [
          "aus:vic:vic-05-V30:"
        ]
      }
    },
    {
      "type": "Feature",
      "geometry": {
        "type": "Point",
        "coordinates": [
          145.34429683,
          -36.22017267
        ]
      },
      "properties": {
        "average_wait_time": 649.1000366210938,
        "color": "#e74c3c",
        "connectivity_score": 9.471428871154785,
        "coverage_score": 10.0,
        "frequency_score": 6.0,
        "id": "5-36710",
        "mode_id": 5,
        "mode_name": "Regional Coach",
        "name": "General Store/Barmah - Shepparton Rd",
        "nearby_stops": [],
        "reliability_score": 14.285715103149414,
        "route_ids": [
          "aus:vic:vic-05-V07:"
        ]
      }
    },
    {
      "type": "Feature",
      "geometry": {
        "type": "Point",
        "coordinates": [
          143.66919494,
          -36.00901481
        ]
      },
      "properties": {
        "average_wait_time": 999.0000610351562,
        "color": "#e74c3c",
        "connectivity_score": 7.0714287757873535,
        "coverage_score": 10.0,
        "frequency_score": 0.0,
        "id": "5-16934",
        "mode_id": 5,
        "mode_name": "Regional Coach",
        "name": "Barraport East Rd/Boort - Quambatook Rd",
        "nearby_stops": [
          {
            "distance": 24.02487366872674,
            "id": "5-16935",
            "mode_name": "Regional Coach",
            "name": "Barraport East Rd/Boort - Quambatook Rd"
          }
        ],
        "reliability_score": 14.285715103149414,
        "route_ids": [
          "aus:vic:vic-05-SWL:"
        ]
      }
    },
    {
      "type": "Feature",
      "geometry": {
        "type": "Point",
        "coordinates": [
          147.63171648,
          -37.82612077
        ]
      },
      "properties": {
        "average_wait_time": 328.95001220703125,
        "color": "#e74c3c",
        "connectivity_score": 19.571428298950195,
        "coverage_score": 20.0,
        "frequency_score": 22.5,
        "id": "5-16314",
        "mode_id": 5,
        "mode_name": "Regional Coach",
        "name": "Bailey St/Princes Hwy",
        "nearby_stops": [
          {
            "distance": 91.88571495966544,
            "id": "5-16313",
            "mode_name": "Regional Coach",
            "name": "Bailey St/Princes Hwy"
          }
        ],
        "reliability_score": 14.285715103149414,
        "route_ids": [
          "aus:vic:vic-05-pay:",
          "aus:vic:vic-05-V25:"
        ]
      }
    },
    {
      "type": "Feature",
      "geometry": {
        "type": "Point",
        "coordinates": [
          143.76895417,
          -37.59661198
        ]
      },
      "properties": {
        "average_wait_time": 644.4000244140625,
        "color": "#e74c3c",
        "connectivity_score": 9.471428871154785,
        "coverage_score": 10.0,
        "frequency_score": 6.0,
        "id": "5-266",
        "mode_id": 5,
        "mode_name": "Regional Coach",
        "name": "Bells Rd/Glenelg Hwy",
        "nearby_stops": [
          {
            "distance": 28.594183972240874,
            "id": "5-296",
            "mode_name": "Regional Coach",
            "name": "Bells Rd/Glenelg Hwy"
          }
        ],
        "reliability_score": 14.285715103149414,
        "route_ids": [
          "aus:vic:vic-05-V06:"
        ]
      }
    },
    {
      "type": "Feature",
      "geometry": {
        "type": "Point",
        "coordinates": [
          142.79377687,
          -34.70109203
        ]
      },
      "properties": {
        "average_wait_time": 774.1500244140625,
        "color": "#e74c3c",
        "connectivity_score": 8.871429443359375,
        "coverage_score": 10.0,
        "frequency_score": 4.5,
        "id": "5-49924",
        "mode_id": 5,
        "mode_name": "Regional Coach",
        "name": "Fitzgerald Rd/Robinvale - Seal Lake Rd ",
        "nearby_stops": [
          {
            "distance": 0.9991954647251778,
            "id": "5-16967",
            "mode_name": "Regional Coach",
            "name": "Fitzgerald Rd/Robinvale - Sea Lake Rd"
          }
        ],
        "reliability_score": 14.285715103149414,
        "route_ids": [
          "aus:vic:vic-05-V35:"
        ]
      }
    },
    {
      "type": "Feature",
      "geometry": {
        "type": "Point",
        "coordinates": [
          146.7848622,
          -37.98258841
        ]
      },
      "properties": {
        "average_wait_time": 452.20001220703125,
        "color": "#e74c3c",
        "connectivity_score": 11.271429061889648,
        "coverage_score": 10.0,
        "frequency_score": 10.5,
        "id": "5-17788",
        "mode_id": 5,
        "mode_name": "Regional Coach",
        "name": "Primary School/Harbeck St",
        "nearby_stops": [],
        "reliability_score": 14.285715103149414,
        "route_ids": [
          "aus:vic:vic-05-V43:"
        ]
      }
    },
    {
      "type": "Feature",
      "geometry": {
        "type": "Point",
        "coordinates": [
          141.40253544,
          -37.58581675
        ]
      },
      "properties": {
        "average_wait_time": 639.3333740234375,
        "color": "#e74c3c",
        "connectivity_score": 12.971427917480469,
        "coverage_score": 20.0,
        "frequency_score": 6.0,
        "id": "5-17750",
        "mode_id": 5,
        "mode_name": "Regional Coach",
        "name": "Wathen St/Henty St",
        "nearby_stops": [
          {
            "distance": 35.757110351960584,
            "id": "5-17751",
            "mode_name": "Regional Coach",
            "name": "Wathen St/Henty St"
          }
        ],
        "reliability_score": 14.285715103149414,
        "route_ids": [
          "aus:vic:vic-05-V29:",
          "aus:vic:vic-05-V16:"
        ]
      }
    },
    {
      "type": "Feature",
      "geometry": {
        "type": "Point",
        "coordinates": [
          146.78618204,
          -38.1513822
        ]
      },
      "properties": {
        "average_wait_time": 366.5666809082031,
        "color": "#e74c3c",
        "connectivity_score": 18.27142906188965,
        "coverage_score": 30.0,
        "frequency_score": 10.5,
        "id": "5-16299",
        "mode_id": 5,
        "mode_name": "Regional Coach",
        "name": "Latrobe St/Princes Hwy",
        "nearby_stops": [
          {
            "distance": 171.39904179616323,
            "id": "5-16298",
            "mode_name": "Regional Coach",
            "name": "Latrobe St/Princes Hwy"
          }
        ],
        "reliability_score": 14.285715103149414,
        "route_ids": [
          "aus:vic:vic-05-BDE:",
          "aus:vic:vic-05-V25:"
        ]
      }
    },
    {
      "type": "Feature",
      "geometry": {
        "type": "Point",
        "coordinates": [
          146.26102836,
          -38.17690242
        ]
      },
      "properties": {
        "average_wait_time": 607.6000366210938,
        "color": "#e74c3c",
        "connectivity_score": 11.871429443359375,
        "coverage_score": 10.0,
        "frequency_score": 12.0,
        "id": "5-21462",
        "mode_id": 5,
        "mode_name": "Regional Coach",
        "name": "Moe Station/Lloyd St ",
        "nearby_stops": [],
        "reliability_score": 14.285715103149414,
        "route_ids": [
          "aus:vic:vic-05-TRN:"
        ]
      }
    },
    {
      "type": "Feature",
      "geometry": {
        "type": "Point",
        "coordinates": [
          145.7215589,
          -38.09958507
        ]
      },
      "properties": {
        "average_wait_time": 607.300048828125,
        "color": "#e74c3c",
        "connectivity_score": 14.271429061889648,
        "coverage_score": 10.0,
        "frequency_score": 18.0,
        "id": "5-45071",
        "mode_id": 5,
        "mode_name": "Regional Coach",
        "name": "Bunyip Station/Nar Nar Goon-Longwarry Rd ",
        "nearby_stops": [],
        "reliability_score": 14.285715103149414,
        "route_ids": [
          "aus:vic:vic-05-TRN:"
        ]
      }
    },
    {
      "type": "Feature",
      "geometry": {
        "type": "Point",
        "coordinates": [
          145.56841973,
          -36.749396
        ]
      },
      "properties": {
        "average_wait_time": 999.0000610351562,
        "color": "#e74c3c",
        "connectivity_score": 7.0714287757873535,
        "coverage_score": 10.0,
        "frequency_score": 0.0,
        "id": "5-17231",
        "mode_id": 5,
        "mode_name": "Regional Coach",
        "name": "Euroa Station/Railway St",
        "nearby_stops": [],
        "reliability_score": 14.285715103149414,
        "route_ids": [
          "aus:vic:vic-05-ABY:"
        ]
      }
    },
    {
      "type": "Feature",
      "geometry": {
        "type": "Point",
        "coordinates": [
          143.9743157,
          -38.5372465
        ]
      },
      "properties": {
        "average_wait_time": 340.8500061035156,
        "color": "#e74c3c",
        "connectivity_score": 29.057144165039062,
        "coverage_score": 20.0,
        "frequency_score": 10.5,
        "id": "5-17712",
        "mode_id": 5,
        "mode_name": "Regional Coach",
        "name": "Lorne Visitor Centre/Great Ocean Rd",
        "nearby_stops": [
          {
            "distance": 22.938437583030225,
            "id": "5-17711",
            "mode_name": "Regional Coach",
            "name": "Lorne Visitor Centre/Great Ocean Rd"
          }
        ],
        "reliability_score": 71.42857360839844,
        "route_ids": [
          "aus:vic:vic-05-V50:",
          "aus:vic:vic-05-GVL:"
        ]
      }
    },
    {
      "type": "Feature",
      "geometry": {
        "type": "Point",
        "coordinates": [
          144.73660672,
          -37.27811812
        ]
      },
      "properties": {
        "average_wait_time": 706.0,
        "color": "#e74c3c",
        "connectivity_score": 12.971427917480469,
        "coverage_score": 20.0,
        "frequency_score": 6.0,
        "id": "5-13763",
        "mode_id": 5,
        "mode_name": "Regional Coach",
        "name": "High St/Main Rd",
        "nearby_stops": [
          {
            "distance": 23.98471243062326,
            "id": "5-13764",
            "mode_name": "Regional Coach",
            "name": "High St/Main Rd"
          }
        ],
        "reliability_score": 14.285715103149414,
        "route_ids": [
          "aus:vic:vic-05-V10:",
          "aus:vic:vic-05-V20:"
        ]
      }
    },
    {
      "type": "Feature",
      "geometry": {
        "type": "Point",
        "coordinates": [
          145.43148734,
          -36.23893501
        ]
      },
      "properties": {
        "average_wait_time": 414.75,
        "color": "#e74c3c",
        "connectivity_score": 14.771429061889648,
        "coverage_score": 20.0,
        "frequency_score": 10.5,
        "id": "5-17580",
        "mode_id": 5,
        "mode_name": "Regional Coach",
        "name": "Victoria Rd/Goulburn Valley Hwy",
        "nearby_stops": [
          {
            "distance": 46.38921924344284,
            "id": "5-17579",
            "mode_name": "Regional Coach",
            "name": "Victoria Rd/Goulburn Valley Hwy"
          }
        ],
        "reliability_score": 14.285715103149414,
        "route_ids": [
          "aus:vic:vic-05-V31:",
          "aus:vic:vic-05-V41:"
        ]
      }
    },
    {
      "type": "Feature",
      "geometry": {
        "type": "Point",
        "coordinates": [
          146.43130596,
          -38.23684621
        ]
      },
      "properties": {
        "average_wait_time": 999.0000610351562,
        "color": "#e74c3c",
        "connectivity_score": 7.0714287757873535,
        "coverage_score": 10.0,
        "frequency_score": 0.0,
        "id": "5-16292",
        "mode_id": 5,
        "mode_name": "Regional Coach",
        "name": "Mid Valley Shopping Centre/Mid Valley Dr",
        "nearby_stops": [
          {
            "distance": 284.9894986746686,
            "id": "5-16291",
            "mode_name": "Regional Coach",
            "name": "Centre Valley Rd/Princes Dr"
          }
        ],
        "reliability_score": 14.285715103149414,
        "route_ids": [
          "aus:vic:vic-05-TRN:"
        ]
      }
    },
    {
      "type": "Feature",
      "geometry": {
        "type": "Point",
        "coordinates": [
          142.11832723,
          -36.58469184
        ]
      },
      "properties": {
        "average_wait_time": 639.2000122070312,
        "color": "#e74c3c",
        "connectivity_score": 9.471428871154785,
        "coverage_score": 10.0,
        "frequency_score": 6.0,
        "id": "5-17828",
        "mode_id": 5,
        "mode_name": "Regional Coach",
        "name": "Fisher St/Western Hwy",
        "nearby_stops": [
          {
            "distance": 17.52727158955026,
            "id": "5-17829",
            "mode_name": "Regional Coach",
            "name": "Fisher St/Western Hwy"
          }
        ],
        "reliability_score": 14.285715103149414,
        "route_ids": [
          "aus:vic:vic-05-V37:"
        ]
      }
    },
    {
      "type": "Feature",
      "geometry": {
        "type": "Point",
        "coordinates": [
          144.0766803,
          -37.13346169
        ]
      },
      "properties": {
        "average_wait_time": 437.3000183105469,
        "color": "#e74c3c",
        "connectivity_score": 11.271429061889648,
        "coverage_score": 10.0,
        "frequency_score": 10.5,
        "id": "5-40181",
        "mode_id": 5,
        "mode_name": "Regional Coach",
        "name": "Daylesford - Newstead Rd/Newstead - Guildford Rd",
        "nearby_stops": [],
        "reliability_score": 14.285715103149414,
        "route_ids": [
          "aus:vic:vic-05-V27:"
        ]
      }
    },
    {
      "type": "Feature",
      "geometry": {
        "type": "Point",
        "coordinates": [
          143.91223326,
          -37.38665588
        ]
      },
      "properties": {
        "average_wait_time": 637.6000366210938,
        "color": "#e74c3c",
        "connectivity_score": 9.471428871154785,
        "coverage_score": 10.0,
        "frequency_score": 6.0,
        "id": "5-20879",
        "mode_id": 5,
        "mode_name": "Regional Coach",
        "name": "Acacia Rd/Creswick-Newstead Rd",
        "nearby_stops": [
          {
            "distance": 29.513412588281675,
            "id": "5-42023",
            "mode_name": "Regional Coach",
            "name": "Acacia Rd/Creswick-Newstead Rd"
          }
        ],
        "reliability_score": 14.285715103149414,
        "route_ids": [
          "aus:vic:vic-05-V32:"
        ]
      }
    },
    {
      "type": "Feature",
      "geometry": {
        "type": "Point",
        "coordinates": [
          144.22158865,
          -37.39438079
        ]
      },
      "properties": {
        "average_wait_time": 373.4000244140625,
        "color": "#e74c3c",
        "connectivity_score": 11.271429061889648,
        "coverage_score": 10.0,
        "frequency_score": 10.5,
        "id": "5-20914",
        "mode_id": 5,
        "mode_name": "Regional Coach",
        "name": "Service Station/Daylesford-Trentham Rd",
        "nearby_stops": [
          {
            "distance": 83.29918458397482,
            "id": "5-46420",
            "mode_name": "Regional Coach",
            "name": "Service Station/Daylesford-Trentham Rd"
          }
        ],
        "reliability_score": 14.285715103149414,
        "route_ids": [
          "aus:vic:vic-05-V18:"
        ]
      }
    },
    {
      "type": "Feature",
      "geometry": {
        "type": "Point",
        "coordinates": [
          141.69749277,
          -38.04517242
        ]
      },
      "properties": {
        "average_wait_time": 657.2000122070312,
        "color": "#e74c3c",
        "connectivity_score": 9.471428871154785,
        "coverage_score": 10.0,
        "frequency_score": 6.0,
        "id": "5-36333",
        "mode_id": 5,
        "mode_name": "Regional Coach",
        "name": "Milltown CFA/Henty Hwy",
        "nearby_stops": [],
        "reliability_score": 14.285715103149414,
        "route_ids": [
          "aus:vic:vic-05-V16:"
        ]
      }
    },
    {
      "type": "Feature",
      "geometry": {
        "type": "Point",
        "coordinates": [
          146.674758,
          -38.56484586
        ]
      },
      "properties": {
        "average_wait_time": 638.5333251953125,
        "color": "#e74c3c",
        "connectivity_score": 9.471428871154785,
        "coverage_score": 10.0,
        "frequency_score": 6.0,
        "id": "5-17365",
        "mode_id": 5,
        "mode_name": "Regional Coach",
        "name": "Memorial Park/Grant St",
        "nearby_stops": [],
        "reliability_score": 14.285715103149414,
        "route_ids": [
          "aus:vic:vic-05-V52:"
        ]
      }
    },
    {
      "type": "Feature",
      "geometry": {
        "type": "Point",
        "coordinates": [
          143.72712039,
          -36.11668317
        ]
      },
      "properties": {
        "average_wait_time": 999.0000610351562,
        "color": "#e74c3c",
        "connectivity_score": 7.0714287757873535,
        "coverage_score": 10.0,
        "frequency_score": 0.0,
        "id": "5-16938",
        "mode_id": 5,
        "mode_name": "Regional Coach",
        "name": "Boort/Godfrey St ",
        "nearby_stops": [
          {
            "distance": 8.076610569966128,
            "id": "5-16936",
            "mode_name": "Regional Coach",
            "name": "Boort/Godfrey St "
          }
        ],
        "reliability_score": 14.285715103149414,
        "route_ids": [
          "aus:vic:vic-05-SWL:"
        ]
      }
    },
    {
      "type": "Feature",
      "geometry": {
        "type": "Point",
        "coordinates": [
          145.06899196,
          -37.68070623
        ]
      },
      "properties": {
        "average_wait_time": 704.4000244140625,
        "color": "#e74c3c",
        "connectivity_score": 9.471428871154785,
        "coverage_score": 10.0,
        "frequency_score": 6.0,
        "id": "5-169",
        "mode_id": 5,
        "mode_name": "Regional Coach",
        "name": "RMIT Bundoora Campus West/Plenty Rd",
        "nearby_stops": [
          {
            "distance": 254.7133245918525,
            "id": "5-2690",
            "mode_name": "Regional Coach",
            "name": "Bundoora RMIT/Plenty Rd"
          }
        ],
        "reliability_score": 14.285715103149414,
        "route_ids": [
          "aus:vic:vic-05-V28:"
        ]
      }
    },
    {
      "type": "Feature",
      "geometry": {
        "type": "Point",
        "coordinates": [
          144.06817485,
          -36.99588658
        ]
      },
      "properties": {
        "average_wait_time": 620.800048828125,
        "color": "#e74c3c",
        "connectivity_score": 9.471428871154785,
        "coverage_score": 10.0,
        "frequency_score": 6.0,
        "id": "5-48748",
        "mode_id": 5,
        "mode_name": "Regional Coach",
        "name": "Francis St/High St",
        "nearby_stops": [
          {
            "distance": 21.31969221123609,
            "id": "5-20884",
            "mode_name": "Regional Coach",
            "name": "Maldon Post Office/High St"
          }
        ],
        "reliability_score": 14.285715103149414,
        "route_ids": [
          "aus:vic:vic-05-V32:"
        ]
      }
    },
    {
      "type": "Feature",
      "geometry": {
        "type": "Point",
        "coordinates": [
          144.34083377,
          -38.20440856
        ]
      },
      "properties": {
        "average_wait_time": 354.1700134277344,
        "color": "#e74c3c",
        "connectivity_score": 31.457143783569336,
        "coverage_score": 20.0,
        "frequency_score": 16.5,
        "id": "5-30848",
        "mode_id": 5,
        "mode_name": "Regional Coach",
        "name": "Reserve Rd/Torquay Rd",
        "nearby_stops": [
          {
            "distance": 234.29085317455295,
            "id": "5-51750",
            "mode_name": "Regional Coach",
            "name": "Jennifer Ct/Pioneer Rd"
          }
        ],
        "reliability_score": 71.42857360839844,
        "route_ids": [
          "aus:vic:vic-05-V50:",
          "aus:vic:vic-05-GVL:"
        ]
      }
    },
    {
      "type": "Feature",
      "geometry": {
        "type": "Point",
        "coordinates": [
          141.96387402,
          -37.77173751
        ]
      },
      "properties": {
        "average_wait_time": 999.0000610351562,
        "color": "#e74c3c",
        "connectivity_score": 7.0714287757873535,
        "coverage_score": 10.0,
        "frequency_score": 0.0,
        "id": "5-36329",
        "mode_id": 5,
        "mode_name": "Regional Coach",
        "name": "Church Rd/Henty Hwy",
        "nearby_stops": [],
        "reliability_score": 14.285715103149414,
        "route_ids": [
          "aus:vic:vic-05-V16:"
        ]
      }
    },
    {
      "type": "Feature",
      "geometry": {
        "type": "Point",
        "coordinates": [
          147.73905799,
          -37.81663636
        ]
      },
      "properties": {
        "average_wait_time": 333.5625,
        "color": "#e74c3c",
        "connectivity_score": 11.271429061889648,
        "coverage_score": 10.0,
        "frequency_score": 10.5,
        "id": "5-16316",
        "mode_id": 5,
        "mode_name": "Regional Coach",
        "name": "General Store/Princes Hwy",
        "nearby_stops": [],
        "reliability_score": 14.285715103149414,
        "route_ids": [
          "aus:vic:vic-05-V25:"
        ]
      }
    },
    {
      "type": "Feature",
      "geometry": {
        "type": "Point",
        "coordinates": [
          147.98268572,
          -37.88139728
        ]
      },
      "properties": {
        "average_wait_time": 342.0333557128906,
        "color": "#e74c3c",
        "connectivity_score": 17.171428680419922,
        "coverage_score": 20.0,
        "frequency_score": 16.5,
        "id": "5-41029",
        "mode_id": 5,
        "mode_name": "Regional Coach",
        "name": "Post Office North/Esplanade",
        "nearby_stops": [
          {
            "distance": 38.72233992990692,
            "id": "5-16556",
            "mode_name": "Regional Coach",
            "name": "Post Office/Princes Hwy"
          }
        ],
        "reliability_score": 14.285715103149414,
        "route_ids": [
          "aus:vic:vic-05-V25:"
        ]
      }
    },
    {
      "type": "Feature",
      "geometry": {
        "type": "Point",
        "coordinates": [
          143.34592772,
          -35.10442916
        ]
      },
      "properties": {
        "average_wait_time": 614.280029296875,
        "color": "#e74c3c",
        "connectivity_score": 16.47142791748047,
        "coverage_score": 30.0,
        "frequency_score": 6.0,
        "id": "5-16963",
        "mode_id": 5,
        "mode_name": "Regional Coach",
        "name": "Wood Wood General Store/Murray Valley Hwy",
        "nearby_stops": [
          {
            "distance": 38.20776365705172,
            "id": "5-16964",
            "mode_name": "Regional Coach",
            "name": "Wood Wood General Store/Murray Valley Hwy"
          }
        ],
        "reliability_score": 14.285715103149414,
        "route_ids": [
          "aus:vic:vic-05-V31:",
          "aus:vic:vic-05-V35:",
          "aus:vic:vic-05-V47:"
        ]
      }
    },
    {
      "type": "Feature",
      "geometry": {
        "type": "Point",
        "coordinates": [
          142.54677544,
          -37.63660607
        ]
      },
      "properties": {
        "average_wait_time": 792.300048828125,
        "color": "#e74c3c",
        "connectivity_score": 8.871429443359375,
        "coverage_score": 10.0,
        "frequency_score": 4.5,
        "id": "5-17756",
        "mode_id": 5,
        "mode_name": "Regional Coach",
        "name": "Cameron St/Glenelg Hwy",
        "nearby_stops": [
          {
            "distance": 44.30710510046542,
            "id": "5-17757",
            "mode_name": "Regional Coach",
            "name": "Cameron St/Glenelg Hwy"
          }
        ],
        "reliability_score": 14.285715103149414,
        "route_ids": [
          "aus:vic:vic-05-V29:"
        ]
      }
    },
    {
      "type": "Feature",
      "geometry": {
        "type": "Point",
        "coordinates": [
          144.73681176,
          -37.27804994
        ]
      },
      "properties": {
        "average_wait_time": 706.0,
        "color": "#e74c3c",
        "connectivity_score": 12.971427917480469,
        "coverage_score": 20.0,
        "frequency_score": 6.0,
        "id": "5-13764",
        "mode_id": 5,
        "mode_name": "Regional Coach",
        "name": "High St/Main Rd",
        "nearby_stops": [
          {
            "distance": 23.98471243062326,
            "id": "5-13763",
            "mode_name": "Regional Coach",
            "name": "High St/Main Rd"
          }
        ],
        "reliability_score": 14.285715103149414,
        "route_ids": [
          "aus:vic:vic-05-V10:"
        ]
      }
    },
    {
      "type": "Feature",
      "geometry": {
        "type": "Point",
        "coordinates": [
          143.86869502,
          -37.57521919
        ]
      },
      "properties": {
        "average_wait_time": 637.0,
        "color": "#e74c3c",
        "connectivity_score": 9.471428871154785,
        "coverage_score": 10.0,
        "frequency_score": 6.0,
        "id": "5-35476",
        "mode_id": 5,
        "mode_name": "Regional Coach",
        "name": "Sovereign Hill/Main Rd ",
        "nearby_stops": [
          {
            "distance": 38.92159819360993,
            "id": "5-35426",
            "mode_name": "Regional Coach",
            "name": "Sovereign Hill/Main Rd "
          }
        ],
        "reliability_score": 14.285715103149414,
        "route_ids": [
          "aus:vic:vic-05-V22:"
        ]
      }
    },
    {
      "type": "Feature",
      "geometry": {
        "type": "Point",
        "coordinates": [
          143.3823855,
          -37.42777151
        ]
      },
      "properties": {
        "average_wait_time": 405.5666809082031,
        "color": "#e74c3c",
        "connectivity_score": 18.27142906188965,
        "coverage_score": 30.0,
        "frequency_score": 10.5,
        "id": "5-17797",
        "mode_id": 5,
        "mode_name": "Regional Coach",
        "name": "Beaufort Station/Pratt St ",
        "nearby_stops": [],
        "reliability_score": 14.285715103149414,
        "route_ids": [
          "aus:vic:vic-05-V38:",
          "aus:vic:vic-05-V02:",
          "aus:vic:vic-05-V37:"
        ]
      }
    },
    {
      "type": "Feature",
      "geometry": {
        "type": "Point",
        "coordinates": [
          143.89083178,
          -38.63516564
        ]
      },
      "properties": {
        "average_wait_time": 331.2500305175781,
        "color": "#e74c3c",
        "connectivity_score": 19.671430587768555,
        "coverage_score": 10.0,
        "frequency_score": 31.500001907348633,
        "id": "5-17714",
        "mode_id": 5,
        "mode_name": "Regional Coach",
        "name": "McRae Rd/Great Ocean Rd",
        "nearby_stops": [
          {
            "distance": 24.579681122858194,
            "id": "5-17713",
            "mode_name": "Regional Coach",
            "name": "McRae Rd/Great Ocean Rd"
          }
        ],
        "reliability_score": 14.285715103149414,
        "route_ids": [
          "aus:vic:vic-05-V50:"
        ]
      }
    },
    {
      "type": "Feature",
      "geometry": {
        "type": "Point",
        "coordinates": [
          149.03060554,
          -34.96917584
        ]
      },
      "properties": {
        "average_wait_time": 999.0000610351562,
        "color": "#e74c3c",
        "connectivity_score": 7.0714287757873535,
        "coverage_score": 10.0,
        "frequency_score": 0.0,
        "id": "5-48734",
        "mode_id": 5,
        "mode_name": "Regional Coach",
        "name": "Jones Park Rest Area/Barton Hwy",
        "nearby_stops": [
          {
            "distance": 73.48562738043182,
            "id": "5-20826",
            "mode_name": "Regional Coach",
            "name": "Murrumbateman Hotel/Barton Hwy"
          }
        ],
        "reliability_score": 14.285715103149414,
        "route_ids": [
          "aus:vic:vic-05-V14:"
        ]
      }
    },
    {
      "type": "Feature",
      "geometry": {
        "type": "Point",
        "coordinates": [
          145.44101754,
          -36.08994788
        ]
      },
      "properties": {
        "average_wait_time": 623.4000244140625,
        "color": "#e74c3c",
        "connectivity_score": 12.971427917480469,
        "coverage_score": 20.0,
        "frequency_score": 6.0,
        "id": "5-17576",
        "mode_id": 5,
        "mode_name": "Regional Coach",
        "name": "Quinn St/Mieklejohn St",
        "nearby_stops": [],
        "reliability_score": 14.285715103149414,
        "route_ids": [
          "aus:vic:vic-05-V41:",
          "aus:vic:vic-05-V31:"
        ]
      }
    },
    {
      "type": "Feature",
      "geometry": {
        "type": "Point",
        "coordinates": [
          145.72746285,
          -38.63119346
        ]
      },
      "properties": {
        "average_wait_time": 413.16668701171875,
        "color": "#e74c3c",
        "connectivity_score": 11.271429061889648,
        "coverage_score": 10.0,
        "frequency_score": 10.5,
        "id": "5-44040",
        "mode_id": 5,
        "mode_name": "Regional Coach",
        "name": "Inverloch Police Station/Bayview Ave",
        "nearby_stops": [
          {
            "distance": 10.091656614975944,
            "id": "5-44041",
            "mode_name": "Regional Coach",
            "name": "Inverloch Police Station/Bayview Ave"
          }
        ],
        "reliability_score": 14.285715103149414,
        "route_ids": [
          "aus:vic:vic-05-V15:"
        ]
      }
    },
    {
      "type": "Feature",
      "geometry": {
        "type": "Point",
        "coordinates": [
          144.24451071,
          -36.79507231
        ]
      },
      "properties": {
        "average_wait_time": 620.0,
        "color": "#e74c3c",
        "connectivity_score": 12.971427917480469,
        "coverage_score": 20.0,
        "frequency_score": 6.0,
        "id": "5-16234",
        "mode_id": 5,
        "mode_name": "Regional Coach",
        "name": "Station St/High St ",
        "nearby_stops": [
          {
            "distance": 32.40725082816218,
            "id": "5-16235",
            "mode_name": "Regional Coach",
            "name": "Kangaroo Flat Station/High St"
          }
        ],
        "reliability_score": 14.285715103149414,
        "route_ids": [
          "aus:vic:vic-05-V22:",
          "aus:vic:vic-05-V32:"
        ]
      }
    },
    {
      "type": "Feature",
      "geometry": {
        "type": "Point",
        "coordinates": [
          143.87995583,
          -37.62811844
        ]
      },
      "properties": {
        "average_wait_time": 999.0000610351562,
        "color": "#e74c3c",
        "connectivity_score": 7.0714287757873535,
        "coverage_score": 10.0,
        "frequency_score": 0.0,
        "id": "5-16267",
        "mode_id": 5,
        "mode_name": "Regional Coach",
        "name": "Gear Ave/Warrenheip St",
        "nearby_stops": [
          {
            "distance": 23.059600074290174,
            "id": "5-16268",
            "mode_name": "Regional Coach",
            "name": "Gear Ave/Warrenheip St"
          }
        ],
        "reliability_score": 14.285715103149414,
        "route_ids": [
          "aus:vic:vic-05-V02:"
        ]
      }
    },
    {
      "type": "Feature",
      "geometry": {
        "type": "Point",
        "coordinates": [
          141.88129614,
          -37.82794022
        ]
      },
      "properties": {
        "average_wait_time": 646.0,
        "color": "#e74c3c",
        "connectivity_score": 9.471428871154785,
        "coverage_score": 10.0,
        "frequency_score": 6.0,
        "id": "5-36331",
        "mode_id": 5,
        "mode_name": "Regional Coach",
        "name": "7347 Henty Hwy",
        "nearby_stops": [],
        "reliability_score": 14.285715103149414,
        "route_ids": [
          "aus:vic:vic-05-V16:"
        ]
      }
    },
    {
      "type": "Feature",
      "geometry": {
        "type": "Point",
        "coordinates": [
          146.08256427,
          -38.69414711
        ]
      },
      "properties": {
        "average_wait_time": 407.9000244140625,
        "color": "#e74c3c",
        "connectivity_score": 11.271429061889648,
        "coverage_score": 10.0,
        "frequency_score": 10.5,
        "id": "5-17357",
        "mode_id": 5,
        "mode_name": "Regional Coach",
        "name": "Roo Fuel/Meeniyan - Promontory Rd",
        "nearby_stops": [
          {
            "distance": 16.193070259806966,
            "id": "5-17356",
            "mode_name": "Regional Coach",
            "name": "Roo Fuel/Meeniyan - Promontory Rd"
          }
        ],
        "reliability_score": 14.285715103149414,
        "route_ids": [
          "aus:vic:vic-05-V52:"
        ]
      }
    },
    {
      "type": "Feature",
      "geometry": {
        "type": "Point",
        "coordinates": [
          145.34689919,
          -37.75676812
        ]
      },
      "properties": {
        "average_wait_time": 663.4000244140625,
        "color": "#e74c3c",
        "connectivity_score": 9.471428871154785,
        "coverage_score": 10.0,
        "frequency_score": 6.0,
        "id": "5-28199",
        "mode_id": 5,
        "mode_name": "Regional Coach",
        "name": "Lilydale Station/Main St",
        "nearby_stops": [],
        "reliability_score": 14.285715103149414,
        "route_ids": [
          "aus:vic:vic-05-V28:"
        ]
      }
    },
    {
      "type": "Feature",
      "geometry": {
        "type": "Point",
        "coordinates": [
          148.53923084,
          -37.79597361
        ]
      },
      "properties": {
        "average_wait_time": 635.1000366210938,
        "color": "#e74c3c",
        "connectivity_score": 9.471428871154785,
        "coverage_score": 10.0,
        "frequency_score": 6.0,
        "id": "5-46432",
        "mode_id": 5,
        "mode_name": "Regional Coach",
        "name": "Marlo Primary School/Jorgensen St",
        "nearby_stops": [],
        "reliability_score": 14.285715103149414,
        "route_ids": [
          "aus:vic:vic-05-V25:"
        ]
      }
    },
    {
      "type": "Feature",
      "geometry": {
        "type": "Point",
        "coordinates": [
          143.70559018,
          -37.1722401
        ]
      },
      "properties": {
        "average_wait_time": 999.0000610351562,
        "color": "#e74c3c",
        "connectivity_score": 7.0714287757873535,
        "coverage_score": 10.0,
        "frequency_score": 0.0,
        "id": "5-47102",
        "mode_id": 5,
        "mode_name": "Regional Coach",
        "name": "Talbot Station/Railway St",
        "nearby_stops": [],
        "reliability_score": 14.285715103149414,
        "route_ids": [
          "aus:vic:vic-05-V34:"
        ]
      }
    },
    {
      "type": "Feature",
      "geometry": {
        "type": "Point",
        "coordinates": [
          145.53740807,
          -38.39843187
        ]
      },
      "properties": {
        "average_wait_time": 410.86669921875,
        "color": "#e74c3c",
        "connectivity_score": 11.271429061889648,
        "coverage_score": 10.0,
        "frequency_score": 10.5,
        "id": "5-38017",
        "mode_id": 5,
        "mode_name": "Regional Coach",
        "name": "Deep Creek St/Bass Hwy",
        "nearby_stops": [
          {
            "distance": 69.42929984143035,
            "id": "5-44164",
            "mode_name": "Regional Coach",
            "name": "Deep Creek St/Bass Hwy"
          }
        ],
        "reliability_score": 14.285715103149414,
        "route_ids": [
          "aus:vic:vic-05-V15:"
        ]
      }
    },
    {
      "type": "Feature",
      "geometry": {
        "type": "Point",
        "coordinates": [
          146.79123688,
          -37.9793192
        ]
      },
      "properties": {
        "average_wait_time": 452.20001220703125,
        "color": "#e74c3c",
        "connectivity_score": 11.271429061889648,
        "coverage_score": 10.0,
        "frequency_score": 10.5,
        "id": "5-17786",
        "mode_id": 5,
        "mode_name": "Regional Coach",
        "name": "Gordon St/Mary St",
        "nearby_stops": [],
        "reliability_score": 14.285715103149414,
        "route_ids": [
          "aus:vic:vic-05-V43:"
        ]
      }
    },
    {
      "type": "Feature",
      "geometry": {
        "type": "Point",
        "coordinates": [
          145.46636461,
          -38.48397983
        ]
      },
      "properties": {
        "average_wait_time": 336.4750061035156,
        "color": "#e74c3c",
        "connectivity_score": 11.271429061889648,
        "coverage_score": 10.0,
        "frequency_score": 10.5,
        "id": "5-17375",
        "mode_id": 5,
        "mode_name": "Regional Coach",
        "name": "5 Bass School Rd",
        "nearby_stops": [
          {
            "distance": 100.28051574107242,
            "id": "5-17376",
            "mode_name": "Regional Coach",
            "name": "63-65 Hade Ave"
          }
        ],
        "reliability_score": 14.285715103149414,
        "route_ids": [
          "aus:vic:vic-05-V15:"
        ]
      }
    },
    {
      "type": "Feature",
      "geometry": {
        "type": "Point",
        "coordinates": [
          143.70613183,
          -36.35554945
        ]
      },
      "properties": {
        "average_wait_time": 999.0000610351562,
        "color": "#e74c3c",
        "connectivity_score": 7.0714287757873535,
        "coverage_score": 10.0,
        "frequency_score": 0.0,
        "id": "5-42317",
        "mode_id": 5,
        "mode_name": "Regional Coach",
        "name": "Korong Vale/Allen St ",
        "nearby_stops": [
          {
            "distance": 27.284641065882308,
            "id": "5-42314",
            "mode_name": "Regional Coach",
            "name": "Korong Vale/Allen St "
          }
        ],
        "reliability_score": 14.285715103149414,
        "route_ids": [
          "aus:vic:vic-05-SWL:"
        ]
      }
    },
    {
      "type": "Feature",
      "geometry": {
        "type": "Point",
        "coordinates": [
          145.22530943,
          -36.44047613
        ]
      },
      "properties": {
        "average_wait_time": 411.2500305175781,
        "color": "#e74c3c",
        "connectivity_score": 14.771429061889648,
        "coverage_score": 20.0,
        "frequency_score": 10.5,
        "id": "5-17581",
        "mode_id": 5,
        "mode_name": "Regional Coach",
        "name": "Hogan St/Fraser St",
        "nearby_stops": [],
        "reliability_score": 14.285715103149414,
        "route_ids": [
          "aus:vic:vic-05-EC2:",
          "aus:vic:vic-05-V07:"
        ]
      }
    },
    {
      "type": "Feature",
      "geometry": {
        "type": "Point",
        "coordinates": [
          141.74686108,
          -37.95416175
        ]
      },
      "properties": {
        "average_wait_time": 655.2000732421875,
        "color": "#e74c3c",
        "connectivity_score": 9.471428871154785,
        "coverage_score": 10.0,
        "frequency_score": 6.0,
        "id": "5-39033",
        "mode_id": 5,
        "mode_name": "Regional Coach",
        "name": "Condah - Coleraine Rd/Henty Hwy",
        "nearby_stops": [],
        "reliability_score": 14.285715103149414,
        "route_ids": [
          "aus:vic:vic-05-V16:"
        ]
      }
    },
    {
      "type": "Feature",
      "geometry": {
        "type": "Point",
        "coordinates": [
          141.7942995,
          -36.36282179
        ]
      },
      "properties": {
        "average_wait_time": 999.0000610351562,
        "color": "#e74c3c",
        "connectivity_score": 7.0714287757873535,
        "coverage_score": 10.0,
        "frequency_score": 0.0,
        "id": "5-17833",
        "mode_id": 5,
        "mode_name": "Regional Coach",
        "name": "Western Hwy",
        "nearby_stops": [
          {
            "distance": 20.982990599176425,
            "id": "5-17832",
            "mode_name": "Regional Coach",
            "name": "Hotel/Western Hwy"
          }
        ],
        "reliability_score": 14.285715103149414,
        "route_ids": [
          "aus:vic:vic-05-V37:"
        ]
      }
    },
    {
      "type": "Feature",
      "geometry": {
        "type": "Point",
        "coordinates": [
          144.79617178,
          -36.59037797
        ]
      },
      "properties": {
        "average_wait_time": 999.0000610351562,
        "color": "#e74c3c",
        "connectivity_score": 7.0714287757873535,
        "coverage_score": 10.0,
        "frequency_score": 0.0,
        "id": "5-36894",
        "mode_id": 5,
        "mode_name": "Regional Coach",
        "name": "Colbinabbin General Store/Mitchell St",
        "nearby_stops": [
          {
            "distance": 19.01647830697684,
            "id": "5-36895",
            "mode_name": "Regional Coach",
            "name": "Colbinabbin General Store/Mitchell St"
          }
        ],
        "reliability_score": 14.285715103149414,
        "route_ids": [
          "aus:vic:vic-05-V07:"
        ]
      }
    },
    {
      "type": "Feature",
      "geometry": {
        "type": "Point",
        "coordinates": [
          145.04232245,
          -37.87694242
        ]
      },
      "properties": {
        "average_wait_time": 603.0,
        "color": "#e74c3c",
        "connectivity_score": 19.071428298950195,
        "coverage_score": 10.0,
        "frequency_score": 30.0,
        "id": "5-52537",
        "mode_id": 5,
        "mode_name": "Regional Coach",
        "name": "Caulfield Station/Sir John Monash Dr",
        "nearby_stops": [],
        "reliability_score": 14.285715103149414,
        "route_ids": [
          "aus:vic:vic-05-TRN:"
        ]
      }
    },
    {
      "type": "Feature",
      "geometry": {
        "type": "Point",
        "coordinates": [
          145.73935387,
          -35.35860131
        ]
      },
      "properties": {
        "average_wait_time": 999.0000610351562,
        "color": "#e74c3c",
        "connectivity_score": 7.0714287757873535,
        "coverage_score": 10.0,
        "frequency_score": 0.0,
        "id": "5-17531",
        "mode_id": 5,
        "mode_name": "Regional Coach",
        "name": "Caltex Roadhouse/Newell Hwy",
        "nearby_stops": [
          {
            "distance": 46.01779233176226,
            "id": "5-17486",
            "mode_name": "Regional Coach",
            "name": "Caltex Roadhouse/Newell Hwy"
          }
        ],
        "reliability_score": 14.285715103149414,
        "route_ids": [
          "aus:vic:vic-05-V41:"
        ]
      }
    },
    {
      "type": "Feature",
      "geometry": {
        "type": "Point",
        "coordinates": [
          143.72081371,
          -37.58975991
        ]
      },
      "properties": {
        "average_wait_time": 646.4000244140625,
        "color": "#e74c3c",
        "connectivity_score": 9.471428871154785,
        "coverage_score": 10.0,
        "frequency_score": 6.0,
        "id": "5-406",
        "mode_id": 5,
        "mode_name": "Regional Coach",
        "name": "Memorial Dr/Sago Hill Rd",
        "nearby_stops": [
          {
            "distance": 19.676381020006648,
            "id": "5-536",
            "mode_name": "Regional Coach",
            "name": "Memorial Dr/Sago Hill Rd"
          }
        ],
        "reliability_score": 14.285715103149414,
        "route_ids": [
          "aus:vic:vic-05-V06:"
        ]
      }
    },
    {
      "type": "Feature",
      "geometry": {
        "type": "Point",
        "coordinates": [
          146.66674565,
          -38.61461439
        ]
      },
      "properties": {
        "average_wait_time": 637.4000244140625,
        "color": "#e74c3c",
        "connectivity_score": 9.471428871154785,
        "coverage_score": 10.0,
        "frequency_score": 6.0,
        "id": "5-17363",
        "mode_id": 5,
        "mode_name": "Regional Coach",
        "name": "Alberton Store/South Gippsland Hwy",
        "nearby_stops": [
          {
            "distance": 30.72078442877628,
            "id": "5-17364",
            "mode_name": "Regional Coach",
            "name": "Alberton Store/South Gippsland Hwy"
          }
        ],
        "reliability_score": 14.285715103149414,
        "route_ids": [
          "aus:vic:vic-05-V52:"
        ]
      }
    },
    {
      "type": "Feature",
      "geometry": {
        "type": "Point",
        "coordinates": [
          143.65507034,
          -37.66817903
        ]
      },
      "properties": {
        "average_wait_time": 634.5,
        "color": "#e74c3c",
        "connectivity_score": 12.971427917480469,
        "coverage_score": 20.0,
        "frequency_score": 6.0,
        "id": "5-17772",
        "mode_id": 5,
        "mode_name": "Regional Coach",
        "name": "Drummond St/Glenelg Hwy",
        "nearby_stops": [
          {
            "distance": 180.3070515158274,
            "id": "5-17771",
            "mode_name": "Regional Coach",
            "name": "Drummond St/Glenelg Hwy"
          }
        ],
        "reliability_score": 14.285715103149414,
        "route_ids": [
          "aus:vic:vic-05-V29:",
          "aus:vic:vic-05-V06:"
        ]
      }
    },
    {
      "type": "Feature",
      "geometry": {
        "type": "Point",
        "coordinates": [
          142.52171043,
          -37.13436769
        ]
      },
      "properties": {
        "average_wait_time": 638.2000122070312,
        "color": "#e74c3c",
        "connectivity_score": 9.471428871154785,
        "coverage_score": 10.0,
        "frequency_score": 6.0,
        "id": "5-46103",
        "mode_id": 5,
        "mode_name": "Regional Coach",
        "name": "Recreation Reserve/Grampians Rd",
        "nearby_stops": [
          {
            "distance": 15.052353817538394,
            "id": "5-46102",
            "mode_name": "Regional Coach",
            "name": "Recreation Reserve/Grampians Rd"
          }
        ],
        "reliability_score": 14.285715103149414,
        "route_ids": [
          "aus:vic:vic-05-V24:"
        ]
      }
    },
    {
      "type": "Feature",
      "geometry": {
        "type": "Point",
        "coordinates": [
          145.56305307,
          -38.37153393
        ]
      },
      "properties": {
        "average_wait_time": 336.70001220703125,
        "color": "#e74c3c",
        "connectivity_score": 11.271429061889648,
        "coverage_score": 10.0,
        "frequency_score": 10.5,
        "id": "5-17970",
        "mode_id": 5,
        "mode_name": "Regional Coach",
        "name": "Gurdies - St Helier Rd/Bass Hwy",
        "nearby_stops": [
          {
            "distance": 67.37657262167022,
            "id": "5-38068",
            "mode_name": "Regional Coach",
            "name": "Gurdies - St Helier Rd/Bass Hwy"
          }
        ],
        "reliability_score": 14.285715103149414,
        "route_ids": [
          "aus:vic:vic-05-V15:"
        ]
      }
    },
    {
      "type": "Feature",
      "geometry": {
        "type": "Point",
        "coordinates": [
          145.37117309,
          -38.52065913
        ]
      },
      "properties": {
        "average_wait_time": 346.3500061035156,
        "color": "#e74c3c",
        "connectivity_score": 11.271429061889648,
        "coverage_score": 10.0,
        "frequency_score": 10.5,
        "id": "5-17378",
        "mode_id": 5,
        "mode_name": "Regional Coach",
        "name": "San Remo Post Office/Marine Pde",
        "nearby_stops": [],
        "reliability_score": 14.285715103149414,
        "route_ids": [
          "aus:vic:vic-05-V15:"
        ]
      }
    },
    {
      "type": "Feature",
      "geometry": {
        "type": "Point",
        "coordinates": [
          142.6308579,
          -36.63127847
        ]
      },
      "properties": {
        "average_wait_time": 633.4000244140625,
        "color": "#e74c3c",
        "connectivity_score": 19.97142791748047,
        "coverage_score": 40.0,
        "frequency_score": 6.0,
        "id": "5-17811",
        "mode_id": 5,
        "mode_name": "Regional Coach",
        "name": "Walter St/Cromie St",
        "nearby_stops": [
          {
            "distance": 62.855710322177124,
            "id": "5-17810",
            "mode_name": "Regional Coach",
            "name": "Walter St/Cromie St"
          }
        ],
        "reliability_score": 14.285715103149414,
        "route_ids": [
          "aus:vic:vic-05-V02:",
          "aus:vic:vic-05-V38:",
          "aus:vic:vic-05-V03:"
        ]
      }
    },
    {
      "type": "Feature",
      "geometry": {
        "type": "Point",
        "coordinates": [
          143.97458304,
          -36.41022777
        ]
      },
      "properties": {
        "average_wait_time": 607.6000366210938,
        "color": "#e74c3c",
        "connectivity_score": 11.871429443359375,
        "coverage_score": 10.0,
        "frequency_score": 12.0,
        "id": "5-16942",
        "mode_id": 5,
        "mode_name": "Regional Coach",
        "name": "Hunter St/Loddon Valley Hwy",
        "nearby_stops": [
          {
            "distance": 40.73926265939217,
            "id": "5-16941",
            "mode_name": "Regional Coach",
            "name": "Hunter St/Loddon Valley Hwy"
          }
        ],
        "reliability_score": 14.285715103149414,
        "route_ids": [
          "aus:vic:vic-05-V35:"
        ]
      }
    },
    {
      "type": "Feature",
      "geometry": {
        "type": "Point",
        "coordinates": [
          145.82881136,
          -38.44032193
        ]
      },
      "properties": {
        "average_wait_time": 336.9875183105469,
        "color": "#e74c3c",
        "connectivity_score": 11.271429061889648,
        "coverage_score": 10.0,
        "frequency_score": 10.5,
        "id": "5-17350",
        "mode_id": 5,
        "mode_name": "Regional Coach",
        "name": "Coal Creek Museum/South Gippsland Hwy",
        "nearby_stops": [
          {
            "distance": 186.25659323097275,
            "id": "5-17349",
            "mode_name": "Regional Coach",
            "name": "Coal Creek Museum/South Gippsland Hwy"
          }
        ],
        "reliability_score": 14.285715103149414,
        "route_ids": [
          "aus:vic:vic-05-V52:"
        ]
      }
    },
    {
      "type": "Feature",
      "geometry": {
        "type": "Point",
        "coordinates": [
          144.21977513,
          -35.80907445
        ]
      },
      "properties": {
        "average_wait_time": 434.6500244140625,
        "color": "#e74c3c",
        "connectivity_score": 18.27142906188965,
        "coverage_score": 30.0,
        "frequency_score": 10.5,
        "id": "5-16953",
        "mode_id": 5,
        "mode_name": "Regional Coach",
        "name": "Post Office/King Edward St",
        "nearby_stops": [],
        "reliability_score": 14.285715103149414,
        "route_ids": [
          "aus:vic:vic-05-V31:",
          "aus:vic:vic-05-V10:",
          "aus:vic:vic-05-V47:"
        ]
      }
    },
    {
      "type": "Feature",
      "geometry": {
        "type": "Point",
        "coordinates": [
          145.33493415,
          -38.52083418
        ]
      },
      "properties": {
        "average_wait_time": 352.33001708984375,
        "color": "#e74c3c",
        "connectivity_score": 11.271429061889648,
        "coverage_score": 10.0,
        "frequency_score": 10.5,
        "id": "5-38001",
        "mode_id": 5,
        "mode_name": "Regional Coach",
        "name": "Cape Woolamai/Phillip Island Rd",
        "nearby_stops": [
          {
            "distance": 23.922039786303433,
            "id": "5-37986",
            "mode_name": "Regional Coach",
            "name": "Cape Woolamai/Phillip Island Rd"
          }
        ],
        "reliability_score": 14.285715103149414,
        "route_ids": [
          "aus:vic:vic-05-V15:"
        ]
      }
    },
    {
      "type": "Feature",
      "geometry": {
        "type": "Point",
        "coordinates": [
          142.85911495,
          -36.14756331
        ]
      },
      "properties": {
        "average_wait_time": 999.0000610351562,
        "color": "#e74c3c",
        "connectivity_score": 7.0714287757873535,
        "coverage_score": 10.0,
        "frequency_score": 0.0,
        "id": "5-46415",
        "mode_id": 5,
        "mode_name": "Regional Coach",
        "name": "Hotel/Sunraysia Hwy",
        "nearby_stops": [
          {
            "distance": 3.914150551914313,
            "id": "5-17988",
            "mode_name": "Regional Coach",
            "name": "Hotel/Sunraysia Hwy"
          }
        ],
        "reliability_score": 14.285715103149414,
        "route_ids": [
          "aus:vic:vic-05-V34:"
        ]
      }
    },
    {
      "type": "Feature",
      "geometry": {
        "type": "Point",
        "coordinates": [
          144.94363202,
          -37.60242614
        ]
      },
      "properties": {
        "average_wait_time": 999.0000610351562,
        "color": "#e74c3c",
        "connectivity_score": 7.0714287757873535,
        "coverage_score": 10.0,
        "frequency_score": 0.0,
        "id": "5-52538",
        "mode_id": 5,
        "mode_name": "Regional Coach",
        "name": "Craigieburn Station/Potter St ",
        "nearby_stops": [],
        "reliability_score": 14.285715103149414,
        "route_ids": [
          "aus:vic:vic-05-SER:"
        ]
      }
    },
    {
      "type": "Feature",
      "geometry": {
        "type": "Point",
        "coordinates": [
          144.14665978,
          -36.87760677
        ]
      },
      "properties": {
        "average_wait_time": 999.0000610351562,
        "color": "#e74c3c",
        "connectivity_score": 7.0714287757873535,
        "coverage_score": 10.0,
        "frequency_score": 0.0,
        "id": "5-40742",
        "mode_id": 5,
        "mode_name": "Regional Coach",
        "name": "Pinjarra Dr/Bendigo - Maldon Rd",
        "nearby_stops": [],
        "reliability_score": 14.285715103149414,
        "route_ids": [
          "aus:vic:vic-05-V32:"
        ]
      }
    },
    {
      "type": "Feature",
      "geometry": {
        "type": "Point",
        "coordinates": [
          147.08092215,
          -37.96629068
        ]
      },
      "properties": {
        "average_wait_time": 649.5,
        "color": "#e74c3c",
        "connectivity_score": 12.971427917480469,
        "coverage_score": 20.0,
        "frequency_score": 6.0,
        "id": "5-16305",
        "mode_id": 5,
        "mode_name": "Regional Coach",
        "name": "Post Office/Hobson St",
        "nearby_stops": [
          {
            "distance": 103.66159875718154,
            "id": "5-52562",
            "mode_name": "Regional Coach",
            "name": "Stratford Station/Dixon St "
          },
          {
            "distance": 165.6215992154318,
            "id": "5-16304",
            "mode_name": "Regional Coach",
            "name": "Memorial Park/Princes Hwy"
          }
        ],
        "reliability_score": 14.285715103149414,
        "route_ids": [
          "aus:vic:vic-05-BDE:"
        ]
      }
    },
    {
      "type": "Feature",
      "geometry": {
        "type": "Point",
        "coordinates": [
          144.30111531,
          -35.90363714
        ]
      },
      "properties": {
        "average_wait_time": 999.0000610351562,
        "color": "#e74c3c",
        "connectivity_score": 7.0714287757873535,
        "coverage_score": 10.0,
        "frequency_score": 0.0,
        "id": "5-15114",
        "mode_id": 5,
        "mode_name": "Regional Coach",
        "name": "King Albert Ave/Leitchville Rd",
        "nearby_stops": [],
        "reliability_score": 14.285715103149414,
        "route_ids": [
          "aus:vic:vic-05-V10:"
        ]
      }
    },
    {
      "type": "Feature",
      "geometry": {
        "type": "Point",
        "coordinates": [
          141.71669437,
          -37.99703284
        ]
      },
      "properties": {
        "average_wait_time": 656.4000244140625,
        "color": "#e74c3c",
        "connectivity_score": 9.471428871154785,
        "coverage_score": 10.0,
        "frequency_score": 6.0,
        "id": "5-36332",
        "mode_id": 5,
        "mode_name": "Regional Coach",
        "name": "Triggers Rd/Henty Hwy",
        "nearby_stops": [],
        "reliability_score": 14.285715103149414,
        "route_ids": [
          "aus:vic:vic-05-V16:"
        ]
      }
    },
    {
      "type": "Feature",
      "geometry": {
        "type": "Point",
        "coordinates": [
          143.9119716,
          -37.3867031
        ]
      },
      "properties": {
        "average_wait_time": 637.6000366210938,
        "color": "#e74c3c",
        "connectivity_score": 9.471428871154785,
        "coverage_score": 10.0,
        "frequency_score": 6.0,
        "id": "5-42023",
        "mode_id": 5,
        "mode_name": "Regional Coach",
        "name": "Acacia Rd/Creswick-Newstead Rd",
        "nearby_stops": [
          {
            "distance": 29.513412588281675,
            "id": "5-20879",
            "mode_name": "Regional Coach",
            "name": "Acacia Rd/Creswick-Newstead Rd"
          }
        ],
        "reliability_score": 14.285715103149414,
        "route_ids": [
          "aus:vic:vic-05-V32:"
        ]
      }
    },
    {
      "type": "Feature",
      "geometry": {
        "type": "Point",
        "coordinates": [
          142.43203837,
          -38.18443064
        ]
      },
      "properties": {
        "average_wait_time": 999.0000610351562,
        "color": "#e74c3c",
        "connectivity_score": 7.0714287757873535,
        "coverage_score": 10.0,
        "frequency_score": 0.0,
        "id": "5-2221",
        "mode_id": 5,
        "mode_name": "Regional Coach",
        "name": "General Store/Warrnambool-Caramut Rd",
        "nearby_stops": [],
        "reliability_score": 14.285715103149414,
        "route_ids": [
          "aus:vic:vic-05-V16:"
        ]
      }
    },
    {
      "type": "Feature",
      "geometry": {
        "type": "Point",
        "coordinates": [
          144.85827703,
          -37.12173753
        ]
      },
      "properties": {
        "average_wait_time": 599.4000244140625,
        "color": "#e74c3c",
        "connectivity_score": 26.571428298950195,
        "coverage_score": 20.0,
        "frequency_score": 40.0,
        "id": "5-13768",
        "mode_id": 5,
        "mode_name": "Regional Coach",
        "name": "Power St/High St",
        "nearby_stops": [
          {
            "distance": 19.703864628987727,
            "id": "5-13767",
            "mode_name": "Regional Coach",
            "name": "Power St/High St"
          }
        ],
        "reliability_score": 14.285715103149414,
        "route_ids": [
          "aus:vic:vic-05-V07:",
          "aus:vic:vic-05-V20:"
        ]
      }
    },
    {
      "type": "Feature",
      "geometry": {
        "type": "Point",
        "coordinates": [
          141.62252495,
          -38.26699131
        ]
      },
      "properties": {
        "average_wait_time": 999.0000610351562,
        "color": "#e74c3c",
        "connectivity_score": 7.0714287757873535,
        "coverage_score": 10.0,
        "frequency_score": 0.0,
        "id": "5-36339",
        "mode_id": 5,
        "mode_name": "Regional Coach",
        "name": "Rivetts Rd/Princes Hwy",
        "nearby_stops": [],
        "reliability_score": 14.285715103149414,
        "route_ids": [
          "aus:vic:vic-05-V16:"
        ]
      }
    },
    {
      "type": "Feature",
      "geometry": {
        "type": "Point",
        "coordinates": [
          145.69010357,
          -35.912076
        ]
      },
      "properties": {
        "average_wait_time": 999.0000610351562,
        "color": "#e74c3c",
        "connectivity_score": 7.0714287757873535,
        "coverage_score": 10.0,
        "frequency_score": 0.0,
        "id": "5-17568",
        "mode_id": 5,
        "mode_name": "Regional Coach",
        "name": "General Store/Nangunia St",
        "nearby_stops": [
          {
            "distance": 50.65426349882706,
            "id": "5-17567",
            "mode_name": "Regional Coach",
            "name": "General Store/Nangunia St"
          }
        ],
        "reliability_score": 14.285715103149414,
        "route_ids": [
          "aus:vic:vic-05-V41:"
        ]
      }
    },
    {
      "type": "Feature",
      "geometry": {
        "type": "Point",
        "coordinates": [
          145.57508972,
          -35.88880497
        ]
      },
      "properties": {
        "average_wait_time": 999.0000610351562,
        "color": "#e74c3c",
        "connectivity_score": 7.0714287757873535,
        "coverage_score": 10.0,
        "frequency_score": 0.0,
        "id": "5-52525",
        "mode_id": 5,
        "mode_name": "Regional Coach",
        "name": "Big Strawberry Restaurant/Cobram-Koonoomoo Rd ",
        "nearby_stops": [
          {
            "distance": 153.22132542480486,
            "id": "5-41301",
            "mode_name": "Regional Coach",
            "name": "Big Strawberry Restaurant/Goulburn Valley Hwy"
          }
        ],
        "reliability_score": 14.285715103149414,
        "route_ids": [
          "aus:vic:vic-05-V41:"
        ]
      }
    },
    {
      "type": "Feature",
      "geometry": {
        "type": "Point",
        "coordinates": [
          144.33356192,
          -38.24094226
        ]
      },
      "properties": {
        "average_wait_time": 401.59002685546875,
        "color": "#e74c3c",
        "connectivity_score": 29.057144165039062,
        "coverage_score": 20.0,
        "frequency_score": 10.5,
        "id": "5-46711",
        "mode_id": 5,
        "mode_name": "Regional Coach",
        "name": "Feehans Rd/Surf Coast Hwy",
        "nearby_stops": [
          {
            "distance": 105.6933293720185,
            "id": "5-46712",
            "mode_name": "Regional Coach",
            "name": "Coastside Dr/Surf Coast Hwy"
          }
        ],
        "reliability_score": 71.42857360839844,
        "route_ids": [
          "aus:vic:vic-05-GVL:",
          "aus:vic:vic-05-V50:"
        ]
      }
    },
    {
      "type": "Feature",
      "geometry": {
        "type": "Point",
        "coordinates": [
          144.10023198,
          -38.46459348
        ]
      },
      "properties": {
        "average_wait_time": 345.3166809082031,
        "color": "#e74c3c",
        "connectivity_score": 29.057144165039062,
        "coverage_score": 20.0,
        "frequency_score": 10.5,
        "id": "5-17704",
        "mode_id": 5,
        "mode_name": "Regional Coach",
        "name": "Bambra Rd/Great Ocean Rd",
        "nearby_stops": [
          {
            "distance": 16.160629216882956,
            "id": "5-17703",
            "mode_name": "Regional Coach",
            "name": "Bambra Rd/Great Ocean Rd"
          }
        ],
        "reliability_score": 71.42857360839844,
        "route_ids": [
          "aus:vic:vic-05-GVL:",
          "aus:vic:vic-05-V50:"
        ]
      }
    },
    {
      "type": "Feature",
      "geometry": {
        "type": "Point",
        "coordinates": [
          143.44108149,
          -36.73105592
        ]
      },
      "properties": {
        "average_wait_time": 768.6000366210938,
        "color": "#e74c3c",
        "connectivity_score": 8.871429443359375,
        "coverage_score": 10.0,
        "frequency_score": 4.5,
        "id": "5-20898",
        "mode_id": 5,
        "mode_name": "Regional Coach",
        "name": "Dunolly Rd",
        "nearby_stops": [
          {
            "distance": 14.17518145522142,
            "id": "5-46075",
            "mode_name": "Regional Coach",
            "name": "Dunolly Rd"
          }
        ],
        "reliability_score": 14.285715103149414,
        "route_ids": [
          "aus:vic:vic-05-V19:"
        ]
      }
    },
    {
      "type": "Feature",
      "geometry": {
        "type": "Point",
        "coordinates": [
          141.39336055,
          -37.58988114
        ]
      },
      "properties": {
        "average_wait_time": 640.0,
        "color": "#e74c3c",
        "connectivity_score": 12.971427917480469,
        "coverage_score": 20.0,
        "frequency_score": 6.0,
        "id": "5-52108",
        "mode_id": 5,
        "mode_name": "Regional Coach",
        "name": "Casterton Memorial Hospital/Russell St",
        "nearby_stops": [
          {
            "distance": 11.29111974766488,
            "id": "5-52109",
            "mode_name": "Regional Coach",
            "name": "Casterton Memorial Hospital/Russell St"
          }
        ],
        "reliability_score": 14.285715103149414,
        "route_ids": [
          "aus:vic:vic-05-V16:",
          "aus:vic:vic-05-V29:"
        ]
      }
    },
    {
      "type": "Feature",
      "geometry": {
        "type": "Point",
        "coordinates": [
          145.23906754,
          -38.45904751
        ]
      },
      "properties": {
        "average_wait_time": 410.5,
        "color": "#e74c3c",
        "connectivity_score": 11.271429061889648,
        "coverage_score": 10.0,
        "frequency_score": 10.5,
        "id": "5-17381",
        "mode_id": 5,
        "mode_name": "Regional Coach",
        "name": "Walton St/Thompson Ave",
        "nearby_stops": [
          {
            "distance": 41.5699880714178,
            "id": "5-17382",
            "mode_name": "Regional Coach",
            "name": "Walton St/Thompson Ave"
          }
        ],
        "reliability_score": 14.285715103149414,
        "route_ids": [
          "aus:vic:vic-05-V15:"
        ]
      }
    },
    {
      "type": "Feature",
      "geometry": {
        "type": "Point",
        "coordinates": [
          144.69871741,
          -36.36227106
        ]
      },
      "properties": {
        "average_wait_time": 327.6500244140625,
        "color": "#e74c3c",
        "connectivity_score": 27.871427536010742,
        "coverage_score": 30.0,
        "frequency_score": 34.5,
        "id": "5-15105",
        "mode_id": 5,
        "mode_name": "Regional Coach",
        "name": "Rochester Station/Northern Hwy ",
        "nearby_stops": [],
        "reliability_score": 14.285715103149414,
        "route_ids": [
          "aus:vic:vic-05-ECH:",
          "aus:vic:vic-05-V10:",
          "aus:vic:vic-05-V20:"
        ]
      }
    },
    {
      "type": "Feature",
      "geometry": {
        "type": "Point",
        "coordinates": [
          143.93542787,
          -37.60837271
        ]
      },
      "properties": {
        "average_wait_time": 999.0000610351562,
        "color": "#e74c3c",
        "connectivity_score": 7.0714287757873535,
        "coverage_score": 10.0,
        "frequency_score": 0.0,
        "id": "5-16269",
        "mode_id": 5,
        "mode_name": "Regional Coach",
        "name": "Navigators Rd",
        "nearby_stops": [
          {
            "distance": 10.372916028439642,
            "id": "5-16270",
            "mode_name": "Regional Coach",
            "name": "Navigators Rd"
          }
        ],
        "reliability_score": 14.285715103149414,
        "route_ids": [
          "aus:vic:vic-05-V02:"
        ]
      }
    },
    {
      "type": "Feature",
      "geometry": {
        "type": "Point",
        "coordinates": [
          146.01198098,
          -38.57894421
        ]
      },
      "properties": {
        "average_wait_time": 407.9000244140625,
        "color": "#e74c3c",
        "connectivity_score": 11.271429061889648,
        "coverage_score": 10.0,
        "frequency_score": 10.5,
        "id": "5-17353",
        "mode_id": 5,
        "mode_name": "Regional Coach",
        "name": "Welsford St/South Gippsland Hwy",
        "nearby_stops": [
          {
            "distance": 274.49680573368255,
            "id": "5-17352",
            "mode_name": "Regional Coach",
            "name": "Welsford St/South Gippsland Hwy"
          }
        ],
        "reliability_score": 14.285715103149414,
        "route_ids": [
          "aus:vic:vic-05-V52:"
        ]
      }
    },
    {
      "type": "Feature",
      "geometry": {
        "type": "Point",
        "coordinates": [
          146.66691895,
          -38.6143986
        ]
      },
      "properties": {
        "average_wait_time": 637.4000244140625,
        "color": "#e74c3c",
        "connectivity_score": 9.471428871154785,
        "coverage_score": 10.0,
        "frequency_score": 6.0,
        "id": "5-17364",
        "mode_id": 5,
        "mode_name": "Regional Coach",
        "name": "Alberton Store/South Gippsland Hwy",
        "nearby_stops": [
          {
            "distance": 30.72078442877628,
            "id": "5-17363",
            "mode_name": "Regional Coach",
            "name": "Alberton Store/South Gippsland Hwy"
          }
        ],
        "reliability_score": 14.285715103149414,
        "route_ids": [
          "aus:vic:vic-05-V52:"
        ]
      }
    },
    {
      "type": "Feature",
      "geometry": {
        "type": "Point",
        "coordinates": [
          148.09159589,
          -37.73231257
        ]
      },
      "properties": {
        "average_wait_time": 619.75,
        "color": "#e74c3c",
        "connectivity_score": 12.971427917480469,
        "coverage_score": 20.0,
        "frequency_score": 6.0,
        "id": "5-20856",
        "mode_id": 5,
        "mode_name": "Regional Coach",
        "name": "Nowa Nowa General Store/Princes Hwy",
        "nearby_stops": [
          {
            "distance": 320.07176124277885,
            "id": "5-21710",
            "mode_name": "Regional Coach",
            "name": "Nowa Nowa/Princes Hwy"
          }
        ],
        "reliability_score": 14.285715103149414,
        "route_ids": [
          "aus:vic:vic-05-V25:",
          "aus:vic:vic-05-V09:"
        ]
      }
    },
    {
      "type": "Feature",
      "geometry": {
        "type": "Point",
        "coordinates": [
          141.70456073,
          -38.25434667
        ]
      },
      "properties": {
        "average_wait_time": 418.10003662109375,
        "color": "#e74c3c",
        "connectivity_score": 11.271429061889648,
        "coverage_score": 10.0,
        "frequency_score": 10.5,
        "id": "5-45871",
        "mode_id": 5,
        "mode_name": "Regional Coach",
        "name": "Narrawong Store/Princes Hwy",
        "nearby_stops": [
          {
            "distance": 37.4559477800498,
            "id": "5-17744",
            "mode_name": "Regional Coach",
            "name": "Narrawong Store/Princes Hwy"
          }
        ],
        "reliability_score": 14.285715103149414,
        "route_ids": [
          "aus:vic:vic-05-V30:"
        ]
      }
    },
    {
      "type": "Feature",
      "geometry": {
        "type": "Point",
        "coordinates": [
          147.92730406,
          -37.8402524
        ]
      },
      "properties": {
        "average_wait_time": 332.6500244140625,
        "color": "#e74c3c",
        "connectivity_score": 13.671428680419922,
        "coverage_score": 10.0,
        "frequency_score": 16.5,
        "id": "5-46441",
        "mode_id": 5,
        "mode_name": "Regional Coach",
        "name": "Forest Tech/Princes Hwy",
        "nearby_stops": [
          {
            "distance": 11.005414675597756,
            "id": "5-46449",
            "mode_name": "Regional Coach",
            "name": "Forest Tech/Princes Hwy"
          }
        ],
        "reliability_score": 14.285715103149414,
        "route_ids": [
          "aus:vic:vic-05-V25:"
        ]
      }
    },
    {
      "type": "Feature",
      "geometry": {
        "type": "Point",
        "coordinates": [
          148.0077144,
          -37.87477762
        ]
      },
      "properties": {
        "average_wait_time": 344.3600158691406,
        "color": "#e74c3c",
        "connectivity_score": 11.271429061889648,
        "coverage_score": 10.0,
        "frequency_score": 10.5,
        "id": "5-37910",
        "mode_id": 5,
        "mode_name": "Regional Coach",
        "name": "Middle St/Princes Hwy",
        "nearby_stops": [
          {
            "distance": 35.09134583547237,
            "id": "5-17776",
            "mode_name": "Regional Coach",
            "name": "Jetty Rd/Princes Hwy"
          }
        ],
        "reliability_score": 14.285715103149414,
        "route_ids": [
          "aus:vic:vic-05-V25:"
        ]
      }
    },
    {
      "type": "Feature",
      "geometry": {
        "type": "Point",
        "coordinates": [
          142.53132902,
          -36.38757588
        ]
      },
      "properties": {
        "average_wait_time": 772.050048828125,
        "color": "#e74c3c",
        "connectivity_score": 8.871429443359375,
        "coverage_score": 10.0,
        "frequency_score": 4.5,
        "id": "5-17815",
        "mode_id": 5,
        "mode_name": "Regional Coach",
        "name": "Sheep Hills Rd/Stawell-Warracknabeal Rd",
        "nearby_stops": [
          {
            "distance": 20.394442265787973,
            "id": "5-17814",
            "mode_name": "Regional Coach",
            "name": "Sheep Hills Rd/Stawell-Warracknabeal Rd"
          }
        ],
        "reliability_score": 14.285715103149414,
        "route_ids": [
          "aus:vic:vic-05-V38:"
        ]
      }
    },
    {
      "type": "Feature",
      "geometry": {
        "type": "Point",
        "coordinates": [
          145.6721718,
          -38.33491718
        ]
      },
      "properties": {
        "average_wait_time": 336.6625061035156,
        "color": "#e74c3c",
        "connectivity_score": 11.271429061889648,
        "coverage_score": 10.0,
        "frequency_score": 10.5,
        "id": "5-17343",
        "mode_id": 5,
        "mode_name": "Regional Coach",
        "name": "Mitchell St/Davis St",
        "nearby_stops": [
          {
            "distance": 132.79081448691608,
            "id": "5-17344",
            "mode_name": "Regional Coach",
            "name": "Mitchell St/Davis St"
          }
        ],
        "reliability_score": 14.285715103149414,
        "route_ids": [
          "aus:vic:vic-05-V52:"
        ]
      }
    },
    {
      "type": "Feature",
      "geometry": {
        "type": "Point",
        "coordinates": [
          143.66906494,
          -38.7545439
        ]
      },
      "properties": {
        "average_wait_time": 329.73333740234375,
        "color": "#e74c3c",
        "connectivity_score": 13.071428298950195,
        "coverage_score": 10.0,
        "frequency_score": 15.0,
        "id": "5-17720",
        "mode_id": 5,
        "mode_name": "Regional Coach",
        "name": "Visitor Information Centre/Great Ocean Rd",
        "nearby_stops": [],
        "reliability_score": 14.285715103149414,
        "route_ids": [
          "aus:vic:vic-05-V50:"
        ]
      }
    },
    {
      "type": "Feature",
      "geometry": {
        "type": "Point",
        "coordinates": [
          145.67246755,
          -38.333758
        ]
      },
      "properties": {
        "average_wait_time": 336.6625061035156,
        "color": "#e74c3c",
        "connectivity_score": 11.271429061889648,
        "coverage_score": 10.0,
        "frequency_score": 10.5,
        "id": "5-17344",
        "mode_id": 5,
        "mode_name": "Regional Coach",
        "name": "Mitchell St/Davis St",
        "nearby_stops": [
          {
            "distance": 132.79081448691608,
            "id": "5-17343",
            "mode_name": "Regional Coach",
            "name": "Mitchell St/Davis St"
          }
        ],
        "reliability_score": 14.285715103149414,
        "route_ids": [
          "aus:vic:vic-05-V52:"
        ]
      }
    },
    {
      "type": "Feature",
      "geometry": {
        "type": "Point",
        "coordinates": [
          142.54704074,
          -37.63690431
        ]
      },
      "properties": {
        "average_wait_time": 792.300048828125,
        "color": "#e74c3c",
        "connectivity_score": 8.871429443359375,
        "coverage_score": 10.0,
        "frequency_score": 4.5,
        "id": "5-17757",
        "mode_id": 5,
        "mode_name": "Regional Coach",
        "name": "Cameron St/Glenelg Hwy",
        "nearby_stops": [
          {
            "distance": 44.30710510046542,
            "id": "5-17756",
            "mode_name": "Regional Coach",
            "name": "Cameron St/Glenelg Hwy"
          }
        ],
        "reliability_score": 14.285715103149414,
        "route_ids": [
          "aus:vic:vic-05-V29:"
        ]
      }
    },
    {
      "type": "Feature",
      "geometry": {
        "type": "Point",
        "coordinates": [
          142.51897838,
          -37.14062297
        ]
      },
      "properties": {
        "average_wait_time": 322.1000061035156,
        "color": "#e74c3c",
        "connectivity_score": 18.4714298248291,
        "coverage_score": 10.0,
        "frequency_score": 28.5,
        "id": "5-17806",
        "mode_id": 5,
        "mode_name": "Regional Coach",
        "name": "Information Centre/Grampians Rd",
        "nearby_stops": [
          {
            "distance": 35.4582998562506,
            "id": "5-30992",
            "mode_name": "Regional Coach",
            "name": "Information Centre/Grampians Rd"
          }
        ],
        "reliability_score": 14.285715103149414,
        "route_ids": [
          "aus:vic:vic-05-V24:"
        ]
      }
    },
    {
      "type": "Feature",
      "geometry": {
        "type": "Point",
        "coordinates": [
          144.20820825,
          -37.07240214
        ]
      },
      "properties": {
        "average_wait_time": 376.1500244140625,
        "color": "#e74c3c",
        "connectivity_score": 11.271429061889648,
        "coverage_score": 10.0,
        "frequency_score": 10.5,
        "id": "5-48745",
        "mode_id": 5,
        "mode_name": "Regional Coach",
        "name": "Elizabeth St/Johnstone St",
        "nearby_stops": [
          {
            "distance": 38.510129240141126,
            "id": "5-35586",
            "mode_name": "Regional Coach",
            "name": "Elizabeth St/Johnstone St"
          }
        ],
        "reliability_score": 14.285715103149414,
        "route_ids": [
          "aus:vic:vic-05-V27:"
        ]
      }
    },
    {
      "type": "Feature",
      "geometry": {
        "type": "Point",
        "coordinates": [
          143.92078681,
          -36.12572491
        ]
      },
      "properties": {
        "average_wait_time": 615.800048828125,
        "color": "#e74c3c",
        "connectivity_score": 9.471428871154785,
        "coverage_score": 10.0,
        "frequency_score": 6.0,
        "id": "5-16950",
        "mode_id": 5,
        "mode_name": "Regional Coach",
        "name": "Boort - Pyramid Rd/Loddon Valley Hwy",
        "nearby_stops": [],
        "reliability_score": 14.285715103149414,
        "route_ids": [
          "aus:vic:vic-05-V35:"
        ]
      }
    },
    {
      "type": "Feature",
      "geometry": {
        "type": "Point",
        "coordinates": [
          146.53869655,
          -38.19832035
        ]
      },
      "properties": {
        "average_wait_time": 320.88909912109375,
        "color": "#e74c3c",
        "connectivity_score": 24.171428680419922,
        "coverage_score": 40.0,
        "frequency_score": 16.5,
        "id": "5-16295",
        "mode_id": 5,
        "mode_name": "Regional Coach",
        "name": "Traralgon Station/Princes St ",
        "nearby_stops": [
          {
            "distance": 433.34304741325485,
            "id": "5-16297",
            "mode_name": "Regional Coach",
            "name": "Traralgon Plaza SC/Franklin St"
          }
        ],
        "reliability_score": 14.285715103149414,
        "route_ids": [
          "aus:vic:vic-05-V25:",
          "aus:vic:vic-05-V43:",
          "aus:vic:vic-05-BDE:",
          "aus:vic:vic-05-TRN:"
        ]
      }
    },
    {
      "type": "Feature",
      "geometry": {
        "type": "Point",
        "coordinates": [
          144.13205842,
          -36.73550392
        ]
      },
      "properties": {
        "average_wait_time": 653.4000244140625,
        "color": "#e74c3c",
        "connectivity_score": 12.971427917480469,
        "coverage_score": 20.0,
        "frequency_score": 6.0,
        "id": "5-16245",
        "mode_id": 5,
        "mode_name": "Regional Coach",
        "name": "Marong/Calder Hwy ",
        "nearby_stops": [
          {
            "distance": 43.293000043329954,
            "id": "5-16246",
            "mode_name": "Regional Coach",
            "name": "Marong/Calder Hwy "
          }
        ],
        "reliability_score": 14.285715103149414,
        "route_ids": [
          "aus:vic:vic-05-SWL:",
          "aus:vic:vic-05-V39:"
        ]
      }
    },
    {
      "type": "Feature",
      "geometry": {
        "type": "Point",
        "coordinates": [
          142.3425624,
          -37.64946351
        ]
      },
      "properties": {
        "average_wait_time": 792.300048828125,
        "color": "#e74c3c",
        "connectivity_score": 8.871429443359375,
        "coverage_score": 10.0,
        "frequency_score": 4.5,
        "id": "5-17754",
        "mode_id": 5,
        "mode_name": "Regional Coach",
        "name": "Information Centre/Glenelg Hwy",
        "nearby_stops": [
          {
            "distance": 2.383805566706058,
            "id": "5-17755",
            "mode_name": "Regional Coach",
            "name": "Information Centre/Glenelg Hwy"
          }
        ],
        "reliability_score": 14.285715103149414,
        "route_ids": [
          "aus:vic:vic-05-V29:"
        ]
      }
    },
    {
      "type": "Feature",
      "geometry": {
        "type": "Point",
        "coordinates": [
          144.50506586,
          -36.6150544
        ]
      },
      "properties": {
        "average_wait_time": 628.9000244140625,
        "color": "#e74c3c",
        "connectivity_score": 9.471428871154785,
        "coverage_score": 10.0,
        "frequency_score": 6.0,
        "id": "5-47913",
        "mode_id": 5,
        "mode_name": "Regional Coach",
        "name": "Goornong Station/Midland Hwy ",
        "nearby_stops": [
          {
            "distance": 19.00420001157989,
            "id": "5-20890",
            "mode_name": "Regional Coach",
            "name": "Goornong Station/Midland Hwy"
          }
        ],
        "reliability_score": 14.285715103149414,
        "route_ids": [
          "aus:vic:vic-05-ECH:"
        ]
      }
    },
    {
      "type": "Feature",
      "geometry": {
        "type": "Point",
        "coordinates": [
          144.1320304,
          -37.9669044
        ]
      },
      "properties": {
        "average_wait_time": 633.6666870117188,
        "color": "#e74c3c",
        "connectivity_score": 12.971427917480469,
        "coverage_score": 20.0,
        "frequency_score": 6.0,
        "id": "5-20909",
        "mode_id": 5,
        "mode_name": "Regional Coach",
        "name": "General Store/Midland Hwy",
        "nearby_stops": [
          {
            "distance": 15.040836845505346,
            "id": "5-45969",
            "mode_name": "Regional Coach",
            "name": "General Store/Midland Hwy"
          }
        ],
        "reliability_score": 14.285715103149414,
        "route_ids": [
          "aus:vic:vic-05-V22:",
          "aus:vic:vic-05-V02:"
        ]
      }
    },
    {
      "type": "Feature",
      "geometry": {
        "type": "Point",
        "coordinates": [
          142.16323421,
          -34.18210554
        ]
      },
      "properties": {
        "average_wait_time": 647.800048828125,
        "color": "#e74c3c",
        "connectivity_score": 16.47142791748047,
        "coverage_score": 30.0,
        "frequency_score": 6.0,
        "id": "5-17976",
        "mode_id": 5,
        "mode_name": "Regional Coach",
        "name": "Mildura Station/Seventh St ",
        "nearby_stops": [],
        "reliability_score": 14.285715103149414,
        "route_ids": [
          "aus:vic:vic-05-V35:",
          "aus:vic:vic-05-V34:",
          "aus:vic:vic-05-V31:"
        ]
      }
    },
    {
      "type": "Feature",
      "geometry": {
        "type": "Point",
        "coordinates": [
          145.21817666,
          -36.61687032
        ]
      },
      "properties": {
        "average_wait_time": 351.3399963378906,
        "color": "#e74c3c",
        "connectivity_score": 14.771429061889648,
        "coverage_score": 20.0,
        "frequency_score": 10.5,
        "id": "5-15145",
        "mode_id": 5,
        "mode_name": "Regional Coach",
        "name": "Murchison/Stevenson St",
        "nearby_stops": [
          {
            "distance": 125.25549753932061,
            "id": "5-17155",
            "mode_name": "Regional Coach",
            "name": "Murchison/Stevenson St"
          }
        ],
        "reliability_score": 14.285715103149414,
        "route_ids": [
          "aus:vic:vic-05-EC2:",
          "aus:vic:vic-05-V41:"
        ]
      }
    },
    {
      "type": "Feature",
      "geometry": {
        "type": "Point",
        "coordinates": [
          145.85368487,
          -37.02656884
        ]
      },
      "properties": {
        "average_wait_time": 653.9000244140625,
        "color": "#e74c3c",
        "connectivity_score": 9.471428871154785,
        "coverage_score": 10.0,
        "frequency_score": 6.0,
        "id": "5-46510",
        "mode_id": 5,
        "mode_name": "Regional Coach",
        "name": "Phillip St/Bon Cres",
        "nearby_stops": [
          {
            "distance": 3.2079071063602713,
            "id": "5-18680",
            "mode_name": "Regional Coach",
            "name": "Phillip St/Bon Cres"
          }
        ],
        "reliability_score": 14.285715103149414,
        "route_ids": [
          "aus:vic:vic-05-V28:"
        ]
      }
    },
    {
      "type": "Feature",
      "geometry": {
        "type": "Point",
        "coordinates": [
          145.8775368,
          -36.16403339
        ]
      },
      "properties": {
        "average_wait_time": 439.25,
        "color": "#e74c3c",
        "connectivity_score": 11.271429061889648,
        "coverage_score": 10.0,
        "frequency_score": 10.5,
        "id": "5-17242",
        "mode_id": 5,
        "mode_name": "Regional Coach",
        "name": "Saunders Reserve/Middleton St",
        "nearby_stops": [
          {
            "distance": 21.17062264285923,
            "id": "5-17243",
            "mode_name": "Regional Coach",
            "name": "Saunders Reserve/Middleton St"
          }
        ],
        "reliability_score": 14.285715103149414,
        "route_ids": [
          "aus:vic:vic-05-V36:"
        ]
      }
    },
    {
      "type": "Feature",
      "geometry": {
        "type": "Point",
        "coordinates": [
          142.87756819,
          -38.60700037
        ]
      },
      "properties": {
        "average_wait_time": 676.4000244140625,
        "color": "#e74c3c",
        "connectivity_score": 9.471428871154785,
        "coverage_score": 10.0,
        "frequency_score": 6.0,
        "id": "5-17729",
        "mode_id": 5,
        "mode_name": "Regional Coach",
        "name": "Peterborough General Store/Macs St ",
        "nearby_stops": [],
        "reliability_score": 14.285715103149414,
        "route_ids": [
          "aus:vic:vic-05-V50:"
        ]
      }
    },
    {
      "type": "Feature",
      "geometry": {
        "type": "Point",
        "coordinates": [
          145.5601655,
          -35.92556218
        ]
      },
      "properties": {
        "average_wait_time": 625.4000244140625,
        "color": "#e74c3c",
        "connectivity_score": 12.971427917480469,
        "coverage_score": 20.0,
        "frequency_score": 6.0,
        "id": "5-17570",
        "mode_id": 5,
        "mode_name": "Regional Coach",
        "name": "Kokoda Rd/Murray Valley Hwy",
        "nearby_stops": [
          {
            "distance": 36.056350818830225,
            "id": "5-17571",
            "mode_name": "Regional Coach",
            "name": "Kokoda Rd/Murray Valley Hwy"
          }
        ],
        "reliability_score": 14.285715103149414,
        "route_ids": [
          "aus:vic:vic-05-V41:",
          "aus:vic:vic-05-V31:"
        ]
      }
    },
    {
      "type": "Feature",
      "geometry": {
        "type": "Point",
        "coordinates": [
          147.96189395,
          -37.87924371
        ]
      },
      "properties": {
        "average_wait_time": 344.3000183105469,
        "color": "#e74c3c",
        "connectivity_score": 11.271429061889648,
        "coverage_score": 10.0,
        "frequency_score": 10.5,
        "id": "5-16554",
        "mode_id": 5,
        "mode_name": "Regional Coach",
        "name": "Lookout Rd/Princes Hwy",
        "nearby_stops": [],
        "reliability_score": 14.285715103149414,
        "route_ids": [
          "aus:vic:vic-05-V25:"
        ]
      }
    },
    {
      "type": "Feature",
      "geometry": {
        "type": "Point",
        "coordinates": [
          143.75174836,
          -37.04843489
        ]
      },
      "properties": {
        "average_wait_time": 632.2000122070312,
        "color": "#e74c3c",
        "connectivity_score": 9.471428871154785,
        "coverage_score": 10.0,
        "frequency_score": 6.0,
        "id": "5-42320",
        "mode_id": 5,
        "mode_name": "Regional Coach",
        "name": "Sutton Rd",
        "nearby_stops": [
          {
            "distance": 60.76495940869289,
            "id": "5-46076",
            "mode_name": "Regional Coach",
            "name": "Sutton Rd"
          }
        ],
        "reliability_score": 14.285715103149414,
        "route_ids": [
          "aus:vic:vic-05-V27:"
        ]
      }
    },
    {
      "type": "Feature",
      "geometry": {
        "type": "Point",
        "coordinates": [
          143.25856264,
          -36.61532919
        ]
      },
      "properties": {
        "average_wait_time": 410.0500183105469,
        "color": "#e74c3c",
        "connectivity_score": 18.27142906188965,
        "coverage_score": 30.0,
        "frequency_score": 10.5,
        "id": "5-17992",
        "mode_id": 5,
        "mode_name": "Regional Coach",
        "name": "Dundas St/Market St",
        "nearby_stops": [
          {
            "distance": 7.431650609550495,
            "id": "5-17991",
            "mode_name": "Regional Coach",
            "name": "Dundas St/Market St"
          }
        ],
        "reliability_score": 14.285715103149414,
        "route_ids": [
          "aus:vic:vic-05-V19:",
          "aus:vic:vic-05-V03:",
          "aus:vic:vic-05-V34:"
        ]
      }
    },
    {
      "type": "Feature",
      "geometry": {
        "type": "Point",
        "coordinates": [
          144.3337909,
          -38.24186651
        ]
      },
      "properties": {
        "average_wait_time": 401.59002685546875,
        "color": "#e74c3c",
        "connectivity_score": 29.057144165039062,
        "coverage_score": 20.0,
        "frequency_score": 10.5,
        "id": "5-46712",
        "mode_id": 5,
        "mode_name": "Regional Coach",
        "name": "Coastside Dr/Surf Coast Hwy",
        "nearby_stops": [
          {
            "distance": 105.6933293720185,
            "id": "5-46711",
            "mode_name": "Regional Coach",
            "name": "Feehans Rd/Surf Coast Hwy"
          }
        ],
        "reliability_score": 71.42857360839844,
        "route_ids": [
          "aus:vic:vic-05-GVL:"
        ]
      }
    },
    {
      "type": "Feature",
      "geometry": {
        "type": "Point",
        "coordinates": [
          145.20580715,
          -37.09526904
        ]
      },
      "properties": {
        "average_wait_time": 999.0000610351562,
        "color": "#e74c3c",
        "connectivity_score": 7.0714287757873535,
        "coverage_score": 10.0,
        "frequency_score": 0.0,
        "id": "5-49022",
        "mode_id": 5,
        "mode_name": "Regional Coach",
        "name": "Upper Goulburn Rd/Goulburn Valley Hwy",
        "nearby_stops": [
          {
            "distance": 246.8341120793195,
            "id": "5-41625",
            "mode_name": "Regional Coach",
            "name": "Upper Goulburn Rd/Goulburn Valley Hwy"
          }
        ],
        "reliability_score": 14.285715103149414,
        "route_ids": [
          "aus:vic:vic-05-als:"
        ]
      }
    },
    {
      "type": "Feature",
      "geometry": {
        "type": "Point",
        "coordinates": [
          144.21415854,
          -37.0628459
        ]
      },
      "properties": {
        "average_wait_time": 366.45001220703125,
        "color": "#e74c3c",
        "connectivity_score": 14.771429061889648,
        "coverage_score": 20.0,
        "frequency_score": 10.5,
        "id": "5-16231",
        "mode_id": 5,
        "mode_name": "Regional Coach",
        "name": "Castlemaine Station/Kennedy St ",
        "nearby_stops": [],
        "reliability_score": 14.285715103149414,
        "route_ids": [
          "aus:vic:vic-05-V27:",
          "aus:vic:vic-05-V22:"
        ]
      }
    },
    {
      "type": "Feature",
      "geometry": {
        "type": "Point",
        "coordinates": [
          142.09441073,
          -37.76607378
        ]
      },
      "properties": {
        "average_wait_time": 691.4000244140625,
        "color": "#e74c3c",
        "connectivity_score": 9.471428871154785,
        "coverage_score": 10.0,
        "frequency_score": 6.0,
        "id": "5-2574",
        "mode_id": 5,
        "mode_name": "Regional Coach",
        "name": "Tarrington Lutheran School/Hamilton Hwy",
        "nearby_stops": [
          {
            "distance": 21.97717028700829,
            "id": "5-45966",
            "mode_name": "Regional Coach",
            "name": "Tarrington Lutheran School/Hamilton Hwy"
          }
        ],
        "reliability_score": 14.285715103149414,
        "route_ids": [
          "aus:vic:vic-05-V16:"
        ]
      }
    },
    {
      "type": "Feature",
      "geometry": {
        "type": "Point",
        "coordinates": [
          145.54656746,
          -38.56346525
        ]
      },
      "properties": {
        "average_wait_time": 410.86669921875,
        "color": "#e74c3c",
        "connectivity_score": 11.271429061889648,
        "coverage_score": 10.0,
        "frequency_score": 10.5,
        "id": "5-17386",
        "mode_id": 5,
        "mode_name": "Regional Coach",
        "name": "Ozone Hotel/Bass Hwy",
        "nearby_stops": [
          {
            "distance": 22.215164328759077,
            "id": "5-17387",
            "mode_name": "Regional Coach",
            "name": "Ozone Hotel/Bass Hwy"
          }
        ],
        "reliability_score": 14.285715103149414,
        "route_ids": [
          "aus:vic:vic-05-V15:"
        ]
      }
    },
    {
      "type": "Feature",
      "geometry": {
        "type": "Point",
        "coordinates": [
          145.43186198,
          -36.23912022
        ]
      },
      "properties": {
        "average_wait_time": 414.75,
        "color": "#e74c3c",
        "connectivity_score": 14.771429061889648,
        "coverage_score": 20.0,
        "frequency_score": 10.5,
        "id": "5-17579",
        "mode_id": 5,
        "mode_name": "Regional Coach",
        "name": "Victoria Rd/Goulburn Valley Hwy",
        "nearby_stops": [
          {
            "distance": 46.38921924344284,
            "id": "5-17580",
            "mode_name": "Regional Coach",
            "name": "Victoria Rd/Goulburn Valley Hwy"
          }
        ],
        "reliability_score": 14.285715103149414,
        "route_ids": [
          "aus:vic:vic-05-V41:"
        ]
      }
    },
    {
      "type": "Feature",
      "geometry": {
        "type": "Point",
        "coordinates": [
          145.35779179,
          -38.51490323
        ]
      },
      "properties": {
        "average_wait_time": 347.1675109863281,
        "color": "#e74c3c",
        "connectivity_score": 11.271429061889648,
        "coverage_score": 10.0,
        "frequency_score": 10.5,
        "id": "5-17379",
        "mode_id": 5,
        "mode_name": "Regional Coach",
        "name": "Forrest Ave/Phillip Island Rd",
        "nearby_stops": [
          {
            "distance": 155.77398368825303,
            "id": "5-17380",
            "mode_name": "Regional Coach",
            "name": "Forrest Ave/Phillip Island Rd"
          }
        ],
        "reliability_score": 14.285715103149414,
        "route_ids": [
          "aus:vic:vic-05-V15:"
        ]
      }
    },
    {
      "type": "Feature",
      "geometry": {
        "type": "Point",
        "coordinates": [
          146.57354279,
          -38.12547714
        ]
      },
      "properties": {
        "average_wait_time": 452.20001220703125,
        "color": "#e74c3c",
        "connectivity_score": 11.271429061889648,
        "coverage_score": 10.0,
        "frequency_score": 10.5,
        "id": "5-17792",
        "mode_id": 5,
        "mode_name": "Regional Coach",
        "name": "Opp Glengarry Hotel/Main St",
        "nearby_stops": [],
        "reliability_score": 14.285715103149414,
        "route_ids": [
          "aus:vic:vic-05-V43:"
        ]
      }
    },
    {
      "type": "Feature",
      "geometry": {
        "type": "Point",
        "coordinates": [
          146.01812108,
          -38.64985454
        ]
      },
      "properties": {
        "average_wait_time": 407.9000244140625,
        "color": "#e74c3c",
        "connectivity_score": 11.271429061889648,
        "coverage_score": 10.0,
        "frequency_score": 10.5,
        "id": "5-17355",
        "mode_id": 5,
        "mode_name": "Regional Coach",
        "name": "Neals Rd/Meeniyan - Promontory Rd",
        "nearby_stops": [
          {
            "distance": 9.164174051033896,
            "id": "5-17354",
            "mode_name": "Regional Coach",
            "name": "Neals Rd/Meeniyan - Promontory Rd"
          }
        ],
        "reliability_score": 14.285715103149414,
        "route_ids": [
          "aus:vic:vic-05-V52:"
        ]
      }
    },
    {
      "type": "Feature",
      "geometry": {
        "type": "Point",
        "coordinates": [
          145.36114276,
          -36.39457124
        ]
      },
      "properties": {
        "average_wait_time": 337.6097412109375,
        "color": "#e74c3c",
        "connectivity_score": 28.77142906188965,
        "coverage_score": 60.0,
        "frequency_score": 10.5,
        "id": "5-15124",
        "mode_id": 5,
        "mode_name": "Regional Coach",
        "name": "Mill St/Midland Hwy",
        "nearby_stops": [
          {
            "distance": 58.61629693629994,
            "id": "5-15123",
            "mode_name": "Regional Coach",
            "name": "Mill St/McLennan St"
          }
        ],
        "reliability_score": 14.285715103149414,
        "route_ids": [
          "aus:vic:vic-05-V31:",
          "aus:vic:vic-05-V11:",
          "aus:vic:vic-05-V41:",
          "aus:vic:vic-05-V47:",
          "aus:vic:vic-05-EC2:",
          "aus:vic:vic-05-V07:"
        ]
      }
    },
    {
      "type": "Feature",
      "geometry": {
        "type": "Point",
        "coordinates": [
          144.27988021,
          -38.08929281
        ]
      },
      "properties": {
        "average_wait_time": 388.20001220703125,
        "color": "#e74c3c",
        "connectivity_score": 14.771429061889648,
        "coverage_score": 20.0,
        "frequency_score": 10.5,
        "id": "5-3279",
        "mode_id": 5,
        "mode_name": "Regional Coach",
        "name": "River St/Midland Hwy",
        "nearby_stops": [
          {
            "distance": 56.43231260128007,
            "id": "5-3273",
            "mode_name": "Regional Coach",
            "name": "River St/Midland Hwy"
          }
        ],
        "reliability_score": 14.285715103149414,
        "route_ids": [
          "aus:vic:vic-05-V22:",
          "aus:vic:vic-05-V02:"
        ]
      }
    },
    {
      "type": "Feature",
      "geometry": {
        "type": "Point",
        "coordinates": [
          144.36036933,
          -38.14722853
        ]
      },
      "properties": {
        "average_wait_time": 354.24725341796875,
        "color": "#e74c3c",
        "connectivity_score": 29.057144165039062,
        "coverage_score": 20.0,
        "frequency_score": 10.5,
        "id": "5-17681",
        "mode_id": 5,
        "mode_name": "Regional Coach",
        "name": "Moorabool St/Malop St ",
        "nearby_stops": [],
        "reliability_score": 71.42857360839844,
        "route_ids": [
          "aus:vic:vic-05-V50:",
          "aus:vic:vic-05-GVL:"
        ]
      }
    },
    {
      "type": "Feature",
      "geometry": {
        "type": "Point",
        "coordinates": [
          145.59198276,
          -38.59584868
        ]
      },
      "properties": {
        "average_wait_time": 410.86669921875,
        "color": "#e74c3c",
        "connectivity_score": 11.271429061889648,
        "coverage_score": 10.0,
        "frequency_score": 10.5,
        "id": "5-44157",
        "mode_id": 5,
        "mode_name": "Regional Coach",
        "name": "Miners Rest Hotel/137 McKenzie St",
        "nearby_stops": [
          {
            "distance": 21.03158114209934,
            "id": "5-17963",
            "mode_name": "Regional Coach",
            "name": "Miners Rest Hotel/138 McKenzie St"
          }
        ],
        "reliability_score": 14.285715103149414,
        "route_ids": [
          "aus:vic:vic-05-V15:"
        ]
      }
    },
    {
      "type": "Feature",
      "geometry": {
        "type": "Point",
        "coordinates": [
          144.04223726,
          -37.3672211
        ]
      },
      "properties": {
        "average_wait_time": 999.0000610351562,
        "color": "#e74c3c",
        "connectivity_score": 7.0714287757873535,
        "coverage_score": 10.0,
        "frequency_score": 0.0,
        "id": "5-17149",
        "mode_id": 5,
        "mode_name": "Regional Coach",
        "name": "Hotel/Midland Hwy",
        "nearby_stops": [
          {
            "distance": 39.54571640311502,
            "id": "5-17150",
            "mode_name": "Regional Coach",
            "name": "Hotel/Midland Hwy"
          }
        ],
        "reliability_score": 14.285715103149414,
        "route_ids": [
          "aus:vic:vic-05-V22:"
        ]
      }
    },
    {
      "type": "Feature",
      "geometry": {
        "type": "Point",
        "coordinates": [
          143.88458126,
          -37.64863951
        ]
      },
      "properties": {
        "average_wait_time": 658.1000366210938,
        "color": "#e74c3c",
        "connectivity_score": 12.971427917480469,
        "coverage_score": 20.0,
        "frequency_score": 6.0,
        "id": "5-15666",
        "mode_id": 5,
        "mode_name": "Regional Coach",
        "name": "Forest St/Warrenheip St",
        "nearby_stops": [
          {
            "distance": 39.855477730016936,
            "id": "5-14929",
            "mode_name": "Regional Coach",
            "name": "Forest St/Warrenheip St"
          }
        ],
        "reliability_score": 14.285715103149414,
        "route_ids": [
          "aus:vic:vic-05-V22:",
          "aus:vic:vic-05-V02:"
        ]
      }
    },
    {
      "type": "Feature",
      "geometry": {
        "type": "Point",
        "coordinates": [
          145.3101722,
          -36.50947563
        ]
      },
      "properties": {
        "average_wait_time": 999.0000610351562,
        "color": "#e74c3c",
        "connectivity_score": 7.0714287757873535,
        "coverage_score": 10.0,
        "frequency_score": 0.0,
        "id": "5-52110",
        "mode_id": 5,
        "mode_name": "Regional Coach",
        "name": "Cross Lane/Toolamba Rd",
        "nearby_stops": [],
        "reliability_score": 14.285715103149414,
        "route_ids": [
          "aus:vic:vic-05-V41:"
        ]
      }
    },
    {
      "type": "Feature",
      "geometry": {
        "type": "Point",
        "coordinates": [
          143.94887798,
          -37.33173391
        ]
      },
      "properties": {
        "average_wait_time": 635.0,
        "color": "#e74c3c",
        "connectivity_score": 9.471428871154785,
        "coverage_score": 10.0,
        "frequency_score": 6.0,
        "id": "5-20881",
        "mode_id": 5,
        "mode_name": "Regional Coach",
        "name": "Cumberland Hotel/Creswick-Newstead Rd",
        "nearby_stops": [
          {
            "distance": 50.192353234973545,
            "id": "5-42020",
            "mode_name": "Regional Coach",
            "name": "Cumberland Hotel/Creswick-Newstead Rd"
          }
        ],
        "reliability_score": 14.285715103149414,
        "route_ids": [
          "aus:vic:vic-05-V32:"
        ]
      }
    },
    {
      "type": "Feature",
      "geometry": {
        "type": "Point",
        "coordinates": [
          143.56195282,
          -37.68801262
        ]
      },
      "properties": {
        "average_wait_time": 345.98333740234375,
        "color": "#e74c3c",
        "connectivity_score": 18.371429443359375,
        "coverage_score": 20.0,
        "frequency_score": 19.5,
        "id": "5-17770",
        "mode_id": 5,
        "mode_name": "Regional Coach",
        "name": "General Store/Glenelg Hwy",
        "nearby_stops": [
          {
            "distance": 33.90997782154735,
            "id": "5-17769",
            "mode_name": "Regional Coach",
            "name": "General Store/Glenelg Hwy"
          }
        ],
        "reliability_score": 14.285715103149414,
        "route_ids": [
          "aus:vic:vic-05-V06:",
          "aus:vic:vic-05-V29:"
        ]
      }
    },
    {
      "type": "Feature",
      "geometry": {
        "type": "Point",
        "coordinates": [
          145.04752566,
          -36.31438202
        ]
      },
      "properties": {
        "average_wait_time": 368.5500183105469,
        "color": "#e74c3c",
        "connectivity_score": 18.27142906188965,
        "coverage_score": 30.0,
        "frequency_score": 10.5,
        "id": "5-15122",
        "mode_id": 5,
        "mode_name": "Regional Coach",
        "name": "Transit Centre/Union St",
        "nearby_stops": [],
        "reliability_score": 14.285715103149414,
        "route_ids": [
          "aus:vic:vic-05-EC2:",
          "aus:vic:vic-05-V31:",
          "aus:vic:vic-05-V07:"
        ]
      }
    },
    {
      "type": "Feature",
      "geometry": {
        "type": "Point",
        "coordinates": [
          144.60811569,
          -36.49535167
        ]
      },
      "properties": {
        "average_wait_time": 362.8333435058594,
        "color": "#e74c3c",
        "connectivity_score": 21.77142906188965,
        "coverage_score": 40.0,
        "frequency_score": 10.5,
        "id": "5-15103",
        "mode_id": 5,
        "mode_name": "Regional Coach",
        "name": "Cardwell St/Northern Hwy ",
        "nearby_stops": [
          {
            "distance": 25.049997446089293,
            "id": "5-15102",
            "mode_name": "Regional Coach",
            "name": "Elmore Station/Northern Hwy "
          }
        ],
        "reliability_score": 14.285715103149414,
        "route_ids": [
          "aus:vic:vic-05-V11:",
          "aus:vic:vic-05-V20:",
          "aus:vic:vic-05-ECH:",
          "aus:vic:vic-05-V10:"
        ]
      }
    },
    {
      "type": "Feature",
      "geometry": {
        "type": "Point",
        "coordinates": [
          144.2576433,
          -38.34940236
        ]
      },
      "properties": {
        "average_wait_time": 351.0250244140625,
        "color": "#e74c3c",
        "connectivity_score": 31.457143783569336,
        "coverage_score": 20.0,
        "frequency_score": 16.5,
        "id": "5-17694",
        "mode_id": 5,
        "mode_name": "Regional Coach",
        "name": "Adiscott Rd/Great Ocean Rd",
        "nearby_stops": [
          {
            "distance": 23.520123589529188,
            "id": "5-17693",
            "mode_name": "Regional Coach",
            "name": "Adiscott Rd/Great Ocean Rd"
          }
        ],
        "reliability_score": 71.42857360839844,
        "route_ids": [
          "aus:vic:vic-05-GVL:",
          "aus:vic:vic-05-V50:"
        ]
      }
    },
    {
      "type": "Feature",
      "geometry": {
        "type": "Point",
        "coordinates": [
          143.84824314,
          -37.56062774
        ]
      },
      "properties": {
        "average_wait_time": 414.0000305175781,
        "color": "#e74c3c",
        "connectivity_score": 14.771429061889648,
        "coverage_score": 20.0,
        "frequency_score": 10.5,
        "id": "5-35029",
        "mode_id": 5,
        "mode_name": "Regional Coach",
        "name": "Ballarat Base Hospital/Sturt St",
        "nearby_stops": [
          {
            "distance": 52.312741748519876,
            "id": "5-35120",
            "mode_name": "Regional Coach",
            "name": "Ballarat Base Hospital/Sturt St"
          },
          {
            "distance": 180.1664400633209,
            "id": "5-49915",
            "mode_name": "Regional Coach",
            "name": "Ballarat Base Hospital/Sturt St"
          },
          {
            "distance": 255.3353067962384,
            "id": "5-49917",
            "mode_name": "Regional Coach",
            "name": "Ballarat Base Hospital/Sturt St"
          }
        ],
        "reliability_score": 14.285715103149414,
        "route_ids": [
          "aus:vic:vic-05-V37:"
        ]
      }
    },
    {
      "type": "Feature",
      "geometry": {
        "type": "Point",
        "coordinates": [
          143.86884013,
          -37.5755384
        ]
      },
      "properties": {
        "average_wait_time": 637.0,
        "color": "#e74c3c",
        "connectivity_score": 9.471428871154785,
        "coverage_score": 10.0,
        "frequency_score": 6.0,
        "id": "5-35426",
        "mode_id": 5,
        "mode_name": "Regional Coach",
        "name": "Sovereign Hill/Main Rd ",
        "nearby_stops": [
          {
            "distance": 38.92159819360993,
            "id": "5-35476",
            "mode_name": "Regional Coach",
            "name": "Sovereign Hill/Main Rd "
          }
        ],
        "reliability_score": 14.285715103149414,
        "route_ids": [
          "aus:vic:vic-05-V22:"
        ]
      }
    },
    {
      "type": "Feature",
      "geometry": {
        "type": "Point",
        "coordinates": [
          144.28033956,
          -38.08951068
        ]
      },
      "properties": {
        "average_wait_time": 388.20001220703125,
        "color": "#e74c3c",
        "connectivity_score": 14.771429061889648,
        "coverage_score": 20.0,
        "frequency_score": 10.5,
        "id": "5-3273",
        "mode_id": 5,
        "mode_name": "Regional Coach",
        "name": "River St/Midland Hwy",
        "nearby_stops": [
          {
            "distance": 56.43231260128007,
            "id": "5-3279",
            "mode_name": "Regional Coach",
            "name": "River St/Midland Hwy"
          }
        ],
        "reliability_score": 14.285715103149414,
        "route_ids": [
          "aus:vic:vic-05-V02:",
          "aus:vic:vic-05-V22:"
        ]
      }
    },
    {
      "type": "Feature",
      "geometry": {
        "type": "Point",
        "coordinates": [
          144.10697476,
          -38.45874193
        ]
      },
      "properties": {
        "average_wait_time": 351.780029296875,
        "color": "#e74c3c",
        "connectivity_score": 31.457143783569336,
        "coverage_score": 20.0,
        "frequency_score": 16.5,
        "id": "5-17701",
        "mode_id": 5,
        "mode_name": "Regional Coach",
        "name": "Post Office/Great Ocean Rd",
        "nearby_stops": [
          {
            "distance": 37.047778326916934,
            "id": "5-17702",
            "mode_name": "Regional Coach",
            "name": "Post Office/Great Ocean Rd"
          }
        ],
        "reliability_score": 71.42857360839844,
        "route_ids": [
          "aus:vic:vic-05-GVL:",
          "aus:vic:vic-05-V50:"
        ]
      }
    },
    {
      "type": "Feature",
      "geometry": {
        "type": "Point",
        "coordinates": [
          142.5215768,
          -37.13434462
        ]
      },
      "properties": {
        "average_wait_time": 638.2000122070312,
        "color": "#e74c3c",
        "connectivity_score": 9.471428871154785,
        "coverage_score": 10.0,
        "frequency_score": 6.0,
        "id": "5-46102",
        "mode_id": 5,
        "mode_name": "Regional Coach",
        "name": "Recreation Reserve/Grampians Rd",
        "nearby_stops": [
          {
            "distance": 15.052353817538394,
            "id": "5-46103",
            "mode_name": "Regional Coach",
            "name": "Recreation Reserve/Grampians Rd"
          }
        ],
        "reliability_score": 14.285715103149414,
        "route_ids": [
          "aus:vic:vic-05-V24:"
        ]
      }
    },
    {
      "type": "Feature",
      "geometry": {
        "type": "Point",
        "coordinates": [
          144.07666963,
          -37.84606605
        ]
      },
      "properties": {
        "average_wait_time": 635.2667236328125,
        "color": "#e74c3c",
        "connectivity_score": 12.971427917480469,
        "coverage_score": 20.0,
        "frequency_score": 6.0,
        "id": "5-4833",
        "mode_id": 5,
        "mode_name": "Regional Coach",
        "name": "Lawler St/Midland Hwy",
        "nearby_stops": [
          {
            "distance": 23.644373649205267,
            "id": "5-4807",
            "mode_name": "Regional Coach",
            "name": "Lawler St/Midland Hwy"
          }
        ],
        "reliability_score": 14.285715103149414,
        "route_ids": [
          "aus:vic:vic-05-V02:",
          "aus:vic:vic-05-V22:"
        ]
      }
    },
    {
      "type": "Feature",
      "geometry": {
        "type": "Point",
        "coordinates": [
          144.18657248,
          -38.40899313
        ]
      },
      "properties": {
        "average_wait_time": 351.375,
        "color": "#e74c3c",
        "connectivity_score": 31.457143783569336,
        "coverage_score": 20.0,
        "frequency_score": 16.5,
        "id": "5-17697",
        "mode_id": 5,
        "mode_name": "Regional Coach",
        "name": "Anglesea Motor Inn/Great Ocean Rd",
        "nearby_stops": [
          {
            "distance": 24.8474211057,
            "id": "5-17698",
            "mode_name": "Regional Coach",
            "name": "Anglesea Motor Inn/Great Ocean Rd"
          }
        ],
        "reliability_score": 71.42857360839844,
        "route_ids": [
          "aus:vic:vic-05-GVL:",
          "aus:vic:vic-05-V50:"
        ]
      }
    },
    {
      "type": "Feature",
      "geometry": {
        "type": "Point",
        "coordinates": [
          142.32199843,
          -38.10663989
        ]
      },
      "properties": {
        "average_wait_time": 999.0000610351562,
        "color": "#e74c3c",
        "connectivity_score": 7.0714287757873535,
        "coverage_score": 10.0,
        "frequency_score": 0.0,
        "id": "5-2310",
        "mode_id": 5,
        "mode_name": "Regional Coach",
        "name": "Austin St/Penhurst-Warrnambool Rd",
        "nearby_stops": [
          {
            "distance": 76.19171400626414,
            "id": "5-2366",
            "mode_name": "Regional Coach",
            "name": "Austin St/Penhurst-Warrnambool Rd"
          }
        ],
        "reliability_score": 14.285715103149414,
        "route_ids": [
          "aus:vic:vic-05-V16:"
        ]
      }
    },
    {
      "type": "Feature",
      "geometry": {
        "type": "Point",
        "coordinates": [
          144.95170761,
          -37.29495217
        ]
      },
      "properties": {
        "average_wait_time": 599.6000366210938,
        "color": "#e74c3c",
        "connectivity_score": 26.571428298950195,
        "coverage_score": 20.0,
        "frequency_score": 40.0,
        "id": "5-13761",
        "mode_id": 5,
        "mode_name": "Regional Coach",
        "name": "Hudson Park/Sydney St",
        "nearby_stops": [
          {
            "distance": 94.07571820401263,
            "id": "5-13762",
            "mode_name": "Regional Coach",
            "name": "Hudson Park/Sydney St"
          }
        ],
        "reliability_score": 14.285715103149414,
        "route_ids": [
          "aus:vic:vic-05-V07:"
        ]
      }
    },
    {
      "type": "Feature",
      "geometry": {
        "type": "Point",
        "coordinates": [
          143.83322443,
          -36.77156957
        ]
      },
      "properties": {
        "average_wait_time": 637.2000122070312,
        "color": "#e74c3c",
        "connectivity_score": 12.971427917480469,
        "coverage_score": 20.0,
        "frequency_score": 6.0,
        "id": "5-17133",
        "mode_id": 5,
        "mode_name": "Regional Coach",
        "name": "Poverty St/Commercial Rd",
        "nearby_stops": [
          {
            "distance": 75.66529173326613,
            "id": "5-17130",
            "mode_name": "Regional Coach",
            "name": "Poverty St/Commercial Rd"
          }
        ],
        "reliability_score": 14.285715103149414,
        "route_ids": [
          "aus:vic:vic-05-V19:",
          "aus:vic:vic-05-V03:"
        ]
      }
    },
    {
      "type": "Feature",
      "geometry": {
        "type": "Point",
        "coordinates": [
          142.58749215,
          -36.46002462
        ]
      },
      "properties": {
        "average_wait_time": 769.9500122070312,
        "color": "#e74c3c",
        "connectivity_score": 8.871429443359375,
        "coverage_score": 10.0,
        "frequency_score": 4.5,
        "id": "5-17813",
        "mode_id": 5,
        "mode_name": "Regional Coach",
        "name": "Main St/Church St",
        "nearby_stops": [
          {
            "distance": 32.18096296812587,
            "id": "5-17812",
            "mode_name": "Regional Coach",
            "name": "Main St/Church St"
          }
        ],
        "reliability_score": 14.285715103149414,
        "route_ids": [
          "aus:vic:vic-05-V38:"
        ]
      }
    },
    {
      "type": "Feature",
      "geometry": {
        "type": "Point",
        "coordinates": [
          145.11808242,
          -37.51245704
        ]
      },
      "properties": {
        "average_wait_time": 713.4000244140625,
        "color": "#e74c3c",
        "connectivity_score": 9.471428871154785,
        "coverage_score": 10.0,
        "frequency_score": 6.0,
        "id": "5-7739",
        "mode_id": 5,
        "mode_name": "Regional Coach",
        "name": "Walnut St/Church St",
        "nearby_stops": [
          {
            "distance": 65.45560024122128,
            "id": "5-7694",
            "mode_name": "Regional Coach",
            "name": "Church St/Walnut St"
          }
        ],
        "reliability_score": 14.285715103149414,
        "route_ids": [
          "aus:vic:vic-05-V28:"
        ]
      }
    },
    {
      "type": "Feature",
      "geometry": {
        "type": "Point",
        "coordinates": [
          144.72784792,
          -36.13250894
        ]
      },
      "properties": {
        "average_wait_time": 640.4000244140625,
        "color": "#e74c3c",
        "connectivity_score": 12.971427917480469,
        "coverage_score": 20.0,
        "frequency_score": 6.0,
        "id": "5-49302",
        "mode_id": 5,
        "mode_name": "Regional Coach",
        "name": "Echuca BP/73-85 Murray Valley Hwy",
        "nearby_stops": [],
        "reliability_score": 14.285715103149414,
        "route_ids": [
          "aus:vic:vic-05-V47:",
          "aus:vic:vic-05-V31:"
        ]
      }
    },
    {
      "type": "Feature",
      "geometry": {
        "type": "Point",
        "coordinates": [
          143.7834358,
          -38.33619006
        ]
      },
      "properties": {
        "average_wait_time": 699.6000366210938,
        "color": "#e74c3c",
        "connectivity_score": 19.071430206298828,
        "coverage_score": 10.0,
        "frequency_score": 30.000001907348633,
        "id": "5-2767",
        "mode_id": 5,
        "mode_name": "Regional Coach",
        "name": "Austin St/Warncoort-Birregurra Rd",
        "nearby_stops": [
          {
            "distance": 34.06928287416148,
            "id": "5-41703",
            "mode_name": "Regional Coach",
            "name": "Austin St/Warncoort-Birregurra Rd"
          }
        ],
        "reliability_score": 14.285715103149414,
        "route_ids": [
          "aus:vic:vic-05-WBL:"
        ]
      }
    },
    {
      "type": "Feature",
      "geometry": {
        "type": "Point",
        "coordinates": [
          145.31839716,
          -38.15897638
        ]
      },
      "properties": {
        "average_wait_time": 354.0068359375,
        "color": "#e74c3c",
        "connectivity_score": 11.271429061889648,
        "coverage_score": 10.0,
        "frequency_score": 10.5,
        "id": "5-17338",
        "mode_id": 5,
        "mode_name": "Regional Coach",
        "name": "Clyde-Five Ways Rd/South Gippsland Hwy",
        "nearby_stops": [
          {
            "distance": 62.47190036563853,
            "id": "5-17337",
            "mode_name": "Regional Coach",
            "name": "Clyde-Five Ways Rd/South Gippsland Hwy"
          }
        ],
        "reliability_score": 14.285715103149414,
        "route_ids": [
          "aus:vic:vic-05-V15:"
        ]
      }
    },
    {
      "type": "Feature",
      "geometry": {
        "type": "Point",
        "coordinates": [
          145.54462971,
          -38.3254822
        ]
      },
      "properties": {
        "average_wait_time": 336.8125,
        "color": "#e74c3c",
        "connectivity_score": 11.271429061889648,
        "coverage_score": 10.0,
        "frequency_score": 10.5,
        "id": "5-44134",
        "mode_id": 5,
        "mode_name": "Regional Coach",
        "name": "Bay Rd/Bass Hwy",
        "nearby_stops": [
          {
            "distance": 124.84965795837684,
            "id": "5-44131",
            "mode_name": "Regional Coach",
            "name": "Bay Rd/Bass Hwy"
          }
        ],
        "reliability_score": 14.285715103149414,
        "route_ids": [
          "aus:vic:vic-05-V15:"
        ]
      }
    },
    {
      "type": "Feature",
      "geometry": {
        "type": "Point",
        "coordinates": [
          142.79377641,
          -34.70110102
        ]
      },
      "properties": {
        "average_wait_time": 774.1500244140625,
        "color": "#e74c3c",
        "connectivity_score": 8.871429443359375,
        "coverage_score": 10.0,
        "frequency_score": 4.5,
        "id": "5-16967",
        "mode_id": 5,
        "mode_name": "Regional Coach",
        "name": "Fitzgerald Rd/Robinvale - Sea Lake Rd",
        "nearby_stops": [
          {
            "distance": 0.9991954647251778,
            "id": "5-49924",
            "mode_name": "Regional Coach",
            "name": "Fitzgerald Rd/Robinvale - Seal Lake Rd "
          }
        ],
        "reliability_score": 14.285715103149414,
        "route_ids": [
          "aus:vic:vic-05-V35:"
        ]
      }
    },
    {
      "type": "Feature",
      "geometry": {
        "type": "Point",
        "coordinates": [
          145.44752435,
          -38.52634636
        ]
      },
      "properties": {
        "average_wait_time": 327.388916015625,
        "color": "#e74c3c",
        "connectivity_score": 11.271429061889648,
        "coverage_score": 10.0,
        "frequency_score": 10.5,
        "id": "5-17377",
        "mode_id": 5,
        "mode_name": "Regional Coach",
        "name": "Anderson Bus Interchange/Bass Hwy",
        "nearby_stops": [],
        "reliability_score": 14.285715103149414,
        "route_ids": [
          "aus:vic:vic-05-V15:"
        ]
      }
    },
    {
      "type": "Feature",
      "geometry": {
        "type": "Point",
        "coordinates": [
          145.28117867,
          -38.50273776
        ]
      },
      "properties": {
        "average_wait_time": 408.9000244140625,
        "color": "#e74c3c",
        "connectivity_score": 11.271429061889648,
        "coverage_score": 10.0,
        "frequency_score": 10.5,
        "id": "5-37988",
        "mode_id": 5,
        "mode_name": "Regional Coach",
        "name": "Sunderland Bay/Phillip Island Rd",
        "nearby_stops": [
          {
            "distance": 14.546240670569864,
            "id": "5-37999",
            "mode_name": "Regional Coach",
            "name": "Sunderland Bay/Phillip Island Rd"
          }
        ],
        "reliability_score": 14.285715103149414,
        "route_ids": [
          "aus:vic:vic-05-V15:"
        ]
      }
    },
    {
      "type": "Feature",
      "geometry": {
        "type": "Point",
        "coordinates": [
          143.81308822,
          -37.04905498
        ]
      },
      "properties": {
        "average_wait_time": 345.70001220703125,
        "color": "#e74c3c",
        "connectivity_score": 11.271429061889648,
        "coverage_score": 10.0,
        "frequency_score": 10.5,
        "id": "5-17138",
        "mode_id": 5,
        "mode_name": "Regional Coach",
        "name": "Carisbrook General Store/Green St",
        "nearby_stops": [
          {
            "distance": 8.998870771729806,
            "id": "5-17139",
            "mode_name": "Regional Coach",
            "name": "Carisbrook General Store/Green St"
          }
        ],
        "reliability_score": 14.285715103149414,
        "route_ids": [
          "aus:vic:vic-05-V27:"
        ]
      }
    },
    {
      "type": "Feature",
      "geometry": {
        "type": "Point",
        "coordinates": [
          145.38105461,
          -38.21374733
        ]
      },
      "properties": {
        "average_wait_time": 362.5500183105469,
        "color": "#e74c3c",
        "connectivity_score": 11.271429061889648,
        "coverage_score": 10.0,
        "frequency_score": 10.5,
        "id": "5-17340",
        "mode_id": 5,
        "mode_name": "Regional Coach",
        "name": "Mickle St/South Gippsland Hwy",
        "nearby_stops": [
          {
            "distance": 54.25128898397368,
            "id": "5-17339",
            "mode_name": "Regional Coach",
            "name": "Lyall St/South Gippsland Hwy"
          }
        ],
        "reliability_score": 14.285715103149414,
        "route_ids": [
          "aus:vic:vic-05-V15:"
        ]
      }
    },
    {
      "type": "Feature",
      "geometry": {
        "type": "Point",
        "coordinates": [
          145.4063409,
          -36.38381597
        ]
      },
      "properties": {
        "average_wait_time": 332.07501220703125,
        "color": "#e74c3c",
        "connectivity_score": 31.171428680419922,
        "coverage_score": 60.0,
        "frequency_score": 16.5,
        "id": "5-15126",
        "mode_id": 5,
        "mode_name": "Regional Coach",
        "name": "Shepparton Station/Purcell St ",
        "nearby_stops": [],
        "reliability_score": 14.285715103149414,
        "route_ids": [
          "aus:vic:vic-05-V41:",
          "aus:vic:vic-05-V47:",
          "aus:vic:vic-05-EC2:",
          "aus:vic:vic-05-V31:",
          "aus:vic:vic-05-V11:",
          "aus:vic:vic-05-V07:"
        ]
      }
    },
    {
      "type": "Feature",
      "geometry": {
        "type": "Point",
        "coordinates": [
          145.47845237,
          -35.92573517
        ]
      },
      "properties": {
        "average_wait_time": 625.0,
        "color": "#e74c3c",
        "connectivity_score": 12.971427917480469,
        "coverage_score": 20.0,
        "frequency_score": 6.0,
        "id": "5-17573",
        "mode_id": 5,
        "mode_name": "Regional Coach",
        "name": "Maguire St/Murray Valley Hwy",
        "nearby_stops": [
          {
            "distance": 99.16151414648472,
            "id": "5-17572",
            "mode_name": "Regional Coach",
            "name": "Maguire St/Murray Valley Hwy"
          }
        ],
        "reliability_score": 14.285715103149414,
        "route_ids": [
          "aus:vic:vic-05-V31:",
          "aus:vic:vic-05-V41:"
        ]
      }
    },
    {
      "type": "Feature",
      "geometry": {
        "type": "Point",
        "coordinates": [
          146.68679406,
          -36.35914849
        ]
      },
      "properties": {
        "average_wait_time": 351.0333251953125,
        "color": "#e74c3c",
        "connectivity_score": 11.271429061889648,
        "coverage_score": 10.0,
        "frequency_score": 10.5,
        "id": "5-18685",
        "mode_id": 5,
        "mode_name": "Regional Coach",
        "name": "Ford St/Camp St",
        "nearby_stops": [],
        "reliability_score": 14.285715103149414,
        "route_ids": [
          "aus:vic:vic-05-mtb:"
        ]
      }
    },
    {
      "type": "Feature",
      "geometry": {
        "type": "Point",
        "coordinates": [
          143.9412643,
          -36.60144718
        ]
      },
      "properties": {
        "average_wait_time": 657.0,
        "color": "#e74c3c",
        "connectivity_score": 12.971427917480469,
        "coverage_score": 20.0,
        "frequency_score": 6.0,
        "id": "5-16248",
        "mode_id": 5,
        "mode_name": "Regional Coach",
        "name": "Bridgewater/Calder Hwy ",
        "nearby_stops": [
          {
            "distance": 26.76812787256589,
            "id": "5-16247",
            "mode_name": "Regional Coach",
            "name": "Bridgewater/Calder Hwy "
          }
        ],
        "reliability_score": 14.285715103149414,
        "route_ids": [
          "aus:vic:vic-05-V39:",
          "aus:vic:vic-05-SWL:"
        ]
      }
    },
    {
      "type": "Feature",
      "geometry": {
        "type": "Point",
        "coordinates": [
          147.08003285,
          -37.96509257
        ]
      },
      "properties": {
        "average_wait_time": 649.5,
        "color": "#e74c3c",
        "connectivity_score": 12.971427917480469,
        "coverage_score": 20.0,
        "frequency_score": 6.0,
        "id": "5-16304",
        "mode_id": 5,
        "mode_name": "Regional Coach",
        "name": "Memorial Park/Princes Hwy",
        "nearby_stops": [
          {
            "distance": 165.6215992154318,
            "id": "5-16305",
            "mode_name": "Regional Coach",
            "name": "Post Office/Hobson St"
          },
          {
            "distance": 269.27833128953847,
            "id": "5-52562",
            "mode_name": "Regional Coach",
            "name": "Stratford Station/Dixon St "
          }
        ],
        "reliability_score": 14.285715103149414,
        "route_ids": [
          "aus:vic:vic-05-BDE:"
        ]
      }
    },
    {
      "type": "Feature",
      "geometry": {
        "type": "Point",
        "coordinates": [
          145.23882229,
          -38.45876448
        ]
      },
      "properties": {
        "average_wait_time": 410.5,
        "color": "#e74c3c",
        "connectivity_score": 11.271429061889648,
        "coverage_score": 10.0,
        "frequency_score": 10.5,
        "id": "5-17382",
        "mode_id": 5,
        "mode_name": "Regional Coach",
        "name": "Walton St/Thompson Ave",
        "nearby_stops": [
          {
            "distance": 41.5699880714178,
            "id": "5-17381",
            "mode_name": "Regional Coach",
            "name": "Walton St/Thompson Ave"
          }
        ],
        "reliability_score": 14.285715103149414,
        "route_ids": [
          "aus:vic:vic-05-V15:"
        ]
      }
    },
    {
      "type": "Feature",
      "geometry": {
        "type": "Point",
        "coordinates": [
          149.875214,
          -36.93050765
        ]
      },
      "properties": {
        "average_wait_time": 774.300048828125,
        "color": "#e74c3c",
        "connectivity_score": 8.871429443359375,
        "coverage_score": 10.0,
        "frequency_score": 4.5,
        "id": "5-20866",
        "mode_id": 5,
        "mode_name": "Regional Coach",
        "name": "Bennet Lane",
        "nearby_stops": [],
        "reliability_score": 14.285715103149414,
        "route_ids": [
          "aus:vic:vic-05-V09:"
        ]
      }
    },
    {
      "type": "Feature",
      "geometry": {
        "type": "Point",
        "coordinates": [
          144.75361054,
          -36.13111127
        ]
      },
      "properties": {
        "average_wait_time": 335.7900085449219,
        "color": "#e74c3c",
        "connectivity_score": 25.27142906188965,
        "coverage_score": 50.0,
        "frequency_score": 10.5,
        "id": "5-20877",
        "mode_id": 5,
        "mode_name": "Regional Coach",
        "name": "Echuca Station/Sturt St ",
        "nearby_stops": [],
        "reliability_score": 14.285715103149414,
        "route_ids": [
          "aus:vic:vic-05-V20:",
          "aus:vic:vic-05-V47:",
          "aus:vic:vic-05-EC2:",
          "aus:vic:vic-05-V31:",
          "aus:vic:vic-05-ECH:"
        ]
      }
    },
    {
      "type": "Feature",
      "geometry": {
        "type": "Point",
        "coordinates": [
          145.92276243,
          -36.41122623
        ]
      },
      "properties": {
        "average_wait_time": 632.4000244140625,
        "color": "#e74c3c",
        "connectivity_score": 9.471428871154785,
        "coverage_score": 10.0,
        "frequency_score": 6.0,
        "id": "5-17236",
        "mode_id": 5,
        "mode_name": "Regional Coach",
        "name": "Victory Park/Hall Rd",
        "nearby_stops": [
          {
            "distance": 19.791967514382048,
            "id": "5-17237",
            "mode_name": "Regional Coach",
            "name": "Victory Park/Hall Rd"
          }
        ],
        "reliability_score": 14.285715103149414,
        "route_ids": [
          "aus:vic:vic-05-V36:"
        ]
      }
    },
    {
      "type": "Feature",
      "geometry": {
        "type": "Point",
        "coordinates": [
          144.96150876,
          -35.52873121
        ]
      },
      "properties": {
        "average_wait_time": 999.0000610351562,
        "color": "#e74c3c",
        "connectivity_score": 7.0714287757873535,
        "coverage_score": 10.0,
        "frequency_score": 0.0,
        "id": "5-15111",
        "mode_id": 5,
        "mode_name": "Regional Coach",
        "name": "344 Whitelock St",
        "nearby_stops": [],
        "reliability_score": 14.285715103149414,
        "route_ids": [
          "aus:vic:vic-05-V20:"
        ]
      }
    },
    {
      "type": "Feature",
      "geometry": {
        "type": "Point",
        "coordinates": [
          145.87756173,
          -36.1638443
        ]
      },
      "properties": {
        "average_wait_time": 439.25,
        "color": "#e74c3c",
        "connectivity_score": 11.271429061889648,
        "coverage_score": 10.0,
        "frequency_score": 10.5,
        "id": "5-17243",
        "mode_id": 5,
        "mode_name": "Regional Coach",
        "name": "Saunders Reserve/Middleton St",
        "nearby_stops": [
          {
            "distance": 21.17062264285923,
            "id": "5-17242",
            "mode_name": "Regional Coach",
            "name": "Saunders Reserve/Middleton St"
          }
        ],
        "reliability_score": 14.285715103149414,
        "route_ids": [
          "aus:vic:vic-05-V36:"
        ]
      }
    },
    {
      "type": "Feature",
      "geometry": {
        "type": "Point",
        "coordinates": [
          142.87314252,
          -36.66862448
        ]
      },
      "properties": {
        "average_wait_time": 626.4000244140625,
        "color": "#e74c3c",
        "connectivity_score": 9.471428871154785,
        "coverage_score": 10.0,
        "frequency_score": 6.0,
        "id": "5-20828",
        "mode_id": 5,
        "mode_name": "Regional Coach",
        "name": "Grain Silo/Wimmera Hwy",
        "nearby_stops": [],
        "reliability_score": 14.285715103149414,
        "route_ids": [
          "aus:vic:vic-05-V03:"
        ]
      }
    },
    {
      "type": "Feature",
      "geometry": {
        "type": "Point",
        "coordinates": [
          143.78361419,
          -38.3287985
        ]
      },
      "properties": {
        "average_wait_time": 999.0000610351562,
        "color": "#e74c3c",
        "connectivity_score": 7.0714287757873535,
        "coverage_score": 10.0,
        "frequency_score": 0.0,
        "id": "5-52531",
        "mode_id": 5,
        "mode_name": "Regional Coach",
        "name": "Birregurra Station/Birregurra Rd ",
        "nearby_stops": [],
        "reliability_score": 14.285715103149414,
        "route_ids": [
          "aus:vic:vic-05-WBL:"
        ]
      }
    },
    {
      "type": "Feature",
      "geometry": {
        "type": "Point",
        "coordinates": [
          145.36133151,
          -36.39407805
        ]
      },
      "properties": {
        "average_wait_time": 337.6097412109375,
        "color": "#e74c3c",
        "connectivity_score": 28.77142906188965,
        "coverage_score": 60.0,
        "frequency_score": 10.5,
        "id": "5-15123",
        "mode_id": 5,
        "mode_name": "Regional Coach",
        "name": "Mill St/McLennan St",
        "nearby_stops": [
          {
            "distance": 58.61629693629994,
            "id": "5-15124",
            "mode_name": "Regional Coach",
            "name": "Mill St/Midland Hwy"
          }
        ],
        "reliability_score": 14.285715103149414,
        "route_ids": [
          "aus:vic:vic-05-V07:",
          "aus:vic:vic-05-V47:",
          "aus:vic:vic-05-V11:",
          "aus:vic:vic-05-V31:",
          "aus:vic:vic-05-EC2:",
          "aus:vic:vic-05-V41:"
        ]
      }
    },
    {
      "type": "Feature",
      "geometry": {
        "type": "Point",
        "coordinates": [
          146.85541565,
          -36.10955958
        ]
      },
      "properties": {
        "average_wait_time": 999.0000610351562,
        "color": "#e74c3c",
        "connectivity_score": 7.0714287757873535,
        "coverage_score": 10.0,
        "frequency_score": 0.0,
        "id": "5-37347",
        "mode_id": 5,
        "mode_name": "Regional Coach",
        "name": "Wodonga TAFE/87 McKoy St",
        "nearby_stops": [],
        "reliability_score": 14.285715103149414,
        "route_ids": [
          "aus:vic:vic-05-ABY:"
        ]
      }
    },
    {
      "type": "Feature",
      "geometry": {
        "type": "Point",
        "coordinates": [
          142.5873767,
          -36.46029056
        ]
      },
      "properties": {
        "average_wait_time": 769.9500122070312,
        "color": "#e74c3c",
        "connectivity_score": 8.871429443359375,
        "coverage_score": 10.0,
        "frequency_score": 4.5,
        "id": "5-17812",
        "mode_id": 5,
        "mode_name": "Regional Coach",
        "name": "Main St/Church St",
        "nearby_stops": [
          {
            "distance": 32.18096296812587,
            "id": "5-17813",
            "mode_name": "Regional Coach",
            "name": "Main St/Church St"
          }
        ],
        "reliability_score": 14.285715103149414,
        "route_ids": [
          "aus:vic:vic-05-V38:"
        ]
      }
    },
    {
      "type": "Feature",
      "geometry": {
        "type": "Point",
        "coordinates": [
          144.15571428,
          -36.83884022
        ]
      },
      "properties": {
        "average_wait_time": 614.6000366210938,
        "color": "#e74c3c",
        "connectivity_score": 9.471428871154785,
        "coverage_score": 10.0,
        "frequency_score": 6.0,
        "id": "5-40741",
        "mode_id": 5,
        "mode_name": "Regional Coach",
        "name": "Roadside Store/Calder Alternative Hwy",
        "nearby_stops": [
          {
            "distance": 22.38823940421019,
            "id": "5-47914",
            "mode_name": "Regional Coach",
            "name": "Roadside Store/Calder Alternative Hwy"
          }
        ],
        "reliability_score": 14.285715103149414,
        "route_ids": [
          "aus:vic:vic-05-V32:"
        ]
      }
    },
    {
      "type": "Feature",
      "geometry": {
        "type": "Point",
        "coordinates": [
          144.32291062,
          -37.38957398
        ]
      },
      "properties": {
        "average_wait_time": 373.60833740234375,
        "color": "#e74c3c",
        "connectivity_score": 11.271429061889648,
        "coverage_score": 10.0,
        "frequency_score": 10.5,
        "id": "5-20916",
        "mode_id": 5,
        "mode_name": "Regional Coach",
        "name": "Trentham Milk Bar/Market St",
        "nearby_stops": [],
        "reliability_score": 14.285715103149414,
        "route_ids": [
          "aus:vic:vic-05-V18:"
        ]
      }
    },
    {
      "type": "Feature",
      "geometry": {
        "type": "Point",
        "coordinates": [
          145.12626139,
          -37.81860473
        ]
      },
      "properties": {
        "average_wait_time": 678.4000244140625,
        "color": "#e74c3c",
        "connectivity_score": 9.471428871154785,
        "coverage_score": 10.0,
        "frequency_score": 6.0,
        "id": "5-39770",
        "mode_id": 5,
        "mode_name": "Regional Coach",
        "name": "Watts St/Whitehorse Rd",
        "nearby_stops": [
          {
            "distance": 85.53066676086974,
            "id": "5-5102",
            "mode_name": "Regional Coach",
            "name": "Watts St/Whitehorse Rd"
          }
        ],
        "reliability_score": 14.285715103149414,
        "route_ids": [
          "aus:vic:vic-05-V28:"
        ]
      }
    },
    {
      "type": "Feature",
      "geometry": {
        "type": "Point",
        "coordinates": [
          146.32387945,
          -38.6648001
        ]
      },
      "properties": {
        "average_wait_time": 634.1333618164062,
        "color": "#e74c3c",
        "connectivity_score": 9.471428871154785,
        "coverage_score": 10.0,
        "frequency_score": 6.0,
        "id": "5-17360",
        "mode_id": 5,
        "mode_name": "Regional Coach",
        "name": "Newsagency/Stanley St",
        "nearby_stops": [],
        "reliability_score": 14.285715103149414,
        "route_ids": [
          "aus:vic:vic-05-V52:"
        ]
      }
    },
    {
      "type": "Feature",
      "geometry": {
        "type": "Point",
        "coordinates": [
          145.18506081,
          -37.81730874
        ]
      },
      "properties": {
        "average_wait_time": 676.4000244140625,
        "color": "#e74c3c",
        "connectivity_score": 9.471428871154785,
        "coverage_score": 10.0,
        "frequency_score": 6.0,
        "id": "5-46512",
        "mode_id": 5,
        "mode_name": "Regional Coach",
        "name": "Walker Park/Whitehorse Rd",
        "nearby_stops": [
          {
            "distance": 3.2319839713911462,
            "id": "5-20900",
            "mode_name": "Regional Coach",
            "name": "Walker Park/Whitehorse Rd"
          }
        ],
        "reliability_score": 14.285715103149414,
        "route_ids": [
          "aus:vic:vic-05-V28:"
        ]
      }
    },
    {
      "type": "Feature",
      "geometry": {
        "type": "Point",
        "coordinates": [
          142.52887409,
          -37.15672318
        ]
      },
      "properties": {
        "average_wait_time": 310.70001220703125,
        "color": "#e74c3c",
        "connectivity_score": 22.071428298950195,
        "coverage_score": 10.0,
        "frequency_score": 37.5,
        "id": "5-51744",
        "mode_id": 5,
        "mode_name": "Regional Coach",
        "name": "Brambuk the National Park and Cultural Centre/Grampians Rd",
        "nearby_stops": [
          {
            "distance": 17.459476086688078,
            "id": "5-51745",
            "mode_name": "Regional Coach",
            "name": "Brambuk the National Park and Cultural Centre/Grampians Rd"
          }
        ],
        "reliability_score": 14.285715103149414,
        "route_ids": [
          "aus:vic:vic-05-V24:"
        ]
      }
    },
    {
      "type": "Feature",
      "geometry": {
        "type": "Point",
        "coordinates": [
          145.46033167,
          -35.99934582
        ]
      },
      "properties": {
        "average_wait_time": 624.2000122070312,
        "color": "#e74c3c",
        "connectivity_score": 12.971427917480469,
        "coverage_score": 20.0,
        "frequency_score": 6.0,
        "id": "5-17575",
        "mode_id": 5,
        "mode_name": "Regional Coach",
        "name": "General Store/Numurkah Rd",
        "nearby_stops": [
          {
            "distance": 11.461798084051253,
            "id": "5-17574",
            "mode_name": "Regional Coach",
            "name": "General Store/Numurkah Rd"
          }
        ],
        "reliability_score": 14.285715103149414,
        "route_ids": [
          "aus:vic:vic-05-V31:",
          "aus:vic:vic-05-V41:"
        ]
      }
    },
    {
      "type": "Feature",
      "geometry": {
        "type": "Point",
        "coordinates": [
          143.88013047,
          -37.62800593
        ]
      },
      "properties": {
        "average_wait_time": 999.0000610351562,
        "color": "#e74c3c",
        "connectivity_score": 7.0714287757873535,
        "coverage_score": 10.0,
        "frequency_score": 0.0,
        "id": "5-16268",
        "mode_id": 5,
        "mode_name": "Regional Coach",
        "name": "Gear Ave/Warrenheip St",
        "nearby_stops": [
          {
            "distance": 23.059600074290174,
            "id": "5-16267",
            "mode_name": "Regional Coach",
            "name": "Gear Ave/Warrenheip St"
          }
        ],
        "reliability_score": 14.285715103149414,
        "route_ids": [
          "aus:vic:vic-05-V02:"
        ]
      }
    },
    {
      "type": "Feature",
      "geometry": {
        "type": "Point",
        "coordinates": [
          143.86975263,
          -36.57562799
        ]
      },
      "properties": {
        "average_wait_time": 658.800048828125,
        "color": "#e74c3c",
        "connectivity_score": 12.971427917480469,
        "coverage_score": 20.0,
        "frequency_score": 6.0,
        "id": "5-16250",
        "mode_id": 5,
        "mode_name": "Regional Coach",
        "name": "Inglewood/Grant St ",
        "nearby_stops": [
          {
            "distance": 53.66266999015778,
            "id": "5-16249",
            "mode_name": "Regional Coach",
            "name": "Inglewood/Grant St "
          }
        ],
        "reliability_score": 14.285715103149414,
        "route_ids": [
          "aus:vic:vic-05-V39:",
          "aus:vic:vic-05-SWL:"
        ]
      }
    },
    {
      "type": "Feature",
      "geometry": {
        "type": "Point",
        "coordinates": [
          142.42462333,
          -35.3449836
        ]
      },
      "properties": {
        "average_wait_time": 999.0000610351562,
        "color": "#e74c3c",
        "connectivity_score": 10.571428298950195,
        "coverage_score": 20.0,
        "frequency_score": 0.0,
        "id": "5-17978",
        "mode_id": 5,
        "mode_name": "Regional Coach",
        "name": "General Store/Sunraysia Hwy",
        "nearby_stops": [
          {
            "distance": 41.784710612093264,
            "id": "5-17977",
            "mode_name": "Regional Coach",
            "name": "General Store/Sunraysia Hwy"
          }
        ],
        "reliability_score": 14.285715103149414,
        "route_ids": [
          "aus:vic:vic-05-V34:",
          "aus:vic:vic-05-V38:"
        ]
      }
    },
    {
      "type": "Feature",
      "geometry": {
        "type": "Point",
        "coordinates": [
          143.55105207,
          -36.78816908
        ]
      },
      "properties": {
        "average_wait_time": 765.1500244140625,
        "color": "#e74c3c",
        "connectivity_score": 8.871429443359375,
        "coverage_score": 10.0,
        "frequency_score": 4.5,
        "id": "5-17129",
        "mode_id": 5,
        "mode_name": "Regional Coach",
        "name": "Corner Store/Main St",
        "nearby_stops": [
          {
            "distance": 18.173525635854435,
            "id": "5-17128",
            "mode_name": "Regional Coach",
            "name": "Corner Store/Main St"
          }
        ],
        "reliability_score": 14.285715103149414,
        "route_ids": [
          "aus:vic:vic-05-V19:"
        ]
      }
    },
    {
      "type": "Feature",
      "geometry": {
        "type": "Point",
        "coordinates": [
          145.85505521,
          -38.13583038
        ]
      },
      "properties": {
        "average_wait_time": 606.7000122070312,
        "color": "#e74c3c",
        "connectivity_score": 14.271429061889648,
        "coverage_score": 10.0,
        "frequency_score": 18.0,
        "id": "5-21706",
        "mode_id": 5,
        "mode_name": "Regional Coach",
        "name": "Drouin Station/Princes Way",
        "nearby_stops": [],
        "reliability_score": 14.285715103149414,
        "route_ids": [
          "aus:vic:vic-05-TRN:"
        ]
      }
    },
    {
      "type": "Feature",
      "geometry": {
        "type": "Point",
        "coordinates": [
          142.80480419,
          -38.08095414
        ]
      },
      "properties": {
        "average_wait_time": 999.0000610351562,
        "color": "#e74c3c",
        "connectivity_score": 7.0714287757873535,
        "coverage_score": 10.0,
        "frequency_score": 0.0,
        "id": "5-1937",
        "mode_id": 5,
        "mode_name": "Regional Coach",
        "name": "Webster St/Dunlop St",
        "nearby_stops": [
          {
            "distance": 29.3122405075612,
            "id": "5-1613",
            "mode_name": "Regional Coach",
            "name": "Webster St/Dunlop St"
          }
        ],
        "reliability_score": 14.285715103149414,
        "route_ids": [
          "aus:vic:vic-05-V06:"
        ]
      }
    },
    {
      "type": "Feature",
      "geometry": {
        "type": "Point",
        "coordinates": [
          142.63140943,
          -36.63140682
        ]
      },
      "properties": {
        "average_wait_time": 633.4000244140625,
        "color": "#e74c3c",
        "connectivity_score": 19.97142791748047,
        "coverage_score": 40.0,
        "frequency_score": 6.0,
        "id": "5-17810",
        "mode_id": 5,
        "mode_name": "Regional Coach",
        "name": "Walter St/Cromie St",
        "nearby_stops": [
          {
            "distance": 62.855710322177124,
            "id": "5-17811",
            "mode_name": "Regional Coach",
            "name": "Walter St/Cromie St"
          }
        ],
        "reliability_score": 14.285715103149414,
        "route_ids": [
          "aus:vic:vic-05-V37:",
          "aus:vic:vic-05-V38:",
          "aus:vic:vic-05-V03:"
        ]
      }
    },
    {
      "type": "Feature",
      "geometry": {
        "type": "Point",
        "coordinates": [
          144.16644304,
          -37.14898874
        ]
      },
      "properties": {
        "average_wait_time": 416.20001220703125,
        "color": "#e74c3c",
        "connectivity_score": 14.771429061889648,
        "coverage_score": 20.0,
        "frequency_score": 10.5,
        "id": "5-17146",
        "mode_id": 5,
        "mode_name": "Regional Coach",
        "name": "Guildford General Store/Midland Hwy",
        "nearby_stops": [
          {
            "distance": 31.06213466799264,
            "id": "5-17147",
            "mode_name": "Regional Coach",
            "name": "Guildford General Store/Midland Hwy"
          }
        ],
        "reliability_score": 14.285715103149414,
        "route_ids": [
          "aus:vic:vic-05-V27:",
          "aus:vic:vic-05-V22:"
        ]
      }
    },
    {
      "type": "Feature",
      "geometry": {
        "type": "Point",
        "coordinates": [
          149.84212225,
          -36.67383504
        ]
      },
      "properties": {
        "average_wait_time": 999.0000610351562,
        "color": "#e74c3c",
        "connectivity_score": 7.0714287757873535,
        "coverage_score": 10.0,
        "frequency_score": 0.0,
        "id": "5-20869",
        "mode_id": 5,
        "mode_name": "Regional Coach",
        "name": "Carp St/Church St",
        "nearby_stops": [],
        "reliability_score": 14.285715103149414,
        "route_ids": [
          "aus:vic:vic-05-V09:"
        ]
      }
    },
    {
      "type": "Feature",
      "geometry": {
        "type": "Point",
        "coordinates": [
          143.97473281,
          -36.33189349
        ]
      },
      "properties": {
        "average_wait_time": 609.800048828125,
        "color": "#e74c3c",
        "connectivity_score": 11.871429443359375,
        "coverage_score": 10.0,
        "frequency_score": 12.0,
        "id": "5-46412",
        "mode_id": 5,
        "mode_name": "Regional Coach",
        "name": "Loddon Valley Hwy",
        "nearby_stops": [
          {
            "distance": 18.545285064784288,
            "id": "5-43843",
            "mode_name": "Regional Coach",
            "name": "Loddon Valley Hwy"
          }
        ],
        "reliability_score": 14.285715103149414,
        "route_ids": [
          "aus:vic:vic-05-V35:"
        ]
      }
    },
    {
      "type": "Feature",
      "geometry": {
        "type": "Point",
        "coordinates": [
          145.53905057,
          -37.1673095
        ]
      },
      "properties": {
        "average_wait_time": 393.0500183105469,
        "color": "#e74c3c",
        "connectivity_score": 14.771429061889648,
        "coverage_score": 20.0,
        "frequency_score": 10.5,
        "id": "5-18672",
        "mode_id": 5,
        "mode_name": "Regional Coach",
        "name": "General Store/Goulburn Valley Hwy",
        "nearby_stops": [
          {
            "distance": 13.097348518014472,
            "id": "5-18673",
            "mode_name": "Regional Coach",
            "name": "General Store/Goulburn Valley Hwy"
          }
        ],
        "reliability_score": 14.285715103149414,
        "route_ids": [
          "aus:vic:vic-05-als:",
          "aus:vic:vic-05-V28:"
        ]
      }
    },
    {
      "type": "Feature",
      "geometry": {
        "type": "Point",
        "coordinates": [
          148.43224435,
          -37.73541589
        ]
      },
      "properties": {
        "average_wait_time": 622.300048828125,
        "color": "#e74c3c",
        "connectivity_score": 12.971427917480469,
        "coverage_score": 20.0,
        "frequency_score": 6.0,
        "id": "5-46431",
        "mode_id": 5,
        "mode_name": "Regional Coach",
        "name": "Warrens Rd/Princes Hwy",
        "nearby_stops": [
          {
            "distance": 36.54544829961123,
            "id": "5-20862",
            "mode_name": "Regional Coach",
            "name": "Warrens Rd/Princes Hwy"
          }
        ],
        "reliability_score": 14.285715103149414,
        "route_ids": [
          "aus:vic:vic-05-V09:",
          "aus:vic:vic-05-V25:"
        ]
      }
    },
    {
      "type": "Feature",
      "geometry": {
        "type": "Point",
        "coordinates": [
          140.66653323,
          -35.29674998
        ]
      },
      "properties": {
        "average_wait_time": 638.4000244140625,
        "color": "#e74c3c",
        "connectivity_score": 9.471428871154785,
        "coverage_score": 10.0,
        "frequency_score": 6.0,
        "id": "5-20846",
        "mode_id": 5,
        "mode_name": "Regional Coach",
        "name": "Parilla Store/Mallee Hwy",
        "nearby_stops": [],
        "reliability_score": 14.285715103149414,
        "route_ids": [
          "aus:vic:vic-05-V47:"
        ]
      }
    },
    {
      "type": "Feature",
      "geometry": {
        "type": "Point",
        "coordinates": [
          144.20793494,
          -37.07218844
        ]
      },
      "properties": {
        "average_wait_time": 376.1500244140625,
        "color": "#e74c3c",
        "connectivity_score": 11.271429061889648,
        "coverage_score": 10.0,
        "frequency_score": 10.5,
        "id": "5-35586",
        "mode_id": 5,
        "mode_name": "Regional Coach",
        "name": "Elizabeth St/Johnstone St",
        "nearby_stops": [
          {
            "distance": 38.510129240141126,
            "id": "5-48745",
            "mode_name": "Regional Coach",
            "name": "Elizabeth St/Johnstone St"
          }
        ],
        "reliability_score": 14.285715103149414,
        "route_ids": [
          "aus:vic:vic-05-V27:"
        ]
      }
    },
    {
      "type": "Feature",
      "geometry": {
        "type": "Point",
        "coordinates": [
          145.9468419,
          -38.54669107
        ]
      },
      "properties": {
        "average_wait_time": 407.9000244140625,
        "color": "#e74c3c",
        "connectivity_score": 11.271429061889648,
        "coverage_score": 10.0,
        "frequency_score": 10.5,
        "id": "5-47101",
        "mode_id": 5,
        "mode_name": "Regional Coach",
        "name": "Koala Dr/Swan Rd",
        "nearby_stops": [],
        "reliability_score": 14.285715103149414,
        "route_ids": [
          "aus:vic:vic-05-V52:"
        ]
      }
    },
    {
      "type": "Feature",
      "geometry": {
        "type": "Point",
        "coordinates": [
          145.93267463,
          -38.16520242
        ]
      },
      "properties": {
        "average_wait_time": 610.86669921875,
        "color": "#e74c3c",
        "connectivity_score": 11.871429443359375,
        "coverage_score": 10.0,
        "frequency_score": 12.0,
        "id": "5-47670",
        "mode_id": 5,
        "mode_name": "Regional Coach",
        "name": "Warragul Station/Alfred St",
        "nearby_stops": [
          {
            "distance": 208.6372317217998,
            "id": "5-37766",
            "mode_name": "Regional Coach",
            "name": "Warragul Station/Queen St"
          }
        ],
        "reliability_score": 14.285715103149414,
        "route_ids": [
          "aus:vic:vic-05-TRN:"
        ]
      }
    },
    {
      "type": "Feature",
      "geometry": {
        "type": "Point",
        "coordinates": [
          147.24791468,
          -35.83298801
        ]
      },
      "properties": {
        "average_wait_time": 599.4000244140625,
        "color": "#e74c3c",
        "connectivity_score": 23.071428298950195,
        "coverage_score": 10.0,
        "frequency_score": 40.0,
        "id": "5-20821",
        "mode_id": 5,
        "mode_name": "Regional Coach",
        "name": "BP Service Station/Hume Hwy",
        "nearby_stops": [],
        "reliability_score": 14.285715103149414,
        "route_ids": [
          "aus:vic:vic-05-V14:"
        ]
      }
    },
    {
      "type": "Feature",
      "geometry": {
        "type": "Point",
        "coordinates": [
          146.97530665,
          -37.96637901
        ]
      },
      "properties": {
        "average_wait_time": 452.20001220703125,
        "color": "#e74c3c",
        "connectivity_score": 11.271429061889648,
        "coverage_score": 10.0,
        "frequency_score": 10.5,
        "id": "5-17782",
        "mode_id": 5,
        "mode_name": "Regional Coach",
        "name": "Pearson St/Johnson St",
        "nearby_stops": [],
        "reliability_score": 14.285715103149414,
        "route_ids": [
          "aus:vic:vic-05-V43:"
        ]
      }
    }
  ]
}